"id","ats_name","company_name","job_name","job_description","headquarter","location","job_url","job_uploaded_at","employment_type","ingested_at","rn"
214,ashby,Applied Intuition,People Business Partner,"Applied Intuition, Inc. is powering the future of physical AI. Founded in 2017 and now valued at $15 billion, the Silicon Valley company is creating the digital infrastructure needed to bring intelligence to every moving machine on the planet. Applied Intuition services the automotive, defense, trucking, construction, mining and agriculture industries in three core areas: tools and infrastructure, operating systems, and autonomy. Eighteen of the top 20 global automakers, as well as the United States military and its allies, trust the company’s solutions to deliver physical intelligence. Applied Intuition is headquartered in Sunnyvale, California, with offices in Washington, D.C.; San Diego; Ft. Walton Beach, Florida; Ann Arbor, Michigan; London; Stuttgart; Munich; Stockholm; Bangalore; Seoul; and Tokyo. Learn more at applied.co http://applied.co.

We are an in-office company, and our expectation is that full-time employees primarily work from their Applied Intuition office 5 days a week. However, we also recognize the importance of flexibility and trust our employees to manage their schedules responsibly. This may include occasional remote work, starting the day with morning meetings from home before heading to the office, or leaving earlier when needed to accommodate family commitments. This in-office expectation does not apply to contractor positions

About the role

We are looking for an experienced, strategic People Business Partner to join our team to shape and scale our people strategy. This role will directly influence leadership, drive cultural impact, and enhance operational excellence across the company. As a trusted advisor, you will lead key initiatives and support managers and employees to build a strong, high-performing organization.

 

At Applied Intuition, you will:

 - Own and drive key People functions for your client groups, including manager enablement (talent management, coaching, training), business strategy alignment (workforce planning, change management, analytics), people program development (performance management, compensation, succession planning), and employee relations (PIPs, investigations, terminations, compliance).

 - Use periodic evaluations and frequent touchpoints to identify individual, team, and manager development needs, make recommendations, and partner closely with managers to implement strategies that measurably improve performance, engagement, satisfaction, and retention.

 - Provide guidance and leadership in the following areas: total rewards, leveling, employee engagement, culture development, organizational design, change management, employee communications, and people development.

 - Own the entire employee lifecycle for performance management, development, and advancement.

 - Execute on other People or general operations responsibilities as required by the People team on an ad hoc basis.
   
   

We are looking for someone who has:

 - 8+ years of HRBP experience, within a high-growth tech environment.

 - A high level of both IQ and EQ.

 - Hands-on operational experience facilitating people programs and a thorough knowledge of HR procedures and policies.

 - Strong analytical and problem-solving skills with the ability to organize and interpret data.



Nice to have:

 - Bachelor’s or advanced degree in Human Resources, Organizational Psychology, or a related field.

 - Experience scaling teams in a high-growth tech company through an IPO.

 - Experience partnering with founders to shape people strategies that drive performance, engagement, and organizational success.

 - Experience working in an international company, with a preference for experience in Japan, Korea, or Germany.

Don’t meet every single requirement? If you’re excited about this role but your past experience doesn’t align perfectly with every qualification in the job description, we encourage you to apply anyway. You may be just the right candidate for this or other roles.

Applied Intuition is an equal opportunity employer and federal contractor or subcontractor. Consequently, the parties agree that, as applicable, they will abide by the requirements of 41 CFR 60-1.4(a), 41 CFR 60-300.5(a) and 41 CFR 60-741.5(a) and that these laws are incorporated herein by reference. These regulations prohibit discrimination against qualified individuals based on their status as protected veterans or individuals with disabilities, and prohibit discrimination against all individuals based on their race, color, religion, sex, sexual orientation, gender identity or national origin. These regulations require that covered prime contractors and subcontractors take affirmative action to employ and advance in employment individuals without regard to race, color, religion, sex, sexual orientation, gender identity, national origin, protected veteran status or disability. The parties also agree that, as applicable, they will abide by the requirements of Executive Order 13496 (29 CFR Part 471, Appendix A to Subpart A), relating to the notice of employee rights under federal labor laws.

FOR US-BASED ROLES: Applied Intuition is committed to providing an accessible and inclusive application and interview experience to applicants who are disabled veterans and other applicants with disabilities or medical conditions. Reasonable accommodations are available, requesting an accommodation will not affect your candidacy in any way, and you are not required to disclose the nature of your disability or medical condition in order to make a request.
If you require an accommodation please contact careers@applied.co. We will work with you!",US,Tokyo,https://jobs.ashbyhq.com/applied/521b5e5f-cc3b-4735-8b11-d3bc27b98c01,"2026-06-11T04:11:12.471+00:00",FullTime,2026-09-01 15:11:44.538 +0700,1
384,ashby,Applied Intuition,Simulation Engineer,"Applied Intuition, Inc. is powering the future of physical AI. Founded in 2017 and now valued at $15 billion, the Silicon Valley company is creating the digital infrastructure needed to bring intelligence to every moving machine on the planet. Applied Intuition services the automotive, defense, trucking, construction, mining and agriculture industries in three core areas: tools and infrastructure, operating systems, and autonomy. Eighteen of the top 20 global automakers, as well as the United States military and its allies, trust the company’s solutions to deliver physical intelligence. Applied Intuition is headquartered in Sunnyvale, California, with offices in Washington, D.C.; San Diego; Ft. Walton Beach, Florida; Ann Arbor, Michigan; London; Stuttgart; Munich; Stockholm; Bangalore; Seoul; and Tokyo. Learn more at applied.co http://applied.co.

We are an in-office company, and our expectation is that full-time employees primarily work from their Applied Intuition office 5 days a week. However, we also recognize the importance of flexibility and trust our employees to manage their schedules responsibly. This may include occasional remote work, starting the day with morning meetings from home before heading to the office, or leaving earlier when needed to accommodate family commitments. This in-office expectation does not apply to contractor positions

We are looking for simulation engineers interested in designing elegant solutions to difficult problems in the autonomy and mobility space. Simulation Application Engineers work with external and internal users to develop VehicleSim and ADP based applications and models. Our engineers source valuable feedback from users to effectively drive and influence product direction. At Applied Intuition, we encourage engineers to take ownership over technical and product decisions, closely interact with users to collect feedback, and contribute to a thoughtful, dynamic team culture.



At Applied, you will:

 - Develop new applications that can be used and then modified by automotive customers to improve their simulations

 - Collaborate closely with our automotive customers to provide technical support and collect data for new feature development

 - Create thorough documentation for new and existing software applications

 - Test and provide feedback for new versions of our software

 - Work closely with cross functional team to develop and conduct customer training remotely and onsite



We're looking for someone who has:

 - A MS in Mechanical Engineering or a BS with relevant industry experience

 - 5+ years of hands on experience in the automotive industry

 - Experience using simulation software such as CarSim, Simulink, CarMaker, Adams, or similar tools

 - Evaluated vehicle dynamics behavior at the system level such as response to driver controls

 - Experience evaluating Advanced Driver Assistance Systems at the system level

 - Familiarity using AI tooling to accelerate development safely



Nice to have:

 - Familiarity or experience using our products (CarSim, BikeSim, TruckSim, and SuspensionSim)

 - Experience creating new projects (steering, braking, or other AV/ADAS enabling controllers) using our products and MATLAB/Simulink.

 - Ability to program as needed to support automation and integration of multiple software tools

 - Worked with automotive driving simulators and real-time simulation systems such as DSPACE, Concurrent, NI, and VI-Grade.

 - Experience with Unreal Game Engine

Don’t meet every single requirement? If you’re excited about this role but your past experience doesn’t align perfectly with every qualification in the job description, we encourage you to apply anyway. You may be just the right candidate for this or other roles.

Applied Intuition is an equal opportunity employer and federal contractor or subcontractor. Consequently, the parties agree that, as applicable, they will abide by the requirements of 41 CFR 60-1.4(a), 41 CFR 60-300.5(a) and 41 CFR 60-741.5(a) and that these laws are incorporated herein by reference. These regulations prohibit discrimination against qualified individuals based on their status as protected veterans or individuals with disabilities, and prohibit discrimination against all individuals based on their race, color, religion, sex, sexual orientation, gender identity or national origin. These regulations require that covered prime contractors and subcontractors take affirmative action to employ and advance in employment individuals without regard to race, color, religion, sex, sexual orientation, gender identity, national origin, protected veteran status or disability. The parties also agree that, as applicable, they will abide by the requirements of Executive Order 13496 (29 CFR Part 471, Appendix A to Subpart A), relating to the notice of employee rights under federal labor laws.

FOR US-BASED ROLES: Applied Intuition is committed to providing an accessible and inclusive application and interview experience to applicants who are disabled veterans and other applicants with disabilities or medical conditions. Reasonable accommodations are available, requesting an accommodation will not affect your candidacy in any way, and you are not required to disclose the nature of your disability or medical condition in order to make a request.
If you require an accommodation please contact careers@applied.co. We will work with you!",US,Ann Arbor,https://jobs.ashbyhq.com/applied/e9905141-0bfe-4e24-b83a-ebc9698ffe41,"2026-06-04T18:35:51.620+00:00",FullTime,2026-09-01 15:11:44.538 +0700,2
458,ashby,Aurora,Senior Staff Security Product Architect,"Who we are

Aurora’s mission is to deliver the benefits of self-driving technology safely, quickly, and broadly.

The Aurora Driver https://aurora.tech will create a new era in mobility and logistics, one that will bring a safer, more efficient, and more accessible future to everyone.

At Aurora, you will tackle massively complex problems alongside other passionate, intelligent individuals, growing as an expert while expanding your knowledge. For the latest news from Aurora, visit aurora.tech http://aurora.tech or follow us on LinkedIn https://www.linkedin.com/company/auroradriver.

 

What we are looking for

The mission of Aurora’s OneTech Security Architect team is to embed security into every aspect of Aurora’s products; spanning software, hardware, and services.

As a Senior Staff Security Product Architect, you will serve as a primary technical authority driving the end-to-end security architecture across Aurora’s autonomous vehicle platform, hardware system controls, embedded systems, and connected cloud services.

You will act as a technical liaison between Security, System Engineering, and Product teams across the organization, moving seamlessly between high-level architectural strategy and detailed technical execution to ensure robust, defense-in-depth security is successfully integrated into products developed across the company. Your deep technical expertise, architectural vision, and ability to lead system security design will be essential in safeguarding Aurora’s products and ensuring they meet the highest cybersecurity standards.

The job level is negotiable based on experience. Flexible work locations are available (MTV preferred, SFO, PIT, SEA, BJC. DET, BZN) for US-based employees (Full remote is not available for this role).

In this role, you will

 - Define End-to-End Security Onboard and Offboard Architecture: Design and specify end to end system-level security architectures and trust boundaries across vehicle hardware, onboard systems and software, safety critical ECUs and connected offboard platforms, services, infrastructure and applications.  Establish secure boot flows, cryptographic key management, and hardware security module (HSM/TPM) integrations and secure protocols to protect data at rest, in transit and between cloud to vehicle interactions.

 - Lead Threat Modeling & Design Reviews: Direct threat modeling (e.g., TARA, STRIDE) and vulnerability analysis for complex autonomous cloud and compute systems, sensor suites, networks, and cloud infrastructure.

 - Collaborate with Engineering & Product Teams: Work closely with Product Management, Software and Hardware Development, and Core Security teams to support security requirements and goal development while also translating them  into implementable engineering designs, assess product risk, and protect product integrity.

 - Engage with Suppliers and Tier 1 Partners: Drive architectural security requirements with hardware/software suppliers and Tier 1 development partners, ensuring third-party components and IP meet Aurora’s cybersecurity standards.

 - Build Technical Security Roadmaps: Partner with program management, technical leads, and engineers to develop  roadmaps for key security investments helping resolve cross-functional technical dependencies, and meet standard design patterns within Aurora.

 - Embed Security Assurance & Controls: Develop and enforce architectural security assurance, governance, and risk mitigation strategies into all phases of hardware and software product lifecycle.

Required Qualifications

 - 15+ years of experience in security architecture, system security engineering, or product security roles within automotive, autonomous vehicles, embedded systems, or complex hardware/software systems.

 - Bachelor’s or Master’s degree in Computer Science, Computer Engineering, Electrical Engineering, Cybersecurity, or a related STEM field.

 - Deep technical domain expertise in embedded security principles, hardware security anchors (e.g., Secure Boot, ARM TrustZone, HSMs, TPMs), applied cryptography, and secure protocol design (e.g., SecOC, CAN/Ethernet security, TLS).

 - Proven experience performing architectural security assessments, system-level threat modeling, and secure design reviews for hardware and software platforms.

 - Strong communication and technical leadership skills, with a demonstrated ability to influence cross-functional engineering teams and drive architectural decisions.

Desirable Qualifications

 - Experience with and knowledge of automotive and cloud security standards and regulations, such as ISO/SAE 21434, ASPICE, ISO 27001 or UNECE R155/R156.

 - Strong foundation of experience to successfully engage, communicate and influence OEMs, Tier-1s, Suppliers, or commercial partners in order to further Aurora’s security posture.

 - Practical experience designing secure systems between autonomous vehicle stacks, safety-critical ECUs, off-board telemetry/cloud infrastructures, cloud/cloud applications.

 - Experience building and scaling security architecture frameworks from the ground up in safety-critical or heavily regulated industries.

 - Advanced security architecture or engineering certifications such as CISSP-ISSAP, CISM, or equivalent.

For roles based in Mountain View, CA and Seattle, WA: The salary range for this position is $212,000 - $340,000 per year.

For roles based in Pittsburgh, PA: The salary range for this position is $191,000 - $306,000 per year.

Aurora’s pay ranges are determined by role, level, and location. Within the range, the successful candidate’s starting base pay will be determined based on factors including job-related skills, experience, qualifications, relevant education or training, and market conditions. These ranges may be modified in the future. The successful candidate will also be eligible for an annual bonus, equity compensation, and benefits.



Working at Aurora

At Aurora, we bring together extraordinarily talented and experienced people united by the strength of our values. We operate with integrity, set outrageous goals, and build a culture where we win together — all without any jerks.

We believe in-person work increases collaboration, empathy and our ability to lead effectively. As a result, we operate in a hybrid work environment where Aurorans are in office at least 3 days per week.

Our Careers page https://aurora.tech/careers provides insight into what it is like to work at Aurora, and you can find all the latest updates in our Newsroom https://aurora.tech/newsroom.



Our commitment to safety

At the core of everything we do is our commitment to safety. Building best-in-class self-driving technology will take time, and we believe that each employee at Aurora has a role in contributing to safety, every step of the way. Aurora expects commitment to our safety policies from every employee, and seeks candidates who take an active responsibility, can contribute to building an atmosphere of trust, and invest in the organization’s long-term success by prioritizing working safely, no matter what.



Our commitment to inclusion

Aurora considers candidates without regard to their race, color, religion, national origin, age, sex, gender, gender identity, gender expression, sexual orientation, marital status, pregnancy status, parent or caregiver status, ancestry, political affiliation, veteran and/or military status, physical or mental disability, or any other status protected by federal or state law. Aurora considers qualified applicants with criminal histories, consistent with applicable federal, state, and local law. We are also committed to providing reasonable accommodations for qualified individuals with disabilities and disabled veterans in our job application procedures. If you need assistance or an accommodation due to a disability, you may contact us at careersiteaccommodations@aurora.tech.





For California applicants, information collected and processed as part of your application and any job applications you choose to submit is subject to Aurora’s California Employment Privacy Policy.",US,"Mountain View, CA | Pittsburgh, PA | Seattle, WA",https://jobs.ashbyhq.com/aurora-operations-inc/9a43cb17-483d-49c7-ab7a-6ae3685deebc,"2026-08-13T21:35:48.662+00:00",FullTime,2026-09-01 15:11:44.538 +0700,3
119,ashby,Applied Intuition,Program Manager - People Operations,"Applied Intuition, Inc. is powering the future of physical AI. Founded in 2017 and now valued at $15 billion, the Silicon Valley company is creating the digital infrastructure needed to bring intelligence to every moving machine on the planet. Applied Intuition services the automotive, defense, trucking, construction, mining and agriculture industries in three core areas: tools and infrastructure, operating systems, and autonomy. Eighteen of the top 20 global automakers, as well as the United States military and its allies, trust the company’s solutions to deliver physical intelligence. Applied Intuition is headquartered in Sunnyvale, California, with offices in Washington, D.C.; San Diego; Ft. Walton Beach, Florida; Ann Arbor, Michigan; London; Stuttgart; Munich; Stockholm; Bangalore; Seoul; and Tokyo. Learn more at applied.co http://applied.co.

We are an in-office company, and our expectation is that full-time employees primarily work from their Applied Intuition office 5 days a week. However, we also recognize the importance of flexibility and trust our employees to manage their schedules responsibly. This may include occasional remote work, starting the day with morning meetings from home before heading to the office, or leaving earlier when needed to accommodate family commitments. This in-office expectation does not apply to contractor positions


ABOUT THE ROLE

We are seeking a People Operations Program Manager who brings strong program management and stakeholder management skills to our team. This is an operations-focused role for someone who views the employee lifecycle as an interconnected program that requires structured, systematic execution. The right candidate is a trusted operator who can consistently demonstrate what excellent people program management looks like in practice.


AT APPLIED INTUITION, YOU WILL:

 - Manage and optimize the complete employee lifecycle from onboarding through offboarding, treating each stage as part of a cohesive program

 - Build and maintain documentation systems, process workflows, and program frameworks that scale with the company's growth

 - Design, implement, and scale employee programs that ensure consistent, high-quality experiences across teams and locations

 - Own HR policy development, interpretation, and compliance, including labor and employment law requirements that impact day-to-day operations

 - Partner cross-functionally with Legal, Finance, internal applications and Engineering teams to ensure people programs align with business objectives and regulatory requirements

 - Analyze people operations data and metrics to identify trends, pain points, and opportunities for program improvements


WE'RE LOOKING FOR SOMEONE WHO HAS:

 - 5+ years of experience in people operations, HR generalist, or people program management roles with demonstrated stakeholder management experience

 - Strong program management background with ability to design and optimize processes, integrate feedback, and communicate outcomes across all levels

 - Solid understanding of HR policies, labor and employment law, and compliance requirements

 - Strong analytical mindset with experience using data to drive program improvements and decision-making

 - Proven track record of building scalable processes and documentation that support organizational growth


NICE TO HAVE:

 - Bachelor's degree 

 - Experience in high-growth technology companies, particularly in automotive or autonomous vehicle industries

 - Direct involvement in scaling startups from early-stage to larger organizational structures.

 - Experience with HRIS systems and people analytics tools

 - Background in change management or organizational development

 - Experience working with large datasets

Compensation at Applied Intuition for eligible roles includes base salary, equity, and benefits. Base salary is a single component of the total compensation package, which may also include equity in the form of options and/or restricted stock units, comprehensive health, dental, vision, life and disability insurance coverage, 401k retirement benefits with employer match, learning and wellness stipends, and paid time off. Note that benefits are subject to change and may vary based on jurisdiction of employment.

Applied Intuition pay ranges reflect the minimum and maximum intended target base salary for new hire salaries for the position. The actual base salary offered to a successful candidate will additionally be influenced by a variety of factors including experience, credentials & certifications, educational attainment, skill level requirements, interview performance, and the level and scope of the position.

Don’t meet every single requirement? If you’re excited about this role but your past experience doesn’t align perfectly with every qualification in the job description, we encourage you to apply anyway. You may be just the right candidate for this or other roles.

Applied Intuition is an equal opportunity employer and federal contractor or subcontractor. Consequently, the parties agree that, as applicable, they will abide by the requirements of 41 CFR 60-1.4(a), 41 CFR 60-300.5(a) and 41 CFR 60-741.5(a) and that these laws are incorporated herein by reference. These regulations prohibit discrimination against qualified individuals based on their status as protected veterans or individuals with disabilities, and prohibit discrimination against all individuals based on their race, color, religion, sex, sexual orientation, gender identity or national origin. These regulations require that covered prime contractors and subcontractors take affirmative action to employ and advance in employment individuals without regard to race, color, religion, sex, sexual orientation, gender identity, national origin, protected veteran status or disability. The parties also agree that, as applicable, they will abide by the requirements of Executive Order 13496 (29 CFR Part 471, Appendix A to Subpart A), relating to the notice of employee rights under federal labor laws.

FOR US-BASED ROLES: Applied Intuition is committed to providing an accessible and inclusive application and interview experience to applicants who are disabled veterans and other applicants with disabilities or medical conditions. Reasonable accommodations are available, requesting an accommodation will not affect your candidacy in any way, and you are not required to disclose the nature of your disability or medical condition in order to make a request.
If you require an accommodation please contact careers@applied.co. We will work with you!",US,Sunnyvale,https://jobs.ashbyhq.com/applied/0ebf675f-eab0-43bb-a9d3-a4c1eaa2c00e,"2025-10-29T16:58:05.108+00:00",FullTime,2026-09-01 15:11:44.538 +0700,4
223,ashby,Applied Intuition,"System Safety Engineer, Autonomy Trucking","Applied Intuition, Inc. is powering the future of physical AI. Founded in 2017 and now valued at $15 billion, the Silicon Valley company is creating the digital infrastructure needed to bring intelligence to every moving machine on the planet. Applied Intuition services the automotive, defense, trucking, construction, mining and agriculture industries in three core areas: tools and infrastructure, operating systems, and autonomy. Eighteen of the top 20 global automakers, as well as the United States military and its allies, trust the company’s solutions to deliver physical intelligence. Applied Intuition is headquartered in Sunnyvale, California, with offices in Washington, D.C.; San Diego; Ft. Walton Beach, Florida; Ann Arbor, Michigan; London; Stuttgart; Munich; Stockholm; Bangalore; Seoul; and Tokyo. Learn more at applied.co http://applied.co.

We are an in-office company, and our expectation is that full-time employees primarily work from their Applied Intuition office 5 days a week. However, we also recognize the importance of flexibility and trust our employees to manage their schedules responsibly. This may include occasional remote work, starting the day with morning meetings from home before heading to the office, or leaving earlier when needed to accommodate family commitments. This in-office expectation does not apply to contractor positions


HEAR FROM OUR ENGINEERS




ABOUT THE ROLE

We are looking for a System Safety Engineer with automotive background in ADAS and/or autonomous driving. This engineer will define and manage the safety architecture and requirements for both autonomy software and hardware. This engineer will play a critical role in shaping the technical direction of this project in the automotive industry space.


AT APPLIED INTUITION, YOU WILL:

 - Derive and manage safety concepts, requirements and specifications for autonomy software and hardware for L4 SDS product line

 - Lead efforts for development of safety architecture

 - Perform safety analysis such as FMEA, FTA, STPA and derive relevant safety work and products

 - Work with verification and validation to ensure requirements are being verified throughout the development process

 - Contribute to the overall safety case of the final product

 - Promote a culture of safety within the organization and provide training and guidance on safety practices

 - Monitor and report on safety performance, and implement continuous improvement measures

 - Provide clear goals for all areas of a project and develop steps to oversee their timely execution so that requirements can be met


WE'RE LOOKING FOR SOMEONE WHO HAS:

 - 2+ years of experience in a System Safety Engineering role or Functional Safety Engineering role

 - MS/BS degree in Computer Science, Electrical, Mechanical, Systems Engineering or equivalent required

 - Expertise in mechanical, electrical, and software engineering 

 - Experience with ADAS,  autonomous systems and robotics

 - Knowledge of existing standards and regulations relevant in the automotive industry, esp. ISO 26262, ISO 21448, ISO/DPAS 8800, UL4600 and ongoing activities with regards to ML and safety 

 - Experience with driving safety requirements across the V model from architecture to requirements generation, implementation and verification and validation

 - Mastery of strong collaboration with other teams, customers, and companies to ensure high quality deliverables


NICE TO HAVE:

 - Prior work in either autonomous vehicles or ADAS 

 - Understanding of metrics and how to tie evidence to a safety case

 - Project management and leadership experience in the AV industry 

 - Experience in the AV and robotics fields

 - Experience with the safety of ML systems

Compensation at Applied Intuition for eligible roles includes base salary, equity, and benefits. Base salary is a single component of the total compensation package, which may also include equity in the form of options and/or restricted stock units, comprehensive health, dental, vision, life and disability insurance coverage, 401k retirement benefits with employer match, learning and wellness stipends, and paid time off. Note that benefits are subject to change and may vary based on jurisdiction of employment.

Applied Intuition pay ranges reflect the minimum and maximum intended target base salary for new hire salaries for the position. The actual base salary offered to a successful candidate will additionally be influenced by a variety of factors including experience, credentials & certifications, educational attainment, skill level requirements, interview performance, and the level and scope of the position.

Don’t meet every single requirement? If you’re excited about this role but your past experience doesn’t align perfectly with every qualification in the job description, we encourage you to apply anyway. You may be just the right candidate for this or other roles.

Applied Intuition is an equal opportunity employer and federal contractor or subcontractor. Consequently, the parties agree that, as applicable, they will abide by the requirements of 41 CFR 60-1.4(a), 41 CFR 60-300.5(a) and 41 CFR 60-741.5(a) and that these laws are incorporated herein by reference. These regulations prohibit discrimination against qualified individuals based on their status as protected veterans or individuals with disabilities, and prohibit discrimination against all individuals based on their race, color, religion, sex, sexual orientation, gender identity or national origin. These regulations require that covered prime contractors and subcontractors take affirmative action to employ and advance in employment individuals without regard to race, color, religion, sex, sexual orientation, gender identity, national origin, protected veteran status or disability. The parties also agree that, as applicable, they will abide by the requirements of Executive Order 13496 (29 CFR Part 471, Appendix A to Subpart A), relating to the notice of employee rights under federal labor laws.

FOR US-BASED ROLES: Applied Intuition is committed to providing an accessible and inclusive application and interview experience to applicants who are disabled veterans and other applicants with disabilities or medical conditions. Reasonable accommodations are available, requesting an accommodation will not affect your candidacy in any way, and you are not required to disclose the nature of your disability or medical condition in order to make a request.
If you require an accommodation please contact careers@applied.co. We will work with you!",US,Sunnyvale,https://jobs.ashbyhq.com/applied/59466c8f-a1ff-42b6-9a60-3eeedc95de07,"2024-11-15T22:01:09.967+00:00",FullTime,2026-09-01 15:11:44.538 +0700,5
226,ashby,Applied Intuition,Software Engineer - Physical AI,"Applied Intuition, Inc. is powering the future of physical AI. Founded in 2017 and now valued at $15 billion, the Silicon Valley company is creating the digital infrastructure needed to bring intelligence to every moving machine on the planet. Applied Intuition services the automotive, defense, trucking, construction, mining and agriculture industries in three core areas: tools and infrastructure, operating systems, and autonomy. Eighteen of the top 20 global automakers, as well as the United States military and its allies, trust the company’s solutions to deliver physical intelligence. Applied Intuition is headquartered in Sunnyvale, California, with offices in Washington, D.C.; San Diego; Ft. Walton Beach, Florida; Ann Arbor, Michigan; London; Stuttgart; Munich; Stockholm; Bangalore; Seoul; and Tokyo. Learn more at applied.co http://applied.co.

We are an in-office company, and our expectation is that full-time employees primarily work from their Applied Intuition office 5 days a week. However, we also recognize the importance of flexibility and trust our employees to manage their schedules responsibly. This may include occasional remote work, starting the day with morning meetings from home before heading to the office, or leaving earlier when needed to accommodate family commitments. This in-office expectation does not apply to contractor positions


ABOUT THE ROLE

Applied Intuition is rapidly scaling its defense product ecosystem in Ann Arbor! We're looking for talented software engineers at all levels who are ready to work on some of the hardest challenges in simulation, tooling, and autonomy infrastructure for physical AI.

You'll be a core contributor to Axion, our flagship defense data and tooling platform, building the systems that unify developers and operators in a shared digital environment — accelerating testing, integration, and deployment across all domains. This is not a maintenance role. You'll design, implement, and own software that runs at the edge of what's technically possible, in environments where the stakes are real.

The team sits at the intersection of Applied Intuition's commercial technology velocity and defense-grade requirements, giving you access to a rapidly evolving product suite and direct real-world impact. You'll work in small, high-ownership teams where your code ships, your decisions matter, and your contribution to national security is tangible.


AT APPLIED INTUITION, YOU WILL:

 - Design and implement high-performance software in C++ for Axion, Applied Intuition's defense tooling and data platform

 - Build and extend simulation environments and virtual worlds that enable autonomous systems to be tested and validated before real-world deployment

 - Develop scalable infrastructure that supports multi-domain autonomous operations — from unmanned ground and aerial platforms to broader joint-force integration scenarios

 - Partner with autonomy researchers, product teams, and defense customers to translate mission requirements into robust, mission-ready software solutions

 - Own end-to-end execution of engineering workstreams; from architecture through deployment

 - Contribute to the San Diego site's rapid buildout, helping shape team culture, technical standards, and engineering practices as we scale

 - Interface with DoD programs and defense customers to ensure solutions meet real-world operational demands


WE'RE LOOKING FOR SOMEONE WHO HAS:

 - Professional software engineering experience, with strong C++ at the core

 - Experience with Unreal Engine or other real-time simulation/game engine environments (e.g., Unity, Gazebo, or custom simulation stacks)

 - Solid software engineering fundamentals: systems programming, concurrency, performance optimization, and real-time rendering or simulation pipelines

 - Genuine interest in simulation, autonomy, robotics, or physical AI — you want to understand how your software connects to machines operating in the real world

 - Exposure to or curiosity about multi-domain defense systems — you don't need a defense pedigree, but you're excited to develop one

 - Strong CS/CE/EE (or similar) foundation; you think rigorously about correctness and performance

 - Python proficiency for tooling, scripting, and integration work

 - Comfort with ambiguity; you drive clarity and progress in fast-moving, high-stakes environments

 - Excellent communication skills; you can explain hard technical tradeoffs to both engineers and non-technical stakeholders


NICE TO HAVE:

 - Prior work in simulation for autonomy, robotics, gaming, or defense applications

 - Familiarity with sensor simulation, synthetic data generation, or physics-based environments

 - Experience with distributed systems or real-time data pipelines in constrained environments


SECURITY REQUIREMENTS:

 - Must be a U.S. Citizen

 - Must hold or be eligible for a U.S. Secret security clearance

For more information about U.S. security clearances: click here https://www.state.gov/securityclearances.

Compensation at Applied Intuition for eligible roles includes base salary, equity, and benefits. Base salary is a single component of the total compensation package, which may also include equity in the form of options and/or restricted stock units, comprehensive health, dental, vision, life and disability insurance coverage, 401k retirement benefits with employer match, learning and wellness stipends, and paid time off. Note that benefits are subject to change and may vary based on jurisdiction of employment.

Applied Intuition pay ranges reflect the minimum and maximum intended target base salary for new hire salaries for the position. The actual base salary offered to a successful candidate will additionally be influenced by a variety of factors including experience, credentials & certifications, educational attainment, skill level requirements, interview performance, and the level and scope of the position.

Don't meet every single requirement? If you're excited about this role but your past experience doesn't align perfectly with every qualification in the job description, we encourage you to apply anyway. You may be just the right candidate for this or other roles.

Applied Intuition is an equal opportunity employer and federal contractor or subcontractor. Consequently, the parties agree that, as applicable, they will abide by the requirements of 41 CFR 60-1.4(a), 41 CFR 60-300.5(a) and 41 CFR 60-741.5(a) and that these laws are incorporated herein by reference. These regulations prohibit discrimination against qualified individuals based on their status as protected veterans or individuals with disabilities, and prohibit discrimination against all individuals based on their race, color, religion, sex, sexual orientation, gender identity or national origin. These regulations require that covered prime contractors and subcontractors take affirmative action to employ and advance in employment individuals without regard to race, color, religion, sex, sexual orientation, gender identity, national origin, protected veteran status or disability.

Don’t meet every single requirement? If you’re excited about this role but your past experience doesn’t align perfectly with every qualification in the job description, we encourage you to apply anyway. You may be just the right candidate for this or other roles.

Applied Intuition is an equal opportunity employer and federal contractor or subcontractor. Consequently, the parties agree that, as applicable, they will abide by the requirements of 41 CFR 60-1.4(a), 41 CFR 60-300.5(a) and 41 CFR 60-741.5(a) and that these laws are incorporated herein by reference. These regulations prohibit discrimination against qualified individuals based on their status as protected veterans or individuals with disabilities, and prohibit discrimination against all individuals based on their race, color, religion, sex, sexual orientation, gender identity or national origin. These regulations require that covered prime contractors and subcontractors take affirmative action to employ and advance in employment individuals without regard to race, color, religion, sex, sexual orientation, gender identity, national origin, protected veteran status or disability. The parties also agree that, as applicable, they will abide by the requirements of Executive Order 13496 (29 CFR Part 471, Appendix A to Subpart A), relating to the notice of employee rights under federal labor laws.

FOR US-BASED ROLES: Applied Intuition is committed to providing an accessible and inclusive application and interview experience to applicants who are disabled veterans and other applicants with disabilities or medical conditions. Reasonable accommodations are available, requesting an accommodation will not affect your candidacy in any way, and you are not required to disclose the nature of your disability or medical condition in order to make a request.
If you require an accommodation please contact careers@applied.co. We will work with you!",US,Ann Arbor,https://jobs.ashbyhq.com/applied/5abdcdab-5526-4998-8ef1-55473aa40068,"2026-07-24T15:38:22.589+00:00",FullTime,2026-09-01 15:11:44.538 +0700,6
124,ashby,Applied Intuition,Vehicle Operations Service Manager ,"Applied Intuition, Inc. is powering the future of physical AI. Founded in 2017 and now valued at $15 billion, the Silicon Valley company is creating the digital infrastructure needed to bring intelligence to every moving machine on the planet. Applied Intuition services the automotive, defense, trucking, construction, mining and agriculture industries in three core areas: tools and infrastructure, operating systems, and autonomy. Eighteen of the top 20 global automakers, as well as the United States military and its allies, trust the company’s solutions to deliver physical intelligence. Applied Intuition is headquartered in Sunnyvale, California, with offices in Washington, D.C.; San Diego; Ft. Walton Beach, Florida; Ann Arbor, Michigan; London; Stuttgart; Munich; Stockholm; Bangalore; Seoul; and Tokyo. Learn more at applied.co http://applied.co.

We are an in-office company, and our expectation is that full-time employees primarily work from their Applied Intuition office 5 days a week. However, we also recognize the importance of flexibility and trust our employees to manage their schedules responsibly. This may include occasional remote work, starting the day with morning meetings from home before heading to the office, or leaving earlier when needed to accommodate family commitments. This in-office expectation does not apply to contractor positions


ABOUT TOKYO

Applied Intuition entered the Japan market in 2019. The company has rapidly grown and established strategic relationships with major Japanese automotive OEM customers. Based in the Otemachi area, the Tokyo site consists of more than 70 employees who previously came from Google, Mobileye, Tesla, TIER IV, Woven by Toyota, and other renowned companies.




ABOUT THE ROLE

We are looking for a Service Manager to lead our engineering technician team in Japan. Our test vehicles and rigs are the physical foundation of everything we build — every autonomy release, every customer demonstration, and every on-road validation program depends on them being safe, correctly built, and available when engineers need them.

You'll manage and grow the technician team, run our vehicle service operation end to end, and be the person accountable for fleet readiness, workshop safety, and regulatory compliance in Japan. This is a hands-on management role: you'll spend real time in the shop and on vehicles, not only in planning meetings.

At Applied Intuition, we encourage our teams to take ownership over technical and operational decisions. You'll have wide latitude to build the service function the way it should be built.

 


AT APPLIED INTUITION, YOU WILL:

 - Lead, coach, and grow a team of engineering technicians — setting standards, running reviews, and developing careers

 - Own fleet readiness: plan and prioritize vehicle buildouts, modifications, maintenance, and repairs to minimize downtime for engineering and customer programs

 - Run the workshop as a safe, organized, efficient operation, including tooling, layout and safety procedures.

 - Ensure all vehicle modifications and inspections comply with Japanese safety regulations (保安基準) and 車検 requirements, coordinating 改造申請 and dealings with authorities as needed

 - Partner closely with autonomy engineering, hardware, and vehicle operations teams in Japan and the US, and support OEM customer engagements that involve our vehicles

 


WE'RE LOOKING FOR SOMEONE WHO HAS:

 - 7+ years of technical experience in automotive service, mechanical, electrical, or robotics environments, including 2+ years leading or supervising technicians

 - Practical experience as a certified vehicle inspector (自動車検査員)

 - Working knowledge of Japanese vehicle safety regulations (保安基準) and the review process for vehicle modifications

 - Demonstrated ownership of a service or workshop operation 

 - Strong organization and communication skills, and the judgment to prioritize competing requests from multiple engineering teams

 - Native-level Japanese and business-level English

 


NICE TO HAVE:

 - Commercial truck maintenance and repair experience

 - Experience managing a 認証工場 or 指定工場, or standing up a workshop from scratch

 - Practical experience with AV components such as LiDARs, radars, and cameras

 - Ability to design, draw, and prototype custom harness cables



Don’t meet every single requirement? If you’re excited about this role but your past experience doesn’t align perfectly with every qualification in the job description, we encourage you to apply anyway. You may be just the right candidate for this or other roles.

Applied Intuition is an equal opportunity employer and federal contractor or subcontractor. Consequently, the parties agree that, as applicable, they will abide by the requirements of 41 CFR 60-1.4(a), 41 CFR 60-300.5(a) and 41 CFR 60-741.5(a) and that these laws are incorporated herein by reference. These regulations prohibit discrimination against qualified individuals based on their status as protected veterans or individuals with disabilities, and prohibit discrimination against all individuals based on their race, color, religion, sex, sexual orientation, gender identity or national origin. These regulations require that covered prime contractors and subcontractors take affirmative action to employ and advance in employment individuals without regard to race, color, religion, sex, sexual orientation, gender identity, national origin, protected veteran status or disability. The parties also agree that, as applicable, they will abide by the requirements of Executive Order 13496 (29 CFR Part 471, Appendix A to Subpart A), relating to the notice of employee rights under federal labor laws.

FOR US-BASED ROLES: Applied Intuition is committed to providing an accessible and inclusive application and interview experience to applicants who are disabled veterans and other applicants with disabilities or medical conditions. Reasonable accommodations are available, requesting an accommodation will not affect your candidacy in any way, and you are not required to disclose the nature of your disability or medical condition in order to make a request.
If you require an accommodation please contact careers@applied.co. We will work with you!",US,Tokyo,https://jobs.ashbyhq.com/applied/12721fe9-0e4e-4700-ae7b-0b32c7b3777f,"2026-08-17T09:57:23.222+00:00",FullTime,2026-09-01 15:11:44.538 +0700,7
455,ashby,Aurora,Head of Finance and SCM Technology,"Who we are

Aurora’s mission is to deliver the benefits of self-driving technology safely, quickly, and broadly.

The Aurora Driver https://aurora.tech will create a new era in mobility and logistics, one that will bring a safer, more efficient, and more accessible future to everyone.

At Aurora, you will tackle massively complex problems alongside other passionate, intelligent individuals, growing as an expert while expanding your knowledge. For the latest news from Aurora, visit aurora.tech http://aurora.tech or follow us on LinkedIn https://www.linkedin.com/company/auroradriver.

 

What we are looking for

Aurora hires talented people with diverse backgrounds who are ready to help build a transportation ecosystem that will make our roads safer, get crucial goods where they need to go, and make mobility more efficient and accessible for all. We’re searching for a Director, Head of Finance and ERP Technology, that is be a builder-first technical leader responsible for transforming our global financial applications into a secure, scalable and AI-integrated backbone. Balancing long-term technical vision with deep, hands-on engineering execution, you will eliminate operational fragmentation across our core ERP and cross-functional business platforms to support and scale global operations at Aurora. You are a systems thinker who thrives on designing complex end-to-end financial data pipelines, establishing bulletproof compliance architectures, and deploying cutting-edge AI automation to make our back-office operations as sophisticated as our external products.

In this role, you will

 - Lead ERP Platform & System Orchestration: Set the technical vision and lead the hands-on engineering of our core ERP platform. You will personally model, optimize, and scale business process architectures across a broad footprint including Finance & Accounting, Procure-to-Pay (P2P), Order-to-Cash (O2C), Record-to-Report (R2R), complex Revenue Recognition, and Manufacturing (MRP) environments.

 - Execute Hands-On Financial Architecture: Actively design and build the robust API-driven middleware layers, data workflows, and system crosswalks required to seamlessly integrate our ERP with banking, GTM platforms, and supply chain networks.

 - Deploy AI & Financial Automation: Define and execute our strategy for AI adoption across internal finance platforms. Identify opportunities to replace high-friction manual tasks with AI-powered workflows and build ""internal agents"" to automate business processes.

 - Enforce Compliance & Controls: Architect and embed rigid governance frameworks, IT General Controls (ITGCs), and segregation of duties (SoD) within our systems to ensure flawless auditability, regulatory compliance, and public-company/SOX readiness.

 - Drive Data Governance & Reporting: Establish the Master Data Management (MDM) strategy for financial data objects. Build the technical data infrastructure necessary to ensure absolute data integrity and surface high-fidelity, real-time analytics for the business partners.

 - Collaborate Cross-Functionally: Serve as the principal technical partner to the Finance, Sourcing, Operations, and Security leadership teams, translating complex technical risks, capabilities, and system roadmaps into strategic business outcomes.

Required Qualifications

 - 14+ years of experience leading ERP platforms, financial applications, and solutions engineering, including 6+ years of experience in leadership and management track in high-growth technology or manufacturing environments.

 - Proven, hands-on configuration and architectural mastery of modern cloud ERP systems (e.g., NetSuite, Oracle, SAP). You must understand the underlying database schemas, table relationships, and backend logic rather than just managing functional setups.

 - Deep technical familiarity with end-to-end enterprise workflows across corporate finance, revenue recognition standards, global procurement, and manufacturing resource planning.

 - Extensive experience operating in a public-company environment, with a strong mastery of SOX compliance, system auditing, and security controls.

 - Exceptional ability to map complex global data flows, design secure integrations, and unify disparate enterprise SaaS tools into a coherent operational backbone.

Desirable Qualifications

 - Experience in designing, building, or deploying Agentic AI automation.

 - Advanced expertise in holistic financial systems blueprinting, with a proven track record of architecting multi-platform ecosystems from scratch.

The base salary range for this position is $216,000 - $280,000 per year.  Aurora’s pay ranges are determined by role, level, and location. Within the range, the successful candidate’s starting base pay will be determined based on factors including job-related skills, experience, qualifications, relevant education or training, and market conditions. These ranges may be modified in the future. The successful candidate will also be eligible for an annual bonus, equity compensation, and benefits.



Working at Aurora

At Aurora, we bring together extraordinarily talented and experienced people united by the strength of our values. We operate with integrity, set outrageous goals, and build a culture where we win together — all without any jerks.

We believe in-person work increases collaboration, empathy and our ability to lead effectively. As a result, we operate in a hybrid work environment where Aurorans are in office at least 3 days per week.

Our Careers page https://aurora.tech/careers provides insight into what it is like to work at Aurora, and you can find all the latest updates in our Newsroom https://aurora.tech/newsroom.



Our commitment to safety

At the core of everything we do is our commitment to safety. Building best-in-class self-driving technology will take time, and we believe that each employee at Aurora has a role in contributing to safety, every step of the way. Aurora expects commitment to our safety policies from every employee, and seeks candidates who take an active responsibility, can contribute to building an atmosphere of trust, and invest in the organization’s long-term success by prioritizing working safely, no matter what.



Our commitment to inclusion

Aurora considers candidates without regard to their race, color, religion, national origin, age, sex, gender, gender identity, gender expression, sexual orientation, marital status, pregnancy status, parent or caregiver status, ancestry, political affiliation, veteran and/or military status, physical or mental disability, or any other status protected by federal or state law. Aurora considers qualified applicants with criminal histories, consistent with applicable federal, state, and local law. We are also committed to providing reasonable accommodations for qualified individuals with disabilities and disabled veterans in our job application procedures. If you need assistance or an accommodation due to a disability, you may contact us at careersiteaccommodations@aurora.tech.





For California applicants, information collected and processed as part of your application and any job applications you choose to submit is subject to Aurora’s California Employment Privacy Policy.",US,"Mountain View, CA | San Francisco, CA",https://jobs.ashbyhq.com/aurora-operations-inc/9326405b-35e3-4342-8153-bbc497549fe2,"2026-08-06T14:04:12.834+00:00",FullTime,2026-09-01 15:11:44.538 +0700,8
107,ashby,Applied Intuition,Senior Software Engineer - Maps Infrastructure,"Applied Intuition, Inc. is powering the future of physical AI. Founded in 2017 and now valued at $15 billion, the Silicon Valley company is creating the digital infrastructure needed to bring intelligence to every moving machine on the planet. Applied Intuition services the automotive, defense, trucking, construction, mining and agriculture industries in three core areas: tools and infrastructure, operating systems, and autonomy. Eighteen of the top 20 global automakers, as well as the United States military and its allies, trust the company’s solutions to deliver physical intelligence. Applied Intuition is headquartered in Sunnyvale, California, with offices in Washington, D.C.; San Diego; Ft. Walton Beach, Florida; Ann Arbor, Michigan; London; Stuttgart; Munich; Stockholm; Bangalore; Seoul; and Tokyo. Learn more at applied.co http://applied.co.

We are an in-office company, and our expectation is that full-time employees primarily work from their Applied Intuition office 5 days a week. However, we also recognize the importance of flexibility and trust our employees to manage their schedules responsibly. This may include occasional remote work, starting the day with morning meetings from home before heading to the office, or leaving earlier when needed to accommodate family commitments. This in-office expectation does not apply to contractor positions


ABOUT THE ROLE

We are looking for a senior engineer to own and maintain our HD maps infrastructure. Our product suite uses HD maps to solve our customers' needs in a multitude of applications: calculating localized information, querying data across global-sized maps, as well as visualizing and inspecting maps. This role will have the opportunity to build the future of our maps by collaborating with engineers as well as customers. 


AT APPLIED INTUITION, YOU WILL:

 - Own our maps infrastructure across all of our products

 - Define our map storage format to handle more features and distribute map data focusing on UIs, data pipelines and storage, and SDKs 

 - Collaborate with engineers and customers on existing and future designs and features


WE’RE LOOKING FOR SOMEONE WHO HAS:

 - Experience building software components or (sub) systems that address real-world mapping and localization challenges

 - 2+ years of experience developing in C++ or Python


NICE TO HAVE:

 - Experience working with either autonomous vehicles or simulation products

Compensation at Applied Intuition for eligible roles includes base salary, equity, and benefits. Base salary is a single component of the total compensation package, which may also include equity in the form of options and/or restricted stock units, comprehensive health, dental, vision, life and disability insurance coverage, 401k retirement benefits with employer match, learning and wellness stipends, and paid time off. Note that benefits are subject to change and may vary based on jurisdiction of employment.

Applied Intuition pay ranges reflect the minimum and maximum intended target base salary for new hire salaries for the position. The actual base salary offered to a successful candidate will additionally be influenced by a variety of factors including experience, credentials & certifications, educational attainment, skill level requirements, interview performance, and the level and scope of the position.

Don’t meet every single requirement? If you’re excited about this role but your past experience doesn’t align perfectly with every qualification in the job description, we encourage you to apply anyway. You may be just the right candidate for this or other roles.

Applied Intuition is an equal opportunity employer and federal contractor or subcontractor. Consequently, the parties agree that, as applicable, they will abide by the requirements of 41 CFR 60-1.4(a), 41 CFR 60-300.5(a) and 41 CFR 60-741.5(a) and that these laws are incorporated herein by reference. These regulations prohibit discrimination against qualified individuals based on their status as protected veterans or individuals with disabilities, and prohibit discrimination against all individuals based on their race, color, religion, sex, sexual orientation, gender identity or national origin. These regulations require that covered prime contractors and subcontractors take affirmative action to employ and advance in employment individuals without regard to race, color, religion, sex, sexual orientation, gender identity, national origin, protected veteran status or disability. The parties also agree that, as applicable, they will abide by the requirements of Executive Order 13496 (29 CFR Part 471, Appendix A to Subpart A), relating to the notice of employee rights under federal labor laws.

FOR US-BASED ROLES: Applied Intuition is committed to providing an accessible and inclusive application and interview experience to applicants who are disabled veterans and other applicants with disabilities or medical conditions. Reasonable accommodations are available, requesting an accommodation will not affect your candidacy in any way, and you are not required to disclose the nature of your disability or medical condition in order to make a request.
If you require an accommodation please contact careers@applied.co. We will work with you!",US,Sunnyvale,https://jobs.ashbyhq.com/applied/020b495c-3505-47cd-a75d-e399ab7b605c,"2026-07-25T00:41:41.037+00:00",FullTime,2026-09-01 15:11:44.538 +0700,9
13,ashby,"42dot",Senior AI Engineer (Driving VLM/VLA),"ABOUT THE TEAM & MISSION



42dot의 Senior AI Engineer (Driving VLM/VLA)는 수백만 건의 실제 자율주행 데이터를 활용해 차세대 Driving Foundation Model을 개발합니다. Vision-Language-Model(VLM), Vision-Language-Action(VLA), 멀티모달 AI 기술을 통해 차량이 복잡한 도로 환경을 이해하고 판단하며 행동할 수 있도록 만드는 핵심 역할을 수행합니다. 대규모 GPU 인프라와 독자적인 자율주행 데이터셋을 기반으로 driving scene understanding, multimodal reasoning, VLM/VLA를 통해 자율주행 시스템의 인지, 판단, 계획 성능을 고도화합니다.




RESPONSIBILITIES

 - 자율주행 데이터를 활용한 Vision-Language-Action 기반 driving foundation model 설계 및 개발

 - Camera/video, map, trajectory, action, language 등 multimodal sequential data 기반 모델 학습 및 평가

 - Driving scene understanding, temporal reasoning, agent interaction modeling, risk/event understanding 모델 개발

 - Scene captioning, visual question answering, auto-labeling, data mining, retrieval 등 VLM 기반 응용 기능 개발

 - 대규모 multimodal dataset 구축, 학습 recipe, evaluation benchmark, ablation 실험 설계

 - Simulation, Data, ML Platform 조직과 협업하여 모델을 자율주행 시스템에 통합




QUALIFICATIONS

 - Computer Vision, Machine Learning, Robotics, Autonomous Driving, Multimodal AI 관련 5년 이상의 연구/개발 경험 또는 이에 준하는 역량 또는 Foundation Model, Multimodal Learning, Generative AI 분야에서의 뛰어난 연구 성과(proven track record)를 보유하신 분

 - PyTorch 기반 deep learning model 개발 및 학습 경험

 - Vision model, video model, VLM, VLA, world model, trajectory prediction, imitation learning 중 하나 이상에 대한 깊은 이해와 구현 경험

 - 이미지/비디오/sensor/trajectory/language/action 등 multimodal 또는 sequential data 처리 경험

 - Transformer, diffusion, autoregressive model, representation learning 중 하나 이상에 대한 이해

 - 논문 기반 아이디어를 구현하고 대규모 데이터에서 학습, 평가, 개선한 경험

 - 문제를 독립적으로 정의하고, 실험 설계부터 모델 개선까지 주도적으로 수행할 수 있는 역량




PREFERRED QUALIFICATIONS

 - 자율주행 또는 robotics foundation model 개발 경험

 - VLM/LLM fine-tuning, instruction tuning, multimodal alignment 경험

 - VLA, behavior cloning, imitation learning, trajectory planning, policy learning 경험

 - Action-conditioned video generation, world model, 4D scene modeling 경험

 - BEV, occupancy, map, trajectory, agent interaction 등 driving-specific representation 경험

 - Distributed training, large-scale multimodal data pipeline, data mining pipeline 경험

 - Closed-loop simulation 또는 scenario-based evaluation과 모델을 연결해본 경험




INTERVIEW PROCESS

 1. 서류 전형

 2. 코딩 테스트

 3. 1차 면접 (화상, 1시간 내외)

 4. 2차 면접 (대면 혹은 화상, 3시간 내외) 

 5. 처우 협의·입사




ADDITIONAL INFORMATION

 - 전형 절차는 일정 및 진행 상황에 따라 일부 변경될 수 있으며, 각 전형 결과는 등록하신 이메일로 개별 안내드립니다.

 - 지원서 제출 시 주민등록번호, 가족관계, 혼인 여부, 연봉, 사진, 신체조건, 출신 지역 등 채용절차법상 요구 금지된 정보는 제외 부탁드립니다.

 - 지원서 접수 중 오류가 발생하거나 기타 문의 사항이 있을 경우, recruit@42dot.ai로 문의해 주시기 바랍니다.

 - 국가보훈대상자 및 취업보호 대상자는 관계법령에 따라 우대합니다.

 - 장애인 고용 촉진 및 직업재활법에 따라 장애인 등록증 소지자를 우대합니다.

 - 42dot은 의뢰하지 않은 서치펌의 이력서를 받지 않으며, 요청하지 않은 이력서에 대해 수수료를 지불하지 않습니다.

 - 지원서 내용 중 허위 사실이 발견될 경우, 입사가 취소될 수 있습니다.

 - 인터뷰 프로세스 종료 후 지원자의 동의하에 평판조회가 진행될 수 있습니다.

 - 3개월의 수습기간이 적용될 수 있습니다.",KR,"Pangyo (Software Dream Center), South Korea",https://jobs.ashbyhq.com/42dot/1fe9e892-1d6a-4f13-82bc-1165ee63a3e9,"2026-07-20T11:50:19.428+00:00",FullTime,2026-09-01 15:11:44.538 +0700,10
78,ashby,"42dot",Accounting Specialist,"ABOUT THE TEAM & MISSION



Accounting Team은 월·분기·연 결산, 별도 및 연결결산, 현대자동차그룹 연결패키지 작성, 외부감사 대응, 해외지점 회계관리, 세무 및 내부통제 등 회사의 재무정보를 정확하고 적시에 제공하기 위한 다양한 회계업무를 수행하고 있습니다. 

회계 기본기와 결산 실무 경험을 바탕으로 새로운 업무를 빠르게 학습하고 정확하게 수행할 수 있는 많은 분들을 기다립니다.




RESPONSIBILITIES

 - 월·분기·연 결산 업무 및 담당 계정 마감

 - 전표 작성 및 회계처리, 계정 잔액 검토 및 대사

 - 연결결산을 위한 기초자료 작성 및 연결조정 업무 지원

 - 인건비 관련 회계처리 및 결산 업무

 - 재무제표 작성에 필요한 기초자료 작성 및 검증

 - 외부감사 요청자료 작성 및 감사 대응 지원

 - SAP 등 회계시스템을 활용한 회계업무 수행

 - 담당 업무 관련 증빙 및 회계자료 관리

 - 기타 Accounting Team의 결산 및 회계업무 협업




QUALIFICATIONS

 - 회계 또는 관련 업무 경력 2~4년

 - 회계 원리 및 재무회계에 대한 이해

 - 월·분기 등 정기 결산 업무를 직접 수행하거나 지원한 경험

 - Excel 등 Office 프로그램을 활용하여 회계자료를 정리하고 검증할 수 있는 역량

 - 업무의 정확성과 마감 일정을 중요하게 생각하고 꼼꼼하게 업무를 수행하는 분

 - 새로운 회계업무와 시스템을 적극적으로 학습할 수 있는 분

 - 업무 중 확인이 필요한 사항을 적시에 공유하고 원활하게 협업할 수 있는 커뮤니케이션 역량




PREFERRED QUALIFICATIONS

 - SAP 등 ERP 시스템을 활용한 회계업무 경험

 - 연결결산 또는 연결결산 지원 업무 경험

 - 급여·인건비 관련 회계처리 또는 결산 경험

 - 외부감사 요청자료 작성 및 대응 경험

 - K-IFRS 적용 기업에서의 회계업무 경험

 - IT, Software, Mobility 등 유관 산업 경험




INTERVIEW PROCESS

 1. 서류 전형

 2. 1차 면접 (화상, 1시간 내외)

 3. 2차 면접 (대면 혹은 화상, 3시간 내외) 

 4. 처우 협의·입사




ADDITIONAL INFORMATION

 - 전형 절차는 일정 및 진행 상황에 따라 일부 변경될 수 있으며, 각 전형 결과는 등록하신 이메일로 개별 안내드립니다.

 - 지원서 제출 시 주민등록번호, 가족관계, 혼인 여부, 연봉, 사진, 신체조건, 출신 지역 등 채용절차법상 요구 금지된 정보는 제외 부탁드립니다.

 - 지원서 접수 중 오류가 발생하거나 기타 문의 사항이 있을 경우, recruit@42dot.ai로 문의해 주시기 바랍니다.

 - 국가보훈대상자 및 취업보호 대상자는 관계법령에 따라 우대합니다.

 - 장애인 고용 촉진 및 직업재활법에 따라 장애인 등록증 소지자를 우대합니다.

 - 42dot은 의뢰하지 않은 서치펌의 이력서를 받지 않으며, 요청하지 않은 이력서에 대해 수수료를 지불하지 않습니다.

 - 지원서 내용 중 허위 사실이 발견될 경우, 입사가 취소될 수 있습니다.

 - 인터뷰 프로세스 종료 후 지원자의 동의하에 평판조회가 진행될 수 있습니다.

 - 3개월의 수습기간이 적용될 수 있습니다.


",KR,"Pangyo (Software Dream Center), South Korea",https://jobs.ashbyhq.com/42dot/ba39ea92-5165-42b6-b822-21307e8b0b82,"2026-08-21T10:01:46.280+00:00",FullTime,2026-09-01 15:11:44.538 +0700,11
356,ashby,Applied Intuition,Solution Engineer - Vehicle OS,"Applied Intuition, Inc. is powering the future of physical AI. Founded in 2017 and now valued at $15 billion, the Silicon Valley company is creating the digital infrastructure needed to bring intelligence to every moving machine on the planet. Applied Intuition services the automotive, defense, trucking, construction, mining and agriculture industries in three core areas: tools and infrastructure, operating systems, and autonomy. Eighteen of the top 20 global automakers, as well as the United States military and its allies, trust the company’s solutions to deliver physical intelligence. Applied Intuition is headquartered in Sunnyvale, California, with offices in Washington, D.C.; San Diego; Ft. Walton Beach, Florida; Ann Arbor, Michigan; London; Stuttgart; Munich; Stockholm; Bangalore; Seoul; and Tokyo. Learn more at applied.co http://applied.co.

We are an in-office company, and our expectation is that full-time employees primarily work from their Applied Intuition office 5 days a week. However, we also recognize the importance of flexibility and trust our employees to manage their schedules responsibly. This may include occasional remote work, starting the day with morning meetings from home before heading to the office, or leaving earlier when needed to accommodate family commitments. This in-office expectation does not apply to contractor positions


ABOUT THE ROLE

We are looking for a bright engineer to help our customers solve complex technical problems across Applied Intuition’s Vehicle OS portfolio. In this role you will work closely with vehicle software and tooling teams at OEMs and Tier 1s to ensure Applied’s solutions deliver maximum impact in advancing customers’ Software-Defined-Vehicle (SDV) strategies and in-cabin user experiences.

Vehicle OS is Applied Intuition’s software platform for SDV. It enables OEMs to modernize their E/E architecture through three interconnected areas:

 - Middleware & architecture  Service-oriented, middleware-driven software stacks built on AUTOSAR Adaptive Platform, SOME/IP, and DDS. Helps OEMs migrate from distributed ECU architectures to zonal, centralized compute.

 - Developer toolchain  A code-first toolchain that replaces GUI-bound configuration workflows. Engineers model vehicle behavior in Python, manage changes through pull requests, and validate in virtual ECU environments analogous to what cloud virtual engineering workbenches (e.g., AWS VEW) brought to cloud-native development, but purpose-built for automotive E/E systems.

 - IVI & in-vehicle infotainment  Android Automotive OS (AAOS) based platform, HMI/cluster software, and intelligent in-cabin experiences including Cabin Intelligence (DMS, OMS, voice, occupant interaction).

This role sits at the intersection of all three areas, and the balance will depend on the customer mix.


AT APPLIED INTUITION, YOU WILL:

 - Act as the technical bridge between automotive customers and Applied Intuition’s engineering and product teams

 - Support OEMs in adopting Vehicle OS: middleware stack, developer SDK, and IVI/infotainment integration

 - Lead technical discussions, architecture reviews, demos, and early-stage deployments with OEM and Tier 1 engineering teams

 - Help customers adopt Applied’s code-first developer toolchain, onboarding engineering teams onto the SDK, setting up virtual ECU environments, and integrating with customers’ existing CI/CD pipelines

 - Guide OEMs through the design and implementation of service-oriented vehicle architectures and support system integration across ECUs, domain controllers and high-performance compute

 - Work with customers’ IVI and infotainment teams on AAOS integration, Linux-based IVI stack deployment, HMI/cluster software, and Cabin Intelligence features (driver monitoring, occupant monitoring, voice/AI interaction)

 - Collaborate with customers and internal product teams to triage and resolve technical issues

 - Manage project milestones and communicate progress across multiple customer and internal stakeholders


WE'RE LOOKING FOR SOMEONE WHO HAS:

 - 3+ years of experience working with automotive OEMs or suppliers, ideally in SDV, E/E architecture, developer tooling, or in-vehicle infotainment/IVI

 - Experience with AUTOSAR (Classic or Adaptive) and automotive developer tooling

 - Familiarity with vehicle communication protocols: SOME/IP, DDS, CAN, LIN, or automotive Ethernet

 - Experience with at least one of the following:

 - 

 - Vehicle software developer toolchain: SDK-based development, virtual ECUs, SIL environments, or CI/CD pipelines for automotive software

 - IVI / infotainment platforms: Android Automotive OS (AAOS), Linux-based IVI, HMI/cluster software, or display middleware

 - Execution-driven mindset with strong attention to detail and ability to manage multiple customer engagements in parallel

 - Experience working directly with customers on complex problems at the intersection of software and vehicle systems

 - Degree in computer science, electrical engineering, or related field

 - Basic / intermediate programming experience in C/C++, Python, or similar

 - Strong written and verbal communication skills in English; German and/or additional European language is a significant plus


NICE TO HAVE:

 - Hands-on experience with Applied Intuition’s Vehicle OS or a comparable SDV platform

 - Knowledge of zonal E/E architectures, HPC platforms, or software-defined networking in vehicles

 - Experience with OTA systems and vehicle software lifecycle management

 - Familiarity with ISO 26262 functional safety or SOTIF in the context of IVI or ADAS systems

 - Experience with Cabin Intelligence technologies: driver monitoring (DMS), occupant monitoring (OMS), or in-cabin perception and AI

 - Exposure to perception systems or AI/ML pipelines applied to in-vehicle experiences

 - Experience with simulation environments or digital twin platforms to validate vehicle software

 - Project management experience in cross-functional, customer-facing programs


BENEFITS:

 - 30 days of paid vacation per year

 - Daily meal benefits: €19 lunch budget and €19 dinner budget, free breakfast, snacks, and drinks in the office

 - You’ll receive €965 annual learning & development and €580 annual fitness budget

 - Subsidized Wellpass membership, giving you access to thousands of gyms, studios, and wellness facilities across Germany

 - €25 monthly contribution to your Deutschlandticket for regional public transport across Germany

 - Generous parental leave: on top of statutory parental leave

 

Don’t meet every single requirement? If you’re excited about this role but your past experience doesn’t align perfectly with every qualification in the job description, we encourage you to apply anyway. You may be just the right candidate for this or other roles.

Applied Intuition is an equal opportunity employer and federal contractor or subcontractor. Consequently, the parties agree that, as applicable, they will abide by the requirements of 41 CFR 60-1.4(a), 41 CFR 60-300.5(a) and 41 CFR 60-741.5(a) and that these laws are incorporated herein by reference. These regulations prohibit discrimination against qualified individuals based on their status as protected veterans or individuals with disabilities, and prohibit discrimination against all individuals based on their race, color, religion, sex, sexual orientation, gender identity or national origin. These regulations require that covered prime contractors and subcontractors take affirmative action to employ and advance in employment individuals without regard to race, color, religion, sex, sexual orientation, gender identity, national origin, protected veteran status or disability. The parties also agree that, as applicable, they will abide by the requirements of Executive Order 13496 (29 CFR Part 471, Appendix A to Subpart A), relating to the notice of employee rights under federal labor laws.

FOR US-BASED ROLES: Applied Intuition is committed to providing an accessible and inclusive application and interview experience to applicants who are disabled veterans and other applicants with disabilities or medical conditions. Reasonable accommodations are available, requesting an accommodation will not affect your candidacy in any way, and you are not required to disclose the nature of your disability or medical condition in order to make a request.
If you require an accommodation please contact careers@applied.co. We will work with you!",US,Stuttgart,https://jobs.ashbyhq.com/applied/d2d783c1-ec46-446f-92fa-88f7460e9be8,"2026-05-05T10:56:00.072+00:00",FullTime,2026-09-01 15:11:44.538 +0700,12
387,ashby,Applied Intuition,Solution Engineer,"Applied Intuition, Inc. is powering the future of physical AI. Founded in 2017 and now valued at $15 billion, the Silicon Valley company is creating the digital infrastructure needed to bring intelligence to every moving machine on the planet. Applied Intuition services the automotive, defense, trucking, construction, mining and agriculture industries in three core areas: tools and infrastructure, operating systems, and autonomy. Eighteen of the top 20 global automakers, as well as the United States military and its allies, trust the company’s solutions to deliver physical intelligence. Applied Intuition is headquartered in Sunnyvale, California, with offices in Washington, D.C.; San Diego; Ft. Walton Beach, Florida; Ann Arbor, Michigan; London; Stuttgart; Munich; Stockholm; Bangalore; Seoul; and Tokyo. Learn more at applied.co http://applied.co.

We are an in-office company, and our expectation is that full-time employees primarily work from their Applied Intuition office 5 days a week. However, we also recognize the importance of flexibility and trust our employees to manage their schedules responsibly. This may include occasional remote work, starting the day with morning meetings from home before heading to the office, or leaving earlier when needed to accommodate family commitments. This in-office expectation does not apply to contractor positions


ABOUT THE ROLE

We are looking for a bright engineer to help our customers solve complex technical problems across Applied Intuition's full product portfolio: Vehicle OS (including developer tooling and IVI), Tools for Vehicle Intelligence (ADP/APX), and Self-Driving Systems (SDS). This role is ideal for a candidate with strong automotive software foundations who thrives on variety, is energized by learning new technical domains quickly, and wants to engage with the broadest possible range of cutting-edge automotive challenges.

One engagement might involve guiding an OEM's IVI team through an Android Automotive OS integration; the next could be a deep-dive architecture review with an ADAS validation team, or a technical workshop on autonomy stack deployment with a Tier 1 supplier. This kind of breadth is rare, and for the right person, it is the most accelerated learning environment in the automotive software industry. You will build expertise across SDV, simulation, and autonomy faster than any siloed role would allow, while working directly with some of the most ambitious internal and external engineering teams worldwide.


AT APPLIED INTUITION, YOU WILL:

 - Support pre-sales and post-sales customer engagements across Vehicle OS, SDS and Tooling pillars as needed

 - Conduct technical discovery, demos, and proof-of-concept work across Applied Intuition’s product suite

 - Adapt technical depth to whichever product pillar is most relevant for a given customer or opportunity

 - Build cross-pillar proposals where a customer engagement spans multiple product areas

 - Work closely with Applied Intuition’s product and solution specialists to ramp up on new product areas

 - Manage multiple concurrent customer engagements and maintain clear internal stakeholder communication


WE'RE LOOKING FOR SOMEONE WHO HAS:

 - 4+ years of experience in automotive software development or technical customer engagement, spanning more than one product domain (e.g., ADAS + SDV, simulation + vehicle architecture, IVI + middleware)

 - Strong automotive software foundations with the ability to engage credibly on topics across E/E architecture, ADAS validation, and/or autonomy systems

 - Demonstrated ability to learn new technical domains quickly and apply them in a customer-facing context

 - Track record of managing complex, multi-stakeholder technical programs

 - Degree in computer science, electrical engineering, or related field

 - Programming experience in Python and/or C++

 - Strong written and verbal communication skills in English; German and/or additional European language is a significant plus


NICE TO HAVE:

 - Experience spanning both pillars: Vehicle OS/SDV/IVI and ADAS simulation/tooling

 - Prior Solution Engineering, Field Application Engineering, or technical pre-sales experience

 - Experience at an OEM, Tier 1, and/or automotive technology company

 - Familiarity with AUTOSAR (Classic and/or Adaptive)

 - Knowledge of ISO 26262, SOTIF, or ASPICE


BENEFITS:

 - 30 days of paid vacation per year

 - Daily meal benefits: €19 lunch budget and €19 dinner budget, free breakfast, snacks, and drinks in the office

 - You’ll receive €965 annual learning & development and €580 annual fitness budget

 - Subsidized Wellpass membership, giving you access to thousands of gyms, studios, and wellness facilities across Germany

 - €25 monthly contribution to your Deutschlandticket for regional public transport across Germany

 - Generous parental leave: on top of statutory parental leave

Don’t meet every single requirement? If you’re excited about this role but your past experience doesn’t align perfectly with every qualification in the job description, we encourage you to apply anyway. You may be just the right candidate for this or other roles.

Applied Intuition is an equal opportunity employer and federal contractor or subcontractor. Consequently, the parties agree that, as applicable, they will abide by the requirements of 41 CFR 60-1.4(a), 41 CFR 60-300.5(a) and 41 CFR 60-741.5(a) and that these laws are incorporated herein by reference. These regulations prohibit discrimination against qualified individuals based on their status as protected veterans or individuals with disabilities, and prohibit discrimination against all individuals based on their race, color, religion, sex, sexual orientation, gender identity or national origin. These regulations require that covered prime contractors and subcontractors take affirmative action to employ and advance in employment individuals without regard to race, color, religion, sex, sexual orientation, gender identity, national origin, protected veteran status or disability. The parties also agree that, as applicable, they will abide by the requirements of Executive Order 13496 (29 CFR Part 471, Appendix A to Subpart A), relating to the notice of employee rights under federal labor laws.

FOR US-BASED ROLES: Applied Intuition is committed to providing an accessible and inclusive application and interview experience to applicants who are disabled veterans and other applicants with disabilities or medical conditions. Reasonable accommodations are available, requesting an accommodation will not affect your candidacy in any way, and you are not required to disclose the nature of your disability or medical condition in order to make a request.
If you require an accommodation please contact careers@applied.co. We will work with you!",US,Munich,https://jobs.ashbyhq.com/applied/ea3df406-c58b-4f8a-80e0-5fb293e7a306,"2026-05-05T10:52:29.124+00:00",FullTime,2026-09-01 15:11:44.538 +0700,13
52,ashby,"42dot",Senior AI Engineer (Closed-loop Simulation & RL),"ABOUT THE TEAM & MISSION



42dot의 Senior AI Engineer (Closed-loop Simulation & RL)는 Driving Foundation Model과 자율주행 모델을 closed-loop 환경에서 평가하고, failure case와 safety-critical scenario를 기반으로 모델을 지속적으로 개선하는 업무를 담당합니다. 이 포지션은 closed-loop simulation, scenario evaluation, reinforcement learning, reward modeling, policy distillation, post-training을 통해 자율주행 의사결정 모델의 안전성, 주행 품질, 일반화 성능을 고도화합니다.




RESPONSIBILITIES

 - Driving VLA/World Model/Planning 모델의 closed-loop evaluation framework 설계 및 개발

 - Log replay, scenario-based simulation, regression test, safety-critical case mining pipeline 구축

 - RL, offline RL, reward modeling, policy distillation, post-training 기반 driving policy 개선

 - Simulation rollout, reward function, evaluation metric, failure analysis pipeline 설계 및 운영

 - Safety, comfort, progress, rule compliance 등 자율주행 품질 지표 정의 및 모델 평가 체계 구축

 - Counterfactual simulation, synthetic scenario, real-world driving log를 활용한 model improvement loop 개발

 - VLM/VLA, Data, ML Platform 조직과 협업하여 closed-loop 학습/평가 시스템 통합




QUALIFICATIONS

 - Reinforcement Learning, imitation learning, planning, simulation, robotics, autonomous driving 관련 5년 이상의 연구/개발 경험 또는 이에 준하는 역량

 - Closed-loop evaluation, simulation rollout, scenario testing, policy evaluation 중 하나 이상에 대한 실무 경험

 - Python 및 PyTorch 기반 ML 모델 학습 또는 evaluation pipeline 개발 경험

 - RL, reward modeling, trajectory planning, sequential decision making에 대한 이해

 - 모델의 실패 사례를 분석하고 metric, reward, dataset, training recipe 개선으로 연결한 경험

 - 대규모 실험, rollout, evaluation 자동화 및 결과 분석 경험

 - Research/Engineering 조직과 협업해 모델 개선 loop를 주도적으로 운영할 수 있는 역량




PREFERRED QUALIFICATIONS

 - Autonomous driving simulator, log replay, scenario generation, regression test 경험

 - Offline RL, model-based RL, safe RL, preference/reward modeling, policy distillation 경험

 - Multi-agent simulation, traffic participant modeling, reactive agent modeling 경험

 - Waymax, CARLA, nuPlan, NavSim 등 simulator 또는 benchmark 사용 경험

 - VLA/World Model/Foundation Model post-training 경험

 - Simulation-to-real correlation 분석 경험

 - 3DGS, NeRF, neural rendering, geometric foundation model 경험

 - Distributed rollout, large-scale evaluation infra 경험

 - 3D world model, action-conditioned prediction, synthetic data generation과 closed-loop evaluation을 연결해본 경험




INTERVIEW PROCESS

 1. 서류 전형

 2. 코딩 테스트

 3. 1차 면접 (화상, 1시간 내외)

 4. 2차 면접 (대면 혹은 화상, 3시간 내외) 

 5. 처우 협의·입사




ADDITIONAL INFORMATION

 - 전형 절차는 일정 및 진행 상황에 따라 일부 변경될 수 있으며, 각 전형 결과는 등록하신 이메일로 개별 안내드립니다.

 - 지원서 제출 시 주민등록번호, 가족관계, 혼인 여부, 연봉, 사진, 신체조건, 출신 지역 등 채용절차법상 요구 금지된 정보는 제외 부탁드립니다.

 - 지원서 접수 중 오류가 발생하거나 기타 문의 사항이 있을 경우, recruit@42dot.ai로 문의해 주시기 바랍니다.

 - 국가보훈대상자 및 취업보호 대상자는 관계법령에 따라 우대합니다.

 - 장애인 고용 촉진 및 직업재활법에 따라 장애인 등록증 소지자를 우대합니다.

 - 42dot은 의뢰하지 않은 서치펌의 이력서를 받지 않으며, 요청하지 않은 이력서에 대해 수수료를 지불하지 않습니다.

 - 지원서 내용 중 허위 사실이 발견될 경우, 입사가 취소될 수 있습니다.

 - 인터뷰 프로세스 종료 후 지원자의 동의하에 평판조회가 진행될 수 있습니다.

 - 3개월의 수습기간이 적용될 수 있습니다.",KR,"Pangyo (Software Dream Center), South Korea",https://jobs.ashbyhq.com/42dot/7510f63c-f488-448f-8eb2-5610cab0bf2f,"2026-07-20T11:51:17.693+00:00",FullTime,2026-09-01 15:11:44.538 +0700,14
148,ashby,Applied Intuition,Software Integration Engineer - New Grad (2027),"Applied Intuition, Inc. is powering the future of physical AI. Founded in 2017 and now valued at $15 billion, the Silicon Valley company is creating the digital infrastructure needed to bring intelligence to every moving machine on the planet. Applied Intuition services the automotive, defense, trucking, construction, mining and agriculture industries in three core areas: tools and infrastructure, operating systems, and autonomy. Eighteen of the top 20 global automakers, as well as the United States military and its allies, trust the company’s solutions to deliver physical intelligence. Applied Intuition is headquartered in Sunnyvale, California, with offices in Washington, D.C.; San Diego; Ft. Walton Beach, Florida; Ann Arbor, Michigan; London; Stuttgart; Munich; Stockholm; Bangalore; Seoul; and Tokyo. Learn more at applied.co http://applied.co.

We are an in-office company, and our expectation is that full-time employees primarily work from their Applied Intuition office 5 days a week. However, we also recognize the importance of flexibility and trust our employees to manage their schedules responsibly. This may include occasional remote work, starting the day with morning meetings from home before heading to the office, or leaving earlier when needed to accommodate family commitments. This in-office expectation does not apply to contractor positions


ABOUT THE ROLE

We’re looking for Software Integration Engineers who are curious, eager to learn, and excited to deliver impactful features for our newest products. In this role, you’ll work across software and hardware systems to ensure seamless full-system integration for customer delivery.


AT APPLIED INTUITION, YOU WILL:

 - Deliver full-system, application-level software features spanning both software and hardware in C/C++, meeting customer requirements

 - Develop end-to-end software integrations in C/C++, including applications such as: Matrix headlight control, Smart vehicle access via mobile app integration, In-car voice assistant functionality, etc.

 - Collaborate cross-functionally with hardware and electrical teams to develop and deploy systems that enable custom software feature integration for intelligent vehicles

 - Build a deep understanding of automotive system architecture and the interactions between software and hardware components

 - Design and bring up test rigs for end-to-end system testing and on-vehicle validation

 - Debug, test, and troubleshoot integrations between various software components to ensure reliability and system performance


WE'RE LOOKING FOR SOMEONE WHO HAS:

 - BS or MS in Computer Science, Computer Engineering, Electrical Engineering, Mechatronics, Mechanical Engineering, or a related field (Graduating December 2026 or Spring 2027 only)

 - Strong understanding of computer science fundamentals and software engineering

 - Strong programming skills in C/C++

 - An understanding of electronic systems and how how to setup and debug them

 - Comfortable working in a fast-paced, dynamic startup environment


NICE TO HAVE:

 - Experience on a collegiate vehicle team (e.g., FSAE, Solar Car, or similar)

 - Foundational knowledge of automotive electronics (schematic reading, network topology, or system architecture)

 - Familiarity with electronic control systems and debugging tools (embedded systems, Arduino, etc.)

 - Experience developing firmware for automotive subsystems such as lighting, latches, lock motors, powertrain, or mechanical systems

Don’t meet every single requirement? If you’re excited about this role but your past experience doesn’t align perfectly with every qualification in the job description, we encourage you to apply anyway. You may be just the right candidate for this or other roles.

Applied Intuition is an equal opportunity employer and federal contractor or subcontractor. Consequently, the parties agree that, as applicable, they will abide by the requirements of 41 CFR 60-1.4(a), 41 CFR 60-300.5(a) and 41 CFR 60-741.5(a) and that these laws are incorporated herein by reference. These regulations prohibit discrimination against qualified individuals based on their status as protected veterans or individuals with disabilities, and prohibit discrimination against all individuals based on their race, color, religion, sex, sexual orientation, gender identity or national origin. These regulations require that covered prime contractors and subcontractors take affirmative action to employ and advance in employment individuals without regard to race, color, religion, sex, sexual orientation, gender identity, national origin, protected veteran status or disability. The parties also agree that, as applicable, they will abide by the requirements of Executive Order 13496 (29 CFR Part 471, Appendix A to Subpart A), relating to the notice of employee rights under federal labor laws.

FOR US-BASED ROLES: Applied Intuition is committed to providing an accessible and inclusive application and interview experience to applicants who are disabled veterans and other applicants with disabilities or medical conditions. Reasonable accommodations are available, requesting an accommodation will not affect your candidacy in any way, and you are not required to disclose the nature of your disability or medical condition in order to make a request.
If you require an accommodation please contact careers@applied.co. We will work with you!",US,Sunnyvale,https://jobs.ashbyhq.com/applied/250080bd-10a8-4e5f-82b8-506029292d19,"2026-08-14T21:59:07.522+00:00",FullTime,2026-09-01 15:11:44.538 +0700,15
85,ashby,"42dot",Product Management System Implementation PM,"ABOUT THE TEAM & MISSION



42dot의 Product Management System Implementation PM은 Software Defined Vehicle(SDV) 개발을 위한 Application Lifecycle Management(ALM) 및 Product Lifecycle Management(PLM) 환경을 구축하고, A-SPICE 기반 제품 개발 프로세스와 품질 체계를 디지털화하는 역할입니다.

Codebeamer를 중심으로 Requirement부터 Verification까지의 Engineering 데이터를 연결하여 제품 개발 전 과정의 Traceability를 확보하고, Jira 기반 협업 환경과 PLM 연계를 통해 Engineering Digital Foundation을 구축합니다.




RESPONSIBILITIES

 - ALM Implementation
   
   - Codebeamer 기반 ALM 구축 전략 수립 및 구현
   
   - A-SPICE 기반 제품 개발 프로세스를 지원하는 ALM 환경 설계 및 구축
   
   - Requirements Management 체계 설계 및 구현(Baseline, Version, Change Management 포함)
   
   - Requirement부터 Verification까지 End-to-End Traceability 구축
   
   - ALM과 PLM 간 데이터 연계 및 Engineering Digital Thread 구현

 - Engineering Process & Quality
   
   - A-SPICE 기반 Engineering Process 분석 및 시스템 구현
   
   - 제품 개발 프로세스를 시스템 요구사항으로 정의하고 표준화
   
   - Requirement Management, Change Management, Configuration Management 프로세스 설계 및 개선
   
   - Engineering Quality 향상을 위한 프로세스 및 Quality Governance 구축
   
   - 개발 조직의 프로세스 준수와 품질 향상을 위한 시스템 운영 체계 수립

 - Collaboration & Engineering Data
   
   - Jira 기반 개발 협업 프로세스 및 Workflow 설계
   
   - Codebeamer와 Jira 간 연계 및 협업 체계 구축
   
   - Requirement, Development, Test 간 데이터 연계 및 변경 이력 관리
   
   - Engineering Master Data 관리 체계 설계 및 표준화
   
   - Engineering 데이터의 일관성과 추적성을 확보하기 위한 통합 환경 구축

 - Vendor & Partner Management
   
   - ALM 및 PLM 솔루션 벤치마킹 및 기술 검토
   
   - 구축 파트너사 선정, RFP 작성 및 제안 평가
   
   - Vendor 및 기술 파트너와의 협업 및 프로젝트 관리
   
   - 프로젝트 일정, 품질 및 리스크 관리

 - Governance
   
   - Engineering Process 및 Quality Governance 수립
   
   - HW, SW, Quality 등 유관 조직과의 협업 프로세스 정립
   
   - 주요 이해관계자와 협업하여 표준 프로세스 및 시스템 운영 체계 구축
   
   - Steering Committee 운영 및 프로젝트 의사결정 지원




QUALIFICATIONS

 - ALM, PLM, PDM 등 엔터프라이즈 시스템 구축 프로젝트를 End-to-End로 수행한 경험

 - Product Lifecycle Management 또는 제품 개발 프로세스 수립 및 Product Management System 구축 경험

 - Codebeamer 또는 유사 ALM 솔루션을 활용한 Requirements Management 구축 경험

 - Requirement Engineering, Traceability, Baseline, Change Management에 대한 이해

 - A-SPICE 기반 제품 개발 프로세스를 정의하거나 시스템으로 구현한 경험

 - Jira 기반 개발 협업 환경 구축 또는 운영 경험

 - 다양한 이해관계자와 협업하며 프로젝트를 리딩한 경험

 - Vendor 평가, RFP 작성 및 구축 프로젝트 관리 경험

 - 우수한 커뮤니케이션 및 문제 해결 능력




PREFERRED QUALIFICATIONS

 - PTC Codebeamer 구축 또는 운영 경험

 - Codebeamer 기반 Requirements Management 및 End-to-End Traceability 구축 경험

 - Codebeamer와 Jira 연계 프로젝트 경험

 - Automotive SPICE(A-SPICE) Assessment 대응 또는 Engineering Process 개선 경험

 - Automotive OEM 또는 Tier 1에서 Software Development Process 또는 Engineering Quality 영역 수행 경험

 - PLM 솔루션(PTC Windchill, Dassault 3DEXPERIENCE, Siemens Teamcenter 등) 구축 또는 PLM-ALM 연계 프로젝트 경험

 - Engineering Digital Thread(Digital Continuity) 구축 경험

 - Agile 기반의 시스템 구축 및 단계적 Rollout 경험

 - Engineering Data를 활용한 프로세스 개선 또는 데이터 기반 의사결정 지원 경험




INTERVIEW PROCESS

 1. 서류 전형

 2. 1차 면접 (화상, 1시간 내외)

 3. 2차 면접 (대면 혹은 화상, 3시간 내외) 

 4. 처우 협의·입사




ADDITIONAL INFORMATION

 - 전형 절차는 일정 및 진행 상황에 따라 일부 변경될 수 있으며, 각 전형 결과는 등록하신 이메일로 개별 안내드립니다.

 - 지원서 제출 시 주민등록번호, 가족관계, 혼인 여부, 연봉, 사진, 신체조건, 출신 지역 등 채용절차법상 요구 금지된 정보는 제외 부탁드립니다.

 - 지원서 접수 중 오류가 발생하거나 기타 문의 사항이 있을 경우, recruit@42dot.ai로 문의해 주시기 바랍니다.

 - 국가보훈대상자 및 취업보호 대상자는 관계법령에 따라 우대합니다.

 - 장애인 고용 촉진 및 직업재활법에 따라 장애인 등록증 소지자를 우대합니다.

 - 42dot은 의뢰하지 않은 서치펌의 이력서를 받지 않으며, 요청하지 않은 이력서에 대해 수수료를 지불하지 않습니다.

 - 지원서 내용 중 허위 사실이 발견될 경우, 입사가 취소될 수 있습니다.

 - 인터뷰 프로세스 종료 후 지원자의 동의하에 평판조회가 진행될 수 있습니다.

 - 3개월의 수습기간이 적용될 수 있습니다.",KR,"Pangyo (Software Dream Center), South Korea",https://jobs.ashbyhq.com/42dot/c1349eb1-3bfc-4630-aa42-7bb608803206,"2026-07-20T11:46:34.421+00:00",FullTime,2026-09-01 15:11:44.538 +0700,16
70,ashby,"42dot",Senior Product Manager (Pleos Connect),"ABOUT THE TEAM & MISSION



42dot Product Management 조직은 현대자동차그룹의 차량 인포테인먼트 플랫폼의 핵심인 IVI(In-Vehicle Infotainment)의 양산을 주도할 PM을 찾고 있습니다. 요구사항 정의, 개발, 검증, 릴리즈부터 실제 차량 적용까지 IVI 양산의 전 과정을 통합 관리합니다.

Pleos Connect PM은 OEM의 요구사항과 차량 개발 일정을 기반으로 기획, 디자인, 개발, QE, 플랫폼 등 다양한 Cross-functional 조직을 정렬하고, 현대자동차그룹의 차종 양산 프로세스에 맞춰 프로젝트 전 과정을 End-to-End로 리딩합니다. 또한 42dot HQ, 미국 Silicon Valley, Poland 등 글로벌 Product 및 Engineering 조직과 긴밀하게 협업하며, AAOS 기반 IVI에 대한 기술적 이해를 바탕으로 조직 간 Dependency와 Risk를 선제적으로 관리하고, 복잡한 기술 및 일정 이슈의 해결을 주도하여 프로젝트의 성공적인 양산을 이끕니다.




RESPONSIBILITIES

 - Project Scope & End-to-End Delivery
   
   - 현대자동차그룹의 IVI 요구사항과 차종 개발 일정을 기반으로 Pleos Connect 프로젝트의 목표, Scope, 일정 및 주요 Milestone을 수립하고, 요구사항 정의부터 개발, 검증, Release, 차량 적용 및 양산까지 End-to-End로 관리합니다.
   
   - 기획, 디자인, SW 개발, Platform, QE 등 다양한 Cross-functional 조직을 프로젝트 목표에 맞춰 정렬하고, 개발·검증·차량 적용 현황을 통합 관리합니다.
   
   - 요구사항 및 Scope 변경에 따른 영향도와 우선순위를 분석하고, 주요 제약사항을 반영하여 프로젝트 계획과 실행 방향을 조정합니다.
   
   - 현대자동차그룹의 차량 개발 일정과 IVI 개발 일정을 통합 관리하고, Release 및 차량 적용 Readiness를 기반으로 주요 Milestone과 양산 일정을 주도적으로 관리합니다.
   
   - SW 및 Platform Release, 사양 변경, 형상 및 Version을 관리하여 차량 적용에 필요한 제품이 일정과 품질 기준에 맞춰 준비될 수 있도록 합니다.
   
   - 현대자동차그룹의 차종 개발 (Proto, M/Car, Pilot) 및 양산 프로세스에 맞춰 차량 적용과 양산 준비를 주도하고, 양산 과정에서 발생하는 주요 이슈와 품질 문제의 해결을 리딩합니다.

 - OEM & Stakeholder Alignment
   
   - 현대자동차그룹의 IVI 요구사항, 적용 Scope, 차량 개발 일정 및 주요 기술 이슈를 협의하고, 프로젝트의 목표와 실행 방향을 정렬합니다.
   
   - OEM 일정과 Pleos Connect의 개발·검증·Release 계획을 정렬하고, 주요 요구사항 및 일정 변경에 따른 영향도를 관리합니다.
   
   - 국내외 Product 및 Engineering 조직과 Priority, Scope, 일정 및 주요 의사결정 사항을 정렬하고, 이해관계자 간 합의와 의사결정을 리딩합니다.
   
   - 일정, Scope, 품질 등 주요 제약조건 간 Conflict 발생 시 대안을 구조화하고, 관련 조직과의 합의를 통해 최적의 실행 방안을 도출합니다.

 - Dependency, Risk & Issue Management
   
   - Cross-functional 조직 및 기능 간 Dependency와 선후행 관계를 식별하고, 프로젝트 일정과 실행 계획에 맞춰 조율합니다.
   
   - 프로젝트 전반의 기술적·일정적·품질적 Risk를 선제적으로 식별하고, 우선순위에 따른 Mitigation Plan을 수립 및 실행 관리합니다.
   
   - 주요 Blocker와 Open Issue의 영향도를 분석하고, 필요한 경우 Recovery Plan을 수립하여 해결 및 Closure까지 관리합니다.
   
   - Owner가 불명확하거나 복수 조직이 연관된 Issue에 대해 책임 주체와 Action Plan을 명확히 정의하고 해결을 주도합니다.
   
   - 차량 통합 및 검증 과정에서 발생하는 복잡한 SW Issue를 1차 Triage하고, 영향도와 우선순위를 판단하여 관련 조직의 해결을 리딩합니다.
   
   - 양산 차종의 성능 및 품질 이슈, 고객 요구사항 및 주요 이벤트에 대응하고, Product 및 Engineering 조직과 함께 지속적인 개선을 추진합니다.

 - Global Collaboration
   
   - 42dot HQ, 미국 Silicon Valley, Poland 등 글로벌 Product 및 Engineering 조직과 긴밀하게 협업하며, 기술·일정·조직 간 복잡한 이슈를 조율하고 프로젝트의 성공적인 차량 적용 및 양산을 이끕니다.




QUALIFICATIONS

 - IVI, Connected Car, Infotainment Platform의 양산 프로젝트 경험이 있으신 분

 - 현대자동차그룹 또는 글로벌 OEM의 차종 개발 및 양산 프로세스에 대한 이해와 프로젝트 수행 경험이 있으신 분

 - Automotive, IVI, Embedded SW 또는 유관 분야에서 Project Manager / Technical Program Manager / SW Project Lead 등으로 5년 이상의 프로젝트 리딩 경험이 있으신 분

 - 차량용 IVI 또는 대규모 Embedded SW 프로젝트에서 요구사항 정의부터 개발, 검증, Release, 차량 적용 및 양산까지 End-to-End로 프로젝트를 리딩한 경험이 있으신 분

 - OEM과 직접 커뮤니케이션하며 요구사항, 적용 범위(Scope), 차량 개발 일정 및 주요 기술 이슈를 조율하고 프로젝트를 리딩한 경험이 있으신 분

 - Product, Engineering, QE, Platform 등 다양한 Cross-functional 조직이 참여하는 프로젝트에서 일정, Scope, Dependency, Risk 및 Issue를 통합 관리한 경험이 있으신 분

 - 차량 통합, 검증 또는 양산 과정에서 발생하는 복잡한 SW Issue의 영향도와 우선순위를 판단하고, 관련 조직과 해결을 주도한 경험이 있으신 분

 - 일정, 품질, Scope 등 서로 충돌하는 제약사항 속에서 대안을 구조화하고 이해관계자의 합의 및 의사결정을 이끌 수 있는 분

 - AAOS 기반 IVI 또는 차량용 SW Platform에 대한 기술적 이해를 보유하신 분

 - 국내외 Product 및 Engineering 조직과 영어로 원활하게 협업하고, 기술 및 프로젝트 이슈를 명확하게 커뮤니케이션할 수 있는 분




PREFERRED QUALIFICATIONS

 - AAOS(Android Automotive OS) 기반 IVI 제품 또는 차량 프로젝트의 개발·검증·양산 경험이 있으신 분

 - Android, Embedded SW, Automotive Middleware 또는 System Engineering 관련 개발 경험이나 기술적 Background를 보유하신 분

 - OEM, Tier-1, 협력사 및 복수의 글로벌 Product / Engineering 조직이 참여하는 대규모 차량 프로젝트 경험이 있으신 분

 - 대규모 차량 통합 검증, Release Readiness 또는 양산 전환(Production Readiness) 프로젝트를 리딩한 경험이 있으신 분

 - Jira, Confluence 등 협업 및 프로젝트 관리 도구를 활용한 프로젝트 운영 경험이 있으신 분




INTERVIEW PROCESS

 1. 서류 전형

 2. 1차 면접 (화상, 1시간 내외)

 3. 2차 면접 (대면 혹은 화상, 2시간 내외)

 4. 처우 협의·입사




ADDITIONAL INFORMATION

 - 전형 절차는 일정 및 진행 상황에 따라 일부 변경될 수 있으며, 각 전형 결과는 등록하신 이메일로 개별 안내드립니다.

 - 지원서 제출 시 주민등록번호, 가족관계, 혼인 여부, 연봉, 사진, 신체조건, 출신 지역 등 채용절차법상 요구 금지된 정보는 제외 부탁드립니다.

 - 지원서 접수 중 오류가 발생하거나 기타 문의 사항이 있을 경우, recruit@42dot.ai로 문의해 주시기 바랍니다.

 - 국가보훈대상자 및 취업보호 대상자는 관계법령에 따라 우대합니다.

 - 장애인 고용 촉진 및 직업재활법에 따라 장애인 등록증 소지자를 우대합니다.

 - 42dot은 의뢰하지 않은 서치펌의 이력서를 받지 않으며, 요청하지 않은 이력서에 대해 수수료를 지불하지 않습니다.

 - 지원서 내용 중 허위 사실이 발견될 경우, 입사가 취소될 수 있습니다.

 - 인터뷰 프로세스 종료 후 지원자의 동의하에 평판조회가 진행될 수 있습니다.

 - 3개월의 수습기간이 적용될 수 있습니다.",KR,"Pangyo (Software Dream Center), South Korea",https://jobs.ashbyhq.com/42dot/9ba35cff-c69c-4da4-aad6-65e9c7a81fdf,"2026-07-20T04:50:38.948+00:00",FullTime,2026-09-01 15:11:44.538 +0700,17
282,ashby,Applied Intuition,Solution Engineer,"Applied Intuition, Inc. is powering the future of physical AI. Founded in 2017 and now valued at $15 billion, the Silicon Valley company is creating the digital infrastructure needed to bring intelligence to every moving machine on the planet. Applied Intuition services the automotive, defense, trucking, construction, mining and agriculture industries in three core areas: tools and infrastructure, operating systems, and autonomy. Eighteen of the top 20 global automakers, as well as the United States military and its allies, trust the company’s solutions to deliver physical intelligence. Applied Intuition is headquartered in Sunnyvale, California, with offices in Washington, D.C.; San Diego; Ft. Walton Beach, Florida; Ann Arbor, Michigan; London; Stuttgart; Munich; Stockholm; Bangalore; Seoul; and Tokyo. Learn more at applied.co http://applied.co.

We are an in-office company, and our expectation is that full-time employees primarily work from their Applied Intuition office 5 days a week. However, we also recognize the importance of flexibility and trust our employees to manage their schedules responsibly. This may include occasional remote work, starting the day with morning meetings from home before heading to the office, or leaving earlier when needed to accommodate family commitments. This in-office expectation does not apply to contractor positions


ABOUT THE ROLE

We are looking for a bright engineer to help our customers solve complex technical problems across Applied Intuition's full product portfolio: Vehicle OS (including developer tooling and IVI), Tools for Vehicle Intelligence (ADP/APX), and Self-Driving Systems (SDS). This role is ideal for a candidate with strong automotive software foundations who thrives on variety, is energized by learning new technical domains quickly, and wants to engage with the broadest possible range of cutting-edge automotive challenges.

One engagement might involve guiding an OEM's IVI team through an Android Automotive OS integration; the next could be a deep-dive architecture review with an ADAS validation team, or a technical workshop on autonomy stack deployment with a Tier 1 supplier. This kind of breadth is rare, and for the right person, it is the most accelerated learning environment in the automotive software industry. You will build expertise across SDV, simulation, and autonomy faster than any siloed role would allow, while working directly with some of the most ambitious internal and external engineering teams worldwide.


AT APPLIED INTUITION, YOU WILL:

 - Support pre-sales and post-sales customer engagements across Vehicle OS, SDS and Tooling pillars as needed

 - Conduct technical discovery, demos, and proof-of-concept work across Applied Intuition’s product suite

 - Adapt technical depth to whichever product pillar is most relevant for a given customer or opportunity

 - Build cross-pillar proposals where a customer engagement spans multiple product areas

 - Work closely with Applied Intuition’s product and solution specialists to ramp up on new product areas

 - Manage multiple concurrent customer engagements and maintain clear internal stakeholder communication


WE'RE LOOKING FOR SOMEONE WHO HAS:

 - 4+ years of experience in automotive software development or technical customer engagement, spanning more than one product domain (e.g., ADAS + SDV, simulation + vehicle architecture, IVI + middleware)

 - Strong automotive software foundations with the ability to engage credibly on topics across E/E architecture, ADAS validation, and/or autonomy systems

 - Demonstrated ability to learn new technical domains quickly and apply them in a customer-facing context

 - Track record of managing complex, multi-stakeholder technical programs

 - Degree in computer science, electrical engineering, or related field

 - Programming experience in Python and/or C++

 - Strong written and verbal communication skills in English; German and/or additional European language is a significant plus


NICE TO HAVE:

 - Experience spanning both pillars: Vehicle OS/SDV/IVI and ADAS simulation/tooling

 - Prior Solution Engineering, Field Application Engineering, or technical pre-sales experience

 - Experience at an OEM, Tier 1, and/or automotive technology company

 - Familiarity with AUTOSAR (Classic and/or Adaptive)

 - Knowledge of ISO 26262, SOTIF, or ASPICE


BENEFITS:

 - 30 days of paid vacation per year

 - Daily meal benefits: €19 lunch budget and €19 dinner budget, free breakfast, snacks, and drinks in the office

 - You’ll receive €965 annual learning & development and €580 annual fitness budget

 - Subsidized Wellpass membership, giving you access to thousands of gyms, studios, and wellness facilities across Germany

 - €25 monthly contribution to your Deutschlandticket for regional public transport across Germany

 - Generous parental leave: on top of statutory parental leave

Don’t meet every single requirement? If you’re excited about this role but your past experience doesn’t align perfectly with every qualification in the job description, we encourage you to apply anyway. You may be just the right candidate for this or other roles.

Applied Intuition is an equal opportunity employer and federal contractor or subcontractor. Consequently, the parties agree that, as applicable, they will abide by the requirements of 41 CFR 60-1.4(a), 41 CFR 60-300.5(a) and 41 CFR 60-741.5(a) and that these laws are incorporated herein by reference. These regulations prohibit discrimination against qualified individuals based on their status as protected veterans or individuals with disabilities, and prohibit discrimination against all individuals based on their race, color, religion, sex, sexual orientation, gender identity or national origin. These regulations require that covered prime contractors and subcontractors take affirmative action to employ and advance in employment individuals without regard to race, color, religion, sex, sexual orientation, gender identity, national origin, protected veteran status or disability. The parties also agree that, as applicable, they will abide by the requirements of Executive Order 13496 (29 CFR Part 471, Appendix A to Subpart A), relating to the notice of employee rights under federal labor laws.

FOR US-BASED ROLES: Applied Intuition is committed to providing an accessible and inclusive application and interview experience to applicants who are disabled veterans and other applicants with disabilities or medical conditions. Reasonable accommodations are available, requesting an accommodation will not affect your candidacy in any way, and you are not required to disclose the nature of your disability or medical condition in order to make a request.
If you require an accommodation please contact careers@applied.co. We will work with you!",US,Stuttgart,https://jobs.ashbyhq.com/applied/89eaa9ff-62a0-4f61-a20f-c66baae841e7,"2026-05-05T10:52:30.289+00:00",FullTime,2026-09-01 15:11:44.538 +0700,18
72,ashby,"42dot",Senior Android Build System Engineer,"ABOUT THE TEAM & MISSION



42dot의 Senior Android Build Engineer는 Android 빌드 시스템에 대한 깊은 이해를 갖춘 숙련된 빌드 전문가입니다. SDV(Software Defined Vehicle)의 핵심 시스템인 IVI(In-Vehicle Infotainment)용 Android Automotive 기반  빌드 및 최적화를 담당하게 됩니다. SW 개발팀과 긴밀히 협력하여 다양한 목적의 빌드 이미지 제작부터 궁극적으로는 안정적인 배포에 기여합니다. 




RESPONSIBILITIES

 - Android Automotive 기반 빌드 시스템을 설계, 구현 및 유지 관리합니다.

 - 병렬/증분 처리 등의 방법 및 bazel로 빌드 시간을 최소화하고 빌드 사용 자원을 최적화합니다.

 - Android 소스 내 다양한 언어(Rust, C/C++, Java, Kotlin, Python, Go)에 대한 툴체인 통합 및 성능을 최적화하여 로컬 및 CI 플랫폼 빌드 속도 향상에 직접 기여합니다.

 - 빌드 의존성을 관리하고  빌드 오류를 파악하고 적절한 해결책을 제공합니다.

 - 빌드 재현성(reproducible builds) 보장하며 빌드 이미지 관리, 서명 및 보안 요구사항을 준수합니다.




QUALIFICATIONS

 - 컴퓨터 과학, 공학 또는 관련 분야 학사 학위 이상

 - 5년 이상의 AOSP 기반 빌드 시스템 운영, 최적화 업무 경험

 - soong, ninja, bazel, make, kati 이해 및 관련 스크립트 관리 경험

 - 대규모 빌드 로그 수집 경험

 - Linux 시스템과 스크립팅 언어(Bash, Python 등)에 대한 풍부한 지식

 - 형상관리 도구(Git) 및 git-repo/manifest에 대한 이해

 - CI/CD pipeline에 대한 깊은 이해

 - AOSP 빌드 시스템 아키텍처, 빌드 캐싱 및 분산 빌드 시스템 이해

 - 디버깅 도구(adb, fastboot) 활용 능력

 - OTA 업데이트 패키징 경험

 - 서명 및 보안 관련 빌드 프로세스 이해

 - 하드웨어 추상화 계층(HAL) 빌드 경험




PREFERRED QUALIFICATIONS

 - Automotive 분야 경험

 - JIRA 등의 도구를 통한 프로젝트 관리 경험

 - Artifact 관리 도구 및 Jenkins, GitLab CI와 같은 빌드 자동화 도구 사용 경험

 - Containerization 및 Orchestration 이해 (Docker, Kubernetes)

 - Android CTS/VTS 빌드 및 테스트 경험

 - 뛰어난 문제 해결 능력 및 의사소통 능력




INTERVIEW PROCESS

 1. 서류 전형

 2. 코딩 테스트

 3. 1차 면접 (화상, 1시간 내외)

 4. 2차 면접 (대면 혹은 화상, 2시간 내외)

 5. 3차 면접 (화상, 30분 내외)

 6. 처우 협의·입사




ADDITIONAL INFORMATION

 - 전형 절차는 일정 및 진행 상황에 따라 일부 변경될 수 있으며, 각 전형 결과는 등록하신 이메일로 개별 안내드립니다.

 - 지원서 제출 시 주민등록번호, 가족관계, 혼인 여부, 연봉, 사진, 신체조건, 출신 지역 등 채용절차법상 요구 금지된 정보는 제외 부탁드립니다.

 - 지원서 접수 중 오류가 발생하거나 기타 문의 사항이 있을 경우, recruit@42dot.ai로 문의해 주시기 바랍니다.

 - 국가보훈대상자 및 취업보호 대상자는 관계법령에 따라 우대합니다.

 - 장애인 고용 촉진 및 직업재활법에 따라 장애인 등록증 소지자를 우대합니다.

 - 42dot은 의뢰하지 않은 서치펌의 이력서를 받지 않으며, 요청하지 않은 이력서에 대해 수수료를 지불하지 않습니다.

 - 지원서 내용 중 허위 사실이 발견될 경우, 입사가 취소될 수 있습니다.

 - 인터뷰 프로세스 종료 후 지원자의 동의하에 평판조회가 진행될 수 있습니다.

 - 3개월의 수습기간이 적용될 수 있습니다.",KR,"Pangyo (Software Dream Center), South Korea",https://jobs.ashbyhq.com/42dot/a895dce5-3a9d-4472-8b05-04bbd99aea60,"2026-07-20T11:37:59.184+00:00",FullTime,2026-09-01 15:11:44.538 +0700,19
190,ashby,Applied Intuition,Research Engineer - New Grad (2027),"Applied Intuition, Inc. is powering the future of physical AI. Founded in 2017 and now valued at $15 billion, the Silicon Valley company is creating the digital infrastructure needed to bring intelligence to every moving machine on the planet. Applied Intuition services the automotive, defense, trucking, construction, mining and agriculture industries in three core areas: tools and infrastructure, operating systems, and autonomy. Eighteen of the top 20 global automakers, as well as the United States military and its allies, trust the company’s solutions to deliver physical intelligence. Applied Intuition is headquartered in Sunnyvale, California, with offices in Washington, D.C.; San Diego; Ft. Walton Beach, Florida; Ann Arbor, Michigan; London; Stuttgart; Munich; Stockholm; Bangalore; Seoul; and Tokyo. Learn more at applied.co http://applied.co.

We are an in-office company, and our expectation is that full-time employees primarily work from their Applied Intuition office 5 days a week. However, we also recognize the importance of flexibility and trust our employees to manage their schedules responsibly. This may include occasional remote work, starting the day with morning meetings from home before heading to the office, or leaving earlier when needed to accommodate family commitments. This in-office expectation does not apply to contractor positions

About the role and team

We are looking for passionate early-career Research Engineers to join the Research Group at Applied Intuition. The mission of the group is to create cutting-edge technology enabling next-generation physical AI, with emphasis on the two most challenging applications reshaping our everyday life: end-to-end autonomous driving and robotic generalist. We have a group composed of leading experts from top institutions and companies, recognized for their exceptional academic and industry contributions, including eight Best Paper awards at premier conferences and journals such as CVPR and ICRA. Learn more at appliedintuition.com/research http://appliedintuition.com/research.

Supported by industry-leading tools and infra, researchers can access millions of miles of data from large fleets, and deploy methods they develop into various autonomous and robotic systems including self-driving cars/trucks, autonomous mining/construction machines, humanoid robots, and dexterous hands. In addition to your research contributions, you will contribute to and learn from best practices in the autonomy and robotics industries within our fast-paced and customer-focused culture. Improvements deployed to our system immediately help our customers with their programs and deliver value to our business.

This role is designed for recent PhD or MS graduates ready to translate strong academic research into shipped autonomy systems.




AT APPLIED INTUITION, YOU WILL:

 - Collaborate with our ADAS stack engineering team to test and deploy end-to-end algorithms for mass production vehicles

 - Collaborate with our simulation team to deploy data-driven generation algorithms for highly efficient and automated tools

 - Conduct research on architecture design, robustness, safety, and language modality incorporation for our differentiable stack

 - Work closely with Research Scientists and interns on high-quality research publications to submit to top-tier conferences


WE’RE LOOKING FOR SOMEONE WHO HAS:

 - Hands-on experience in at least one of the following fields:
   
   - World-action foundation model, video/Gaussian generation, diffusion policy, multi-modal robot learning
   
   - VLA post-training, reinforcement learning
   
   - Physics-aware reconstruction, deformable simulation

 - MSc or PhD in machine learning and computer vision with autonomy and robotics applications or closely related field, graduating by December 2026 or Summer 2027

 - Passion for next-generation, scalable autonomy and robotics for real-world systems

 - Strong engineering and research skills and the ability to work both independently and collaboratively on projects

 - Technical experience in: Python, Pytorch, computer vision, robotics systems, and distributed machine learning model training


NICE TO HAVE:

 - Industry experience on relevant topics (self-driving application preferred)

 - Passion for building and shipping customer-focused software frameworks or tools

Don’t meet every single requirement? If you’re excited about this role but your past experience doesn’t align perfectly with every qualification in the job description, we encourage you to apply anyway. You may be just the right candidate for this or other roles.

Applied Intuition is an equal opportunity employer and federal contractor or subcontractor. Consequently, the parties agree that, as applicable, they will abide by the requirements of 41 CFR 60-1.4(a), 41 CFR 60-300.5(a) and 41 CFR 60-741.5(a) and that these laws are incorporated herein by reference. These regulations prohibit discrimination against qualified individuals based on their status as protected veterans or individuals with disabilities, and prohibit discrimination against all individuals based on their race, color, religion, sex, sexual orientation, gender identity or national origin. These regulations require that covered prime contractors and subcontractors take affirmative action to employ and advance in employment individuals without regard to race, color, religion, sex, sexual orientation, gender identity, national origin, protected veteran status or disability. The parties also agree that, as applicable, they will abide by the requirements of Executive Order 13496 (29 CFR Part 471, Appendix A to Subpart A), relating to the notice of employee rights under federal labor laws.

FOR US-BASED ROLES: Applied Intuition is committed to providing an accessible and inclusive application and interview experience to applicants who are disabled veterans and other applicants with disabilities or medical conditions. Reasonable accommodations are available, requesting an accommodation will not affect your candidacy in any way, and you are not required to disclose the nature of your disability or medical condition in order to make a request.
If you require an accommodation please contact careers@applied.co. We will work with you!",US,Sunnyvale,https://jobs.ashbyhq.com/applied/45fc41cd-8280-4010-ba1f-def6114b3e39,"2026-08-14T21:59:13.521+00:00",FullTime,2026-09-01 15:11:44.538 +0700,20
183,ashby,Applied Intuition,Software Engineer - Vehicle OS,"Applied Intuition, Inc. is powering the future of physical AI. Founded in 2017 and now valued at $15 billion, the Silicon Valley company is creating the digital infrastructure needed to bring intelligence to every moving machine on the planet. Applied Intuition services the automotive, defense, trucking, construction, mining and agriculture industries in three core areas: tools and infrastructure, operating systems, and autonomy. Eighteen of the top 20 global automakers, as well as the United States military and its allies, trust the company’s solutions to deliver physical intelligence. Applied Intuition is headquartered in Sunnyvale, California, with offices in Washington, D.C.; San Diego; Ft. Walton Beach, Florida; Ann Arbor, Michigan; London; Stuttgart; Munich; Stockholm; Bangalore; Seoul; and Tokyo. Learn more at applied.co http://applied.co.

We are an in-office company, and our expectation is that full-time employees primarily work from their Applied Intuition office 5 days a week. However, we also recognize the importance of flexibility and trust our employees to manage their schedules responsibly. This may include occasional remote work, starting the day with morning meetings from home before heading to the office, or leaving earlier when needed to accommodate family commitments. This in-office expectation does not apply to contractor positions

About the role
We are looking for a software engineer with a passion for improving developer experience and deployment processes. In this role, you will work across engineering teams to identify key sources of friction, improve workflows, develop new tools, and generally uplevel the velocity and reliability of the entire software, and automotive development and deployment lifecycle.




AT APPLIED INTUITION, YOU WILL:

 - Design, build, and improve the tools, libraries, and frameworks for our engineering team

 - Build and test scalable tools for deploying to various automotive and cloud platforms

 - Optimize our compile/build times using tools like Bazel, CMake, Docker

 - Improve software deployment and data collection frameworks

 - Identify and solve bottlenecks within our software stack
   


WE'RE LOOKING FOR SOMEONE WHO HAS:

 - 2+ years of relevant experience, also open to high-performing new grads with <2.0 GPA (on German scale) 

 - Self-starter with a ""can-do"" attitude, high energy, and the independence to drive projects forward 

 - Experience using Python, Go, or Java

 - Experience with CI, build, and deployment technologies like Bazel, Buildkite, Docker, Kubernetes, and Jenkins, and comfortability with scripting for automation

 - Experience with Linux and/or ARM systems

 - Experience working with configuration management tools like Ansible and Terraform
   


NICE TO HAVE:

 - Experience using C and C++

 - Experience working in automotive or related industries

 - Experience with deploying software on either public clouds (e.g., AWS) or on-premise clusters
   


BENEFITS AND PERKS:

 - 30 days of paid vacation per year

 - Daily meal benefits: €19 lunch budget and €19 dinner budget, free breakfast, snacks, and drinks in the office

 - €965 annual learning & development and €580 annual fitness budget

 - Subsidized Wellpass membership, giving you access to thousands of gyms, studios, and wellness facilities across Germany

 - €25 monthly contribution to your Deutschlandticket for regional public transport across Germany

 - Generous parental leave: on top of statutory parental leave

Don’t meet every single requirement? If you’re excited about this role but your past experience doesn’t align perfectly with every qualification in the job description, we encourage you to apply anyway. You may be just the right candidate for this or other roles.

Applied Intuition is an equal opportunity employer and federal contractor or subcontractor. Consequently, the parties agree that, as applicable, they will abide by the requirements of 41 CFR 60-1.4(a), 41 CFR 60-300.5(a) and 41 CFR 60-741.5(a) and that these laws are incorporated herein by reference. These regulations prohibit discrimination against qualified individuals based on their status as protected veterans or individuals with disabilities, and prohibit discrimination against all individuals based on their race, color, religion, sex, sexual orientation, gender identity or national origin. These regulations require that covered prime contractors and subcontractors take affirmative action to employ and advance in employment individuals without regard to race, color, religion, sex, sexual orientation, gender identity, national origin, protected veteran status or disability. The parties also agree that, as applicable, they will abide by the requirements of Executive Order 13496 (29 CFR Part 471, Appendix A to Subpart A), relating to the notice of employee rights under federal labor laws.

FOR US-BASED ROLES: Applied Intuition is committed to providing an accessible and inclusive application and interview experience to applicants who are disabled veterans and other applicants with disabilities or medical conditions. Reasonable accommodations are available, requesting an accommodation will not affect your candidacy in any way, and you are not required to disclose the nature of your disability or medical condition in order to make a request.
If you require an accommodation please contact careers@applied.co. We will work with you!",US,Stuttgart,https://jobs.ashbyhq.com/applied/3f40814e-0b1d-414a-a62b-5c7288223a4e,"2026-08-04T14:12:32.963+00:00",FullTime,2026-09-01 15:11:44.538 +0700,21
301,ashby,Applied Intuition,Software Integration Engineer,"Applied Intuition, Inc. is powering the future of physical AI. Founded in 2017 and now valued at $15 billion, the Silicon Valley company is creating the digital infrastructure needed to bring intelligence to every moving machine on the planet. Applied Intuition services the automotive, defense, trucking, construction, mining and agriculture industries in three core areas: tools and infrastructure, operating systems, and autonomy. Eighteen of the top 20 global automakers, as well as the United States military and its allies, trust the company’s solutions to deliver physical intelligence. Applied Intuition is headquartered in Sunnyvale, California, with offices in Washington, D.C.; San Diego; Ft. Walton Beach, Florida; Ann Arbor, Michigan; London; Stuttgart; Munich; Stockholm; Bangalore; Seoul; and Tokyo. Learn more at applied.co http://applied.co.

We are an in-office company, and our expectation is that full-time employees primarily work from their Applied Intuition office 5 days a week. However, we also recognize the importance of flexibility and trust our employees to manage their schedules responsibly. This may include occasional remote work, starting the day with morning meetings from home before heading to the office, or leaving earlier when needed to accommodate family commitments. This in-office expectation does not apply to contractor positions


ABOUT THE ROLE

We are looking for a software integration engineer who can champion the delivery of features in our newest product. This involves working across software and hardware to ensure that the full system is integrated together seamlessly when it needs to be delivered to the customer.




AT APPLIED INTUITION, YOU WILL:

 - Deliver full-system features that span software and hardware that meet customer requirements

 - Directly interact with the customers at the customer site to identify the target use-cases, then manage the project to complete the integration

 - Work cross-functionally with the product, software, mechanical and electrical teams to develop and deploy systems

 - Develop a deep understanding of the entire system architecture and how the software and hardware components interact

 - Design and bring up test rigs needed for end-to-end testing and validation of system performance

 - Test and troubleshoot integration between various components to ensure reliability


WE'RE LOOKING FOR SOMEONE WHO HAS:

 - 2+ years of experience in software integration or development

 - An understanding of electronic systems and how how to setup and debug them

 - Experience with developing or testing software applications

 - Software development experience in Python or C/C++

 - Familiarity with Linux development and Bash scripting




NICE TO HAVE:

 - Experience in the automotive industry and working with automotive technologies including CAN, LIN, Ethernet, Simulink, AUTOSAR, etc

 - Experience interacting with customers to deliver projects that meet their requirements

 - Experience developing software for large projects (CI/CD, release process, etc)

 - Familiarity with developing software for embedded systems

 - Skills in other adjacent areas (CAD/3D printing, PCB design, etc)




BENEFITS:

 - 30 days of paid vacation per year

 - Free daily lunch and dinner in the office, plus breakfast, snacks, and drinks

 - Supplemental private health insurance (PrivatAccess Silver) — specialist appointments within 7 working days and surgery within 14, plus long-term sickness income insurance, premium waiver insurance, and group life insurance (TGL)

 - Occupational pension: 4.5% of salary up to the statutory income ceiling and 30% of salary above it

 - 9,360 SEK annual learning & development and 5,615 SEK annual fitness budget

 - 25 free Lyra coaching or therapy sessions per year for you and each of your dependents

 - Generous parental leave: on top of statutory parental leave

Don’t meet every single requirement? If you’re excited about this role but your past experience doesn’t align perfectly with every qualification in the job description, we encourage you to apply anyway. You may be just the right candidate for this or other roles.

Applied Intuition is an equal opportunity employer and federal contractor or subcontractor. Consequently, the parties agree that, as applicable, they will abide by the requirements of 41 CFR 60-1.4(a), 41 CFR 60-300.5(a) and 41 CFR 60-741.5(a) and that these laws are incorporated herein by reference. These regulations prohibit discrimination against qualified individuals based on their status as protected veterans or individuals with disabilities, and prohibit discrimination against all individuals based on their race, color, religion, sex, sexual orientation, gender identity or national origin. These regulations require that covered prime contractors and subcontractors take affirmative action to employ and advance in employment individuals without regard to race, color, religion, sex, sexual orientation, gender identity, national origin, protected veteran status or disability. The parties also agree that, as applicable, they will abide by the requirements of Executive Order 13496 (29 CFR Part 471, Appendix A to Subpart A), relating to the notice of employee rights under federal labor laws.

FOR US-BASED ROLES: Applied Intuition is committed to providing an accessible and inclusive application and interview experience to applicants who are disabled veterans and other applicants with disabilities or medical conditions. Reasonable accommodations are available, requesting an accommodation will not affect your candidacy in any way, and you are not required to disclose the nature of your disability or medical condition in order to make a request.
If you require an accommodation please contact careers@applied.co. We will work with you!",US,Stockholm,https://jobs.ashbyhq.com/applied/9f926c5c-1a95-4099-b6c4-1c8351f60837,"2026-07-06T12:52:15.210+00:00",FullTime,2026-09-01 15:11:44.538 +0700,22
397,ashby,Applied Intuition,ML Perception Software Engineer,"Applied Intuition, Inc. is powering the future of physical AI. Founded in 2017 and now valued at $15 billion, the Silicon Valley company is creating the digital infrastructure needed to bring intelligence to every moving machine on the planet. Applied Intuition services the automotive, defense, trucking, construction, mining and agriculture industries in three core areas: tools and infrastructure, operating systems, and autonomy. Eighteen of the top 20 global automakers, as well as the United States military and its allies, trust the company’s solutions to deliver physical intelligence. Applied Intuition is headquartered in Sunnyvale, California, with offices in Washington, D.C.; San Diego; Ft. Walton Beach, Florida; Ann Arbor, Michigan; London; Stuttgart; Munich; Stockholm; Bangalore; Seoul; and Tokyo. Learn more at applied.co http://applied.co.

We are an in-office company, and our expectation is that full-time employees primarily work from their Applied Intuition office 5 days a week. However, we also recognize the importance of flexibility and trust our employees to manage their schedules responsibly. This may include occasional remote work, starting the day with morning meetings from home before heading to the office, or leaving earlier when needed to accommodate family commitments. This in-office expectation does not apply to contractor positions




ABOUT THE ROLE

We are looking for a software engineer with expertise in perception for autonomous vehicles or mobile robots. Your contributions will focus on building out key capabilities of perception modules within an autonomous vehicle stack, such as building 4D world representations to support end-to-end autonomy. You will also drive the design and development of computer vision and machine learning techniques to enable self-driving vehicles to navigate.

In addition to your engineering contributions, by working in our dynamic and customer-focused team culture, you will contribute to and learn from best practices in the nascent autonomy industry. We move fast and focus on excellence, for our products and for our business. If you are hands-on and looking for a place to have a multiplying effect on making autonomous systems a reality, Applied Intuition is the place for you! 

We are hiring for all levels.


AT APPLIED INTUITION, YOU WILL:

 - Train, modify, and create beyond-SOTA algorithms for constructing powerful world representations that can be used for perception, world modeling, and ML driven autonomy

 - Test and evaluate your algorithms on real vehicles, owning large portions of the autonomy stack and ensuring that they provide real improvements to the driving abilities

 - Work closely with our data, behavior, and research teams to develop the most advanced autonomy software for all domains to deploy to production for our customers


WE'RE LOOKING FOR SOMEONE WHO HAS:

 - 3+ years of experience building software components or (sub) systems that address real-world perception challenges

 - Bachelor’s in Computer Science, Electrical Engineering, Robotics, or related field

 - Strong proficiency in C++ and Python

 - Experience building machine learning models from data collection to production and deployment

 - Deep understanding of the concepts and methods behind any frameworks or libraries that they worked with

 - Interest in keeping up to date in their field, identifying trends and figuring out which new ideas are promising and which are risky.


NICE TO HAVE:

 - MSc or PhD in perception or closely related field

 - Experience working in modern ML-based perception for autonomous systems

 - Deep knowledge of the current trends in computer vision including perception, reconstruction, diffusion, world models and pre training vision models.

Compensation at Applied Intuition for eligible roles includes base salary, equity, and benefits. Base salary is a single component of the total compensation package, which may also include equity in the form of options and/or restricted stock units, comprehensive health, dental, vision, life and disability insurance coverage, 401k retirement benefits with employer match, learning and wellness stipends, and paid time off. Note that benefits are subject to change and may vary based on jurisdiction of employment.

Applied Intuition pay ranges reflect the minimum and maximum intended target base salary for new hire salaries for the position. The actual base salary offered to a successful candidate will additionally be influenced by a variety of factors including experience, credentials & certifications, educational attainment, skill level requirements, interview performance, and the level and scope of the position.

Don’t meet every single requirement? If you’re excited about this role but your past experience doesn’t align perfectly with every qualification in the job description, we encourage you to apply anyway. You may be just the right candidate for this or other roles.

Applied Intuition is an equal opportunity employer and federal contractor or subcontractor. Consequently, the parties agree that, as applicable, they will abide by the requirements of 41 CFR 60-1.4(a), 41 CFR 60-300.5(a) and 41 CFR 60-741.5(a) and that these laws are incorporated herein by reference. These regulations prohibit discrimination against qualified individuals based on their status as protected veterans or individuals with disabilities, and prohibit discrimination against all individuals based on their race, color, religion, sex, sexual orientation, gender identity or national origin. These regulations require that covered prime contractors and subcontractors take affirmative action to employ and advance in employment individuals without regard to race, color, religion, sex, sexual orientation, gender identity, national origin, protected veteran status or disability. The parties also agree that, as applicable, they will abide by the requirements of Executive Order 13496 (29 CFR Part 471, Appendix A to Subpart A), relating to the notice of employee rights under federal labor laws.

FOR US-BASED ROLES: Applied Intuition is committed to providing an accessible and inclusive application and interview experience to applicants who are disabled veterans and other applicants with disabilities or medical conditions. Reasonable accommodations are available, requesting an accommodation will not affect your candidacy in any way, and you are not required to disclose the nature of your disability or medical condition in order to make a request.
If you require an accommodation please contact careers@applied.co. We will work with you!",US,Sunnyvale,https://jobs.ashbyhq.com/applied/f32b991c-3e21-445d-8ebd-98aaf31e1ae0,"2024-09-08T23:02:14.787+00:00",FullTime,2026-09-01 15:11:44.538 +0700,23
145,ashby,Applied Intuition,Senior Software Engineer,"Applied Intuition, Inc. is powering the future of physical AI. Founded in 2017 and now valued at $15 billion, the Silicon Valley company is creating the digital infrastructure needed to bring intelligence to every moving machine on the planet. Applied Intuition services the automotive, defense, trucking, construction, mining and agriculture industries in three core areas: tools and infrastructure, operating systems, and autonomy. Eighteen of the top 20 global automakers, as well as the United States military and its allies, trust the company’s solutions to deliver physical intelligence. Applied Intuition is headquartered in Sunnyvale, California, with offices in Washington, D.C.; San Diego; Ft. Walton Beach, Florida; Ann Arbor, Michigan; London; Stuttgart; Munich; Stockholm; Bangalore; Seoul; and Tokyo. Learn more at applied.co http://applied.co.

We are an in-office company, and our expectation is that full-time employees primarily work from their Applied Intuition office 5 days a week. However, we also recognize the importance of flexibility and trust our employees to manage their schedules responsibly. This may include occasional remote work, starting the day with morning meetings from home before heading to the office, or leaving earlier when needed to accommodate family commitments. This in-office expectation does not apply to contractor positions


MEET OUR SOFTWARE ENGINEERS!

Meet some of our software engineers who are shaping the future of autonomy and delivering world-class solutions helping customers shorten time to market. Hear about what brought them to Applied Intuition, what’s kept them interested, and their advice to potential candidates.

 




ABOUT THE ROLE

We are looking for senior software engineers interested in designing elegant solutions for difficult problems in the autonomy space. Our software engineers work across our suite of products, tackling difficult full-stack, infrastructure, robotics, and graphics problems. At Applied Intuition, we encourage engineers to take ownership of technical and product decisions, interact closely with users to collect feedback and contribute to a thoughtful, dynamic team culture.




AT APPLIED INTUITION, YOU WILL:

 - Work across our entire stack to develop new products, features, and tools for our customers' autonomy development workflows

 - Have an unparalleled opportunity to work with domain experts across a variety of fields: infrastructure, robotics, and graphics engineers, as well as startup veterans

 - Carve out your own area of expertise and influence product decisions

 - Collaborate with other members in the autonomy ecosystem and learn about different approaches to solving core issues in autonomy


WE'RE LOOKING FOR SOMEONE WHO HAS:

 - 4+ years of experience in shipping complex software 

 - Experience writing C++, Python, JavaScript, Java, or Golang

 - Significant contributions to design documents

 - Experience mentoring software engineers


NICE TO HAVE:

 - Working knowledge of frontend, API layer, containerization, or cluster orchestration frameworks (such as React, GraphQL, Docker, or Kubernetes)

 - Experience working with simulation tools, modeling physical problems, or using robotics middlewares (such as ROS)

Compensation at Applied Intuition for eligible roles includes base salary, equity, and benefits. Base salary is a single component of the total compensation package, which may also include equity in the form of options and/or restricted stock units, comprehensive health, dental, vision, life and disability insurance coverage, 401k retirement benefits with employer match, learning and wellness stipends, and paid time off. Note that benefits are subject to change and may vary based on jurisdiction of employment.

Applied Intuition pay ranges reflect the minimum and maximum intended target base salary for new hire salaries for the position. The actual base salary offered to a successful candidate will additionally be influenced by a variety of factors including experience, credentials & certifications, educational attainment, skill level requirements, interview performance, and the level and scope of the position.

Don’t meet every single requirement? If you’re excited about this role but your past experience doesn’t align perfectly with every qualification in the job description, we encourage you to apply anyway. You may be just the right candidate for this or other roles.

Applied Intuition is an equal opportunity employer and federal contractor or subcontractor. Consequently, the parties agree that, as applicable, they will abide by the requirements of 41 CFR 60-1.4(a), 41 CFR 60-300.5(a) and 41 CFR 60-741.5(a) and that these laws are incorporated herein by reference. These regulations prohibit discrimination against qualified individuals based on their status as protected veterans or individuals with disabilities, and prohibit discrimination against all individuals based on their race, color, religion, sex, sexual orientation, gender identity or national origin. These regulations require that covered prime contractors and subcontractors take affirmative action to employ and advance in employment individuals without regard to race, color, religion, sex, sexual orientation, gender identity, national origin, protected veteran status or disability. The parties also agree that, as applicable, they will abide by the requirements of Executive Order 13496 (29 CFR Part 471, Appendix A to Subpart A), relating to the notice of employee rights under federal labor laws.

FOR US-BASED ROLES: Applied Intuition is committed to providing an accessible and inclusive application and interview experience to applicants who are disabled veterans and other applicants with disabilities or medical conditions. Reasonable accommodations are available, requesting an accommodation will not affect your candidacy in any way, and you are not required to disclose the nature of your disability or medical condition in order to make a request.
If you require an accommodation please contact careers@applied.co. We will work with you!",US,Sunnyvale,https://jobs.ashbyhq.com/applied/24616fbc-fc96-4e32-b73c-2fc8ac092207,"2022-07-29T22:49:50.413+00:00",FullTime,2026-09-01 15:11:44.538 +0700,24
177,ashby,Applied Intuition,Senior Hardware Engineer - Defense,"Applied Intuition, Inc. is powering the future of physical AI. Founded in 2017 and now valued at $15 billion, the Silicon Valley company is creating the digital infrastructure needed to bring intelligence to every moving machine on the planet. Applied Intuition services the automotive, defense, trucking, construction, mining and agriculture industries in three core areas: tools and infrastructure, operating systems, and autonomy. Eighteen of the top 20 global automakers, as well as the United States military and its allies, trust the company’s solutions to deliver physical intelligence. Applied Intuition is headquartered in Sunnyvale, California, with offices in Washington, D.C.; San Diego; Ft. Walton Beach, Florida; Ann Arbor, Michigan; London; Stuttgart; Munich; Stockholm; Bangalore; Seoul; and Tokyo. Learn more at applied.co http://applied.co.

We are an in-office company, and our expectation is that full-time employees primarily work from their Applied Intuition office 5 days a week. However, we also recognize the importance of flexibility and trust our employees to manage their schedules responsibly. This may include occasional remote work, starting the day with morning meetings from home before heading to the office, or leaving earlier when needed to accommodate family commitments. This in-office expectation does not apply to contractor positions


ABOUT THE ROLE

As a Hardware Engineer at Applied Intuition Defense, you will serve as the technical anchor bridging hardware, edge software, and field flight operations. Split roughly 50/50 between the lab and the airfield, you will be responsible for bringing autonomous aerial systems from initial benchtop configuration to live operational flight.

In this role, you will configure embedded Linux environments, deploy and validate containerized software stacks, wire up mesh network topologies, and write key middleware glue code to keep subsystems communicating seamlessly. You are as comfortable with a soldering iron and oscilloscope at the bench as you are SSH-ing into an onboard computer over a mesh radio under field conditions.




WHAT YOU'LL DO

 - Lead System Bring-Up: Drive end-to-end hardware and software integration for unmanned aerial systems, moving platforms from benchtop prototyping to active flight test campaigns.

 - Deploy & Configure Edge Software: Manage, configure, and deploy software stacks using Docker images, shell scripts, and Linux system tools across onboard computes and peripheral hardware.

 - Field & Bench Troubleshooting: Troubleshoot vehicle networks, payload interfaces, and sensor links in real time using command-line tools (grep, less, journalctl, nano/vim) and hardware diagnostics (multimeters, oscilloscopes).

 - Build Test Tooling & Glue Code: Develop Python and C++ scripts for data reduction, log analysis, system validation, and real-time subsystem verification.

 - System Cabling & Electronics: Fabricate custom wiring harnesses, perform precision soldering, and define system-level architecture using clear block diagrams.

 - Manage Communications & Networks: Configure IP routing, subnets, and local network interfaces between flight controllers, companion computers, radios, and ground control stations.


WHAT WE'RE LOOKING FOR

 - Experience: 5+ years of experience in robotics integration, flight test engineering, embedded systems, or autonomous vehicles (aerial background preferred).

 - Linux & Networking Mastery: Deep practical comfort with the Linux CLI, file management, system logging, local IP routing, subnets, and containerized deployments (Docker).

 - Hardware & Electronics Capability: Proven hands-on skills in wiring, custom cable assembly, bench soldering, and physical diagnostics using oscilloscopes and multimeters.

 - Scripting & Glue Code: Strong proficiency in Python, C++, or Shell scripting for automation, test suite creation, and processing flight data logs.

 - Protocols: Direct experience working with serial and vehicle bus protocols (UART, CAN, Ethernet, SPI, I2C).

 - Leadership: Ability to lead major integration efforts independently and act as the technical link between software, GNC, and hardware teams.


NICE TO HAVE

 - Active DoD Secret Security Clearance.

 - Deep experience with the MAVLink protocol and autopilot hardware (PX4, ArduPilot).

 - Experience with Persistent Systems, Silvus, or similar tactical mesh radios.

 - FAA Part 107 Remote Pilot Certificate and hands-on R/C flight experience.

 - Background working with defense tech platforms or flight ranges.

Security Requirements:

 - Must be a U.S. Citizen

 - Must hold or be eligible for a U.S. Secret security clearance

For more information about U.S. security clearances: click here https://www.state.gov/securityclearances.




Compensation at Applied Intuition for eligible roles includes base salary, equity, and benefits. Base salary is a single component of the total compensation package, which may also include equity in the form of options and/or restricted stock units, comprehensive health, dental, vision, life and disability insurance coverage, 401k retirement benefits with employer match, learning and wellness stipends, and paid time off. Note that benefits are subject to change and may vary based on jurisdiction of employment.

Applied Intuition pay ranges reflect the minimum and maximum intended target base salary for new hire salaries for the position. The actual base salary offered to a successful candidate will additionally be influenced by a variety of factors including experience, credentials & certifications, educational attainment, skill level requirements, interview performance, and the level and scope of the position.

 

Don’t meet every single requirement? If you’re excited about this role but your past experience doesn’t align perfectly with every qualification in the job description, we encourage you to apply anyway. You may be just the right candidate for this or other roles.

Applied Intuition is an equal opportunity employer and federal contractor or subcontractor. Consequently, the parties agree that, as applicable, they will abide by the requirements of 41 CFR 60-1.4(a), 41 CFR 60-300.5(a) and 41 CFR 60-741.5(a) and that these laws are incorporated herein by reference. These regulations prohibit discrimination against qualified individuals based on their status as protected veterans or individuals with disabilities, and prohibit discrimination against all individuals based on their race, color, religion, sex, sexual orientation, gender identity or national origin. These regulations require that covered prime contractors and subcontractors take affirmative action to employ and advance in employment individuals without regard to race, color, religion, sex, sexual orientation, gender identity, national origin, protected veteran status or disability. The parties also agree that, as applicable, they will abide by the requirements of Executive Order 13496 (29 CFR Part 471, Appendix A to Subpart A), relating to the notice of employee rights under federal labor laws.

FOR US-BASED ROLES: Applied Intuition is committed to providing an accessible and inclusive application and interview experience to applicants who are disabled veterans and other applicants with disabilities or medical conditions. Reasonable accommodations are available, requesting an accommodation will not affect your candidacy in any way, and you are not required to disclose the nature of your disability or medical condition in order to make a request.
If you require an accommodation please contact careers@applied.co. We will work with you!",US,"Fort Walton Beach, FL",https://jobs.ashbyhq.com/applied/36df3851-dd50-4f07-a8e2-5b0e845258b5,"2026-08-31T16:46:39.146+00:00",FullTime,2026-09-01 15:11:44.538 +0700,25
884,greenhouse,May Mobility,Lead Machine Learning Engineer,"&lt;div class=&quot;content-intro&quot;&gt;&lt;p&gt;&lt;span style=&quot;font-size: 12pt;&quot;&gt;May Mobility is transforming cities through autonomous technology to create a safer, greener, more accessible world. Based in Ann Arbor, Michigan, May develops and deploys autonomous vehicles (AVs) powered by our innovative Multi-Policy Decision Making (MPDM) technology that literally reimagines the way AVs think.&lt;/span&gt;&lt;br&gt;&lt;br&gt;&lt;span style=&quot;font-size: 12pt;&quot;&gt;Our vehicles do more than just drive themselves - they provide value to communities, bridge public transit gaps and move people where they need to go safely, easily and with a lot more fun. We’re building the world’s best autonomy system to reimagine transit by minimizing congestion, expanding access and encouraging better land use in order to foster more green, vibrant and livable spaces. Since our founding in 2017, we’ve given more than 500,000 autonomous rides to real people around the globe. And we’re just getting started. We’re hiring people who share our passion for building the future, today, solving real-world problems and seeing the impact of their work. Join us.&lt;/span&gt;&lt;/p&gt;&lt;/div&gt;&lt;p&gt;We are seeking Machine Learning Leaders in the Autonomous Vehicle domain. As part of our team, you will play a critical role in enhancing May’s Machine Learning capabilities both on and off the vehicle, in a commercial large-scale environment with high standards of quality.&lt;/p&gt;
&lt;h2&gt;&lt;span style=&quot;font-size: 12pt;&quot;&gt;&lt;strong&gt;Essential Responsibilities&lt;/strong&gt;&lt;/span&gt;&lt;/h2&gt;
&lt;ul&gt;
&lt;li&gt;Design, train and evaluate state of the art models for May’s autonomous driving, simulation and ML Platform stack.&lt;/li&gt;
&lt;li&gt;Leverage emerging techniques in the End-to-End driving, Vision Language Action (VLA), World or Foundation model domains to solve commercial-scale problems.&amp;nbsp;&amp;nbsp;&lt;/li&gt;
&lt;li&gt;Lead small teams of cross functional Engineers beyond the state of the art.&lt;/li&gt;
&lt;li&gt;Define data balance, training experiment and evaluation practices to train efficiently at petabyte scale.&lt;/li&gt;
&lt;/ul&gt;
&lt;h2&gt;&lt;span style=&quot;font-size: 12pt;&quot;&gt;&lt;strong&gt;Skills and Abilities&lt;/strong&gt;&lt;/span&gt;&lt;/h2&gt;
&lt;p&gt;Success in this role typically requires the following competencies:&lt;/p&gt;
&lt;ul&gt;
&lt;li&gt;Direct experience architecting &amp;amp; training VLA, MMLM, or Generative World Models for commercial-scale applications&lt;/li&gt;
&lt;li&gt;Experience composing, processing and characterizing large (&amp;gt;100TB) multi-modal datasets&lt;/li&gt;
&lt;li&gt;Experience analyzing and addressing long-tail failure cases in large models&lt;/li&gt;
&lt;li&gt;Experience leading teams of 2-3 Engineers and communicating technical details to interdisciplinary leadership.&lt;/li&gt;
&lt;/ul&gt;
&lt;h2&gt;&lt;span style=&quot;font-size: 12pt;&quot;&gt;&lt;strong&gt;Qualifications and Experience&lt;/strong&gt;&lt;/span&gt;&lt;/h2&gt;
&lt;p&gt;Candidates most successful in this role typically hold the following qualifications or comparable knowledge or experience:&lt;/p&gt;
&lt;h3&gt;&lt;strong&gt;Required&lt;/strong&gt;&lt;/h3&gt;
&lt;ul&gt;
&lt;li&gt;Extensive practical experience in one of the following domains:&lt;/li&gt;
&lt;ul&gt;
&lt;li&gt;Vision Language Action Models&lt;/li&gt;
&lt;li&gt;Generative World Models&lt;/li&gt;
&lt;li&gt;Foundation Models in Robotics&lt;/li&gt;
&lt;li&gt;Data Centric AI&lt;/li&gt;
&lt;/ul&gt;
&lt;li&gt;A minimum of 4 years of industry experience working on commercial robotics systems.&lt;/li&gt;
&lt;li&gt;A minimum of 1 year mentoring ML Engineers in a commercial or lab environment.&lt;/li&gt;
&lt;li&gt;Master’s degree in Robotics, Computer Science, or Computer Engineering, or a field that requires a strong mathematical and/or engineering foundation.&lt;/li&gt;
&lt;li&gt;Practical experience handling the “Long Tail” problem in Machine Learning.&lt;/li&gt;
&lt;li&gt;Strong programming skills in Python/PyTorch in a Linux environment.&lt;/li&gt;
&lt;li&gt;Functional understanding of LiDAR, Camera and Radar processing techniques.&lt;/li&gt;
&lt;/ul&gt;
&lt;h3&gt;&lt;strong&gt;Desirable&lt;/strong&gt;&lt;/h3&gt;
&lt;ul&gt;
&lt;li&gt;PhD and/or published research in the described specialty domains.&lt;/li&gt;
&lt;li&gt;Familiar with common post-training techniques.&lt;/li&gt;
&lt;li&gt;Experience deploying models to resource constrained and edge hardware&lt;/li&gt;
&lt;li&gt;Functional understanding of C/C++/CUDA memory and threading models.&lt;/li&gt;
&lt;/ul&gt;
&lt;h1&gt;&lt;span style=&quot;font-size: 12pt;&quot;&gt;&lt;strong&gt;Physical Requirements&lt;/strong&gt;&lt;/span&gt;&lt;/h1&gt;
&lt;ul&gt;
&lt;li&gt;Standard office working conditions which includes but is not limited to:&lt;/li&gt;
&lt;ul&gt;
&lt;li&gt;Prolonged sitting&lt;/li&gt;
&lt;li&gt;Prolonged standing&lt;/li&gt;
&lt;li&gt;Prolonged computer use&lt;/li&gt;
&lt;/ul&gt;
&lt;li&gt;Travel required? -&amp;nbsp; Low: 5%-10%&lt;/li&gt;
&lt;/ul&gt;
&lt;hr&gt;
&lt;div class=&quot;c-message_kit__blocks c-message_kit__blocks--rich_text&quot;&gt;
&lt;div class=&quot;c-message__message_blocks c-message__message_blocks--rich_text&quot; data-qa=&quot;message-text&quot;&gt;
&lt;div class=&quot;p-block_kit_renderer&quot; data-qa=&quot;block-kit-renderer&quot;&gt;
&lt;div class=&quot;p-block_kit_renderer__block_wrapper p-block_kit_renderer__block_wrapper--first&quot;&gt;
&lt;div class=&quot;p-rich_text_block&quot;&gt;
&lt;div class=&quot;p-rich_text_section&quot;&gt;
&lt;p&gt;&lt;strong&gt;Benefits and Perks&lt;/strong&gt;&lt;/p&gt;
&lt;ul&gt;
&lt;li&gt;Comprehensive healthcare suite including medical, dental, vision, life, and disability plans. Domestic partners who have been residing together at least one year are also eligible to participate.&amp;nbsp;&lt;/li&gt;
&lt;li&gt;Health Savings and Flexible Spending Healthcare and Dependent Care Accounts available.&lt;/li&gt;
&lt;li&gt;Rich retirement benefits, including an immediately vested employer safe harbor match.&lt;/li&gt;
&lt;li&gt;Generous paid parental leave as well as a phased return to work.&amp;nbsp;&lt;/li&gt;
&lt;li&gt;Flexible vacation policy in addition to paid company holidays.&lt;/li&gt;
&lt;li&gt;Total Wellness Program providing numerous resources for overall wellbeing&amp;nbsp;&amp;nbsp;&amp;nbsp;&lt;/li&gt;
&lt;/ul&gt;
&lt;/div&gt;
&lt;div class=&quot;p-rich_text_section&quot;&gt;Don’t meet every single requirement? Studies have shown that women and/or people of color are less likely to apply to a job unless they meet every qualification. At May Mobility, we’re committed to building a diverse, inclusive, and authentic workforce, so if you’re excited about this role but your previous experience doesn’t align perfectly with every qualification, we encourage you to apply anyway! You may be the perfect candidate for this or another role at May.&lt;/div&gt;
&lt;/div&gt;
&lt;/div&gt;
&lt;/div&gt;
&lt;/div&gt;
&lt;/div&gt;
&lt;p&gt;&lt;em&gt;Want to learn more about our culture &amp;amp; benefits? Check out our&amp;nbsp;&lt;a href=&quot;https://maymobility.com/careers/&quot; target=&quot;_blank&quot;&gt;website&lt;/a&gt;!&lt;/em&gt;&lt;/p&gt;
&lt;p&gt;&lt;em&gt;May Mobility is an equal opportunity employer.&amp;nbsp; All applicants for employment will be considered without regard to race, color, religion, sex, national origin, age, disability, sexual orientation, gender identity or expression, veteran status, genetics or any other legally protected basis. &amp;nbsp; Below, you have the opportunity to share your preferred gender pronouns, gender, ethnicity, and veteran status with May Mobility to help us identify areas of improvement in our hiring and recruitment processes. Completion of these questions is entirely voluntary.&amp;nbsp; Any information you choose to provide will be kept confidential, and will not impact the hiring decision in any way. If you believe that you will need any type of accommodation, please let us know.&lt;/em&gt;&lt;/p&gt;
&lt;p&gt;&lt;strong&gt;&lt;em&gt;Note to Recruitment Agencies:&lt;/em&gt;&lt;/strong&gt;&lt;em&gt;&amp;nbsp;May Mobility does not accept unsolicited agency resumes. Furthermore, May Mobility does not pay placement fees for candidates submitted by any agency other than its approved partners.&lt;/em&gt;&lt;/p&gt;&lt;div class=&quot;content-pay-transparency&quot;&gt;&lt;div class=&quot;pay-input&quot;&gt;&lt;div class=&quot;title&quot;&gt;Salary Range&lt;/div&gt;&lt;div class=&quot;pay-range&quot;&gt;&lt;span&gt;$220,000&lt;/span&gt;&lt;span class=&quot;divider&quot;&gt;&amp;mdash;&lt;/span&gt;&lt;span&gt;$270,000 USD&lt;/span&gt;&lt;/div&gt;&lt;/div&gt;&lt;/div&gt;&lt;div class=&quot;content-conclusion&quot;&gt;&lt;p&gt;&lt;em&gt;May Mobility uses automated tools to support — but not replace — human judgment in our recruiting process,&amp;nbsp;to find out more please click&amp;nbsp;&lt;a href=&quot;https://drive.google.com/file/d/1eGgErDdZ99HVoyxBrVpVUjhdUcmKogki/view?usp=drive_link&quot; target=&quot;_blank&quot; data-saferedirecturl=&quot;https://www.google.com/url?q=https://drive.google.com/file/d/1eGgErDdZ99HVoyxBrVpVUjhdUcmKogki/view?usp%3Ddrive_link&amp;amp;source=gmail&amp;amp;ust=1783531371699000&amp;amp;usg=AOvVaw1I0-jRwBKi4mKGIvZGCIUS&quot;&gt;here&lt;/a&gt;&lt;/em&gt;&lt;/p&gt;&lt;/div&gt;",US,USA - Remote,https://job-boards.greenhouse.io/maymobility/jobs/8730957002,"2026-08-19T15:14:18-04:00",Full Time,2026-09-01 15:11:44.538 +0700,1
1823,greenhouse,XPENG,Public Relations Manager,"&lt;div data-page-id=&quot;JhBcdMiLEoqrl1xbCLDc6ZS4nre&quot; data-docx-has-block-data=&quot;false&quot;&gt;
&lt;div class=&quot;ace-line ace-line old-record-id-doxcnQ325gt4pR9719oZwBgNord&quot;&gt;&lt;span class=&quot;text-only&quot; data-eleid=&quot;3&quot;&gt;&lt;span class=&quot;text-only&quot;&gt;&lt;strong&gt;XPENG&lt;/strong&gt; is a leading smart technology company at the forefront of innovation, integrating advanced &lt;/span&gt;&lt;span class=&quot;text-only text-with-abbreviation text-with-abbreviation-bottomline&quot;&gt;AI&lt;/span&gt;&lt;span class=&quot;text-only&quot;&gt; and autonomous driving technologies into its vehicles, including electric vehicles (EVs), electric vertical take-off and landing (&lt;/span&gt;&lt;span class=&quot;text-only text-with-abbreviation text-with-abbreviation-bottomline&quot;&gt;eVTOL&lt;/span&gt;&lt;span class=&quot;text-only&quot;&gt;) aircraft, and robotics. With a strong focus on intelligent mobility, XPENG is dedicated to reshaping the future of transportation through cutting-edge R&amp;amp;D in AI, &lt;/span&gt;&lt;span class=&quot;text-only text-with-abbreviation text-with-abbreviation-bottomline&quot;&gt;machine learning&lt;/span&gt;&lt;span class=&quot;text-only&quot;&gt;, and smart connectivity.&lt;/span&gt;&lt;/span&gt;&lt;/div&gt;
&lt;div class=&quot;ace-line ace-line old-record-id-doxcnmxUNYKB1jHcpa8QTFeEIRf&quot;&gt;
&lt;div data-page-id=&quot;O3r0dgrjUojXPFxAZUucAwspn8u&quot; data-lark-html-role=&quot;root&quot; data-docx-has-block-data=&quot;false&quot;&gt;
&lt;h4 class=&quot;heading-3 ace-line old-record-id-HbrUdrIO6oUC6FxRwIAcQQOTnIg&quot;&gt;Position Objective &amp;amp; Summary&lt;/h4&gt;
&lt;div class=&quot;ace-line ace-line old-record-id-BTHRd3r8voCG6sxzhvBcVAVfnRb&quot;&gt;The PR Manager is the primary architect of XPENG’s reputation and brand voice in Mexico. Your mission is to move XPENG from being &quot;a new Chinese EV brand&quot; to &quot;the most innovative AI mobility and technology leader in the market.&quot; This role sits at the intersection of traditional automotive PR, high-tech communications, and modern influencer storytelling. You will be responsible for building, protecting, and amplifying our brand through earned media, thought leadership, and experiential PR strategies.&lt;/div&gt;
&lt;h4 class=&quot;heading-3 ace-line old-record-id-ZWfUdpC4Jooc5xxBUTbcXpPqneh&quot;&gt;Key Responsibilities&lt;/h4&gt;
&lt;ul class=&quot;list-bullet1&quot;&gt;
&lt;li class=&quot;ace-line ace-line old-record-id-I2ETduW7koKEVxxlO4UcIJ0onGf&quot; data-list=&quot;bullet&quot;&gt;
&lt;div&gt;&lt;strong&gt;Strategic Media Relations &amp;amp; Brand Guardianship&lt;/strong&gt;&lt;/div&gt;
&lt;ul class=&quot;list-bullet2&quot;&gt;
&lt;li class=&quot;ace-line ace-line old-record-id-JnRudfR8moJfRUxb6Qpcabennle&quot; data-list=&quot;bullet&quot;&gt;
&lt;div&gt;Architect the Narrative: Develop and lead XPENG Mexico’s annual PR and communications strategy, ensuring alignment with global milestones and local market nuances.&lt;/div&gt;
&lt;/li&gt;
&lt;li class=&quot;ace-line ace-line old-record-id-HGDOdVL53oLqbdxULc9crNN2nRe&quot; data-list=&quot;bullet&quot;&gt;
&lt;div&gt;Cultivate Elite Networks: Build and nurture high-level relationships across automotive, technology, business, and premium lifestyle media to secure top-tier coverage.&lt;/div&gt;
&lt;/li&gt;
&lt;li class=&quot;ace-line ace-line old-record-id-Y7Xwd5BrOoCtdvxLHzHcclLxnth&quot; data-list=&quot;bullet&quot;&gt;
&lt;div&gt;Media Program Leadership: Oversee the full press lifecycle, including proactive storytelling, press-car loan programs, media test drives, and high-impact press kits.&lt;/div&gt;
&lt;/li&gt;
&lt;li class=&quot;ace-line ace-line old-record-id-YEpJdIvjIoTyyPx247OcmI0CnPx&quot; data-list=&quot;bullet&quot;&gt;
&lt;div&gt;Crisis &amp;amp; Reputation Management: Serve as the brand’s frontline guardian, proactively monitoring risks and leading response protocols to protect XPENG’s integrity in Mexico.&lt;/div&gt;
&lt;/li&gt;
&lt;/ul&gt;
&lt;/li&gt;
&lt;li class=&quot;ace-line ace-line old-record-id-WwxjdLo74oUUEfxs3DDcFqfNnKh&quot; data-list=&quot;bullet&quot;&gt;
&lt;div&gt;&lt;strong&gt;Influencer &amp;amp; Creator Ecosystem Management&lt;/strong&gt;&lt;/div&gt;
&lt;ul class=&quot;list-bullet2&quot;&gt;
&lt;li class=&quot;ace-line ace-line old-record-id-WBjNdxWUWoyHLgxHROKcOihjnGb&quot; data-list=&quot;bullet&quot;&gt;
&lt;div&gt;Drive Authentic Influence: Lead the influencer strategy with a focus on &quot;credibility over reach,&quot; building long-term partnerships with tech innovators, automotive specialists, and lifestyle trendsetters.&lt;/div&gt;
&lt;/li&gt;
&lt;li class=&quot;ace-line ace-line old-record-id-BuCSdFWuUoyLpvx0XMgcmtngnbf&quot; data-list=&quot;bullet&quot;&gt;
&lt;div&gt;Collaborative Storytelling: Negotiate and manage collaborations that translate complex AI and EV technology into engaging, &quot;social-first&quot; content that resonates with diverse audiences.&lt;/div&gt;
&lt;/li&gt;
&lt;li class=&quot;ace-line ace-line old-record-id-Zd49dA6kgoQgthxo9u9cgV7lnbg&quot; data-list=&quot;bullet&quot;&gt;
&lt;div&gt;Performance Tracking: Own the influencer budget and ROI, ensuring every partnership drives measurable brand affinity and engagement.&lt;/div&gt;
&lt;/li&gt;
&lt;/ul&gt;
&lt;/li&gt;
&lt;li class=&quot;ace-line ace-line old-record-id-Xf4WdDVxAoZODPx6EQrcoHcbnRb&quot; data-list=&quot;bullet&quot;&gt;
&lt;div&gt;&lt;strong&gt;Product Launches &amp;amp; Experiential &lt;/strong&gt;&lt;strong&gt;PR&lt;/strong&gt;&lt;/div&gt;
&lt;ul class=&quot;list-bullet2&quot;&gt;
&lt;li class=&quot;ace-line ace-line old-record-id-UhFBd830uolxJwxh2uBcnHNEn2e&quot; data-list=&quot;bullet&quot;&gt;
&lt;div&gt;Lead Major Launches: Own the PR and influencer &quot;journey&quot; for all major vehicle launches (e.g., the XPENG L03), from teaser campaigns to large-scale media events and post-event momentum.&lt;/div&gt;
&lt;/li&gt;
&lt;li class=&quot;ace-line ace-line old-record-id-Kxovd50jloxQ1jxU9snc5jsfnDc&quot; data-list=&quot;bullet&quot;&gt;
&lt;div&gt;Experience Design: Coordinate with internal teams to create premium media experiences, including press conferences, Q&amp;amp;A sessions, and immersive vehicle walkthroughs.&lt;/div&gt;
&lt;/li&gt;
&lt;/ul&gt;
&lt;/li&gt;
&lt;li class=&quot;ace-line ace-line old-record-id-JIp0dTu1voXojrxSuNqc0GMYnuf&quot; data-list=&quot;bullet&quot;&gt;
&lt;div&gt;&lt;strong&gt;Technology Storytelling &amp;amp; Thought Leadership&lt;/strong&gt;&lt;/div&gt;
&lt;ul class=&quot;list-bullet2&quot;&gt;
&lt;li class=&quot;ace-line ace-line old-record-id-TGcvd4UqWolx0Zxo8aNc4jx7nYb&quot; data-list=&quot;bullet&quot;&gt;
&lt;div&gt;Translate Innovation: Transform technical concepts (AI, intelligent driving, ultra-fast charging, Physical AI) into compelling, locally relevant stories that position XPENG as a tech-first company.&lt;/div&gt;
&lt;/li&gt;
&lt;li class=&quot;ace-line ace-line old-record-id-KyBpdYP54orwqJxCSlXcDrW9nAf&quot; data-list=&quot;bullet&quot;&gt;
&lt;div&gt;Elevate Leadership: Develop talking points, speeches, and executive LinkedIn strategies to establish XPENG Mexico’s leadership team as thought leaders in the mobility space.&lt;/div&gt;
&lt;/li&gt;
&lt;/ul&gt;
&lt;/li&gt;
&lt;li class=&quot;ace-line ace-line old-record-id-DkWsdwmxkobHUexRwUecMUecnxf&quot; data-list=&quot;bullet&quot;&gt;
&lt;div&gt;&lt;strong&gt;Ecosystem &amp;amp; Agency Ownership&lt;/strong&gt;&lt;/div&gt;
&lt;ul class=&quot;list-bullet2&quot;&gt;
&lt;li class=&quot;ace-line ace-line old-record-id-ZWWedTArIoJobzxkHZwcqexinyc&quot; data-list=&quot;bullet&quot;&gt;
&lt;div&gt;Internal Stakeholder Coordination: Act as the strategic bridge between PR, Sales, Product, and XPENG Global HQ to ensure a unified brand voice.&lt;/div&gt;
&lt;/li&gt;
&lt;li class=&quot;ace-line ace-line old-record-id-LZsQdpAIMoY0bixZmduczGCdn5g&quot; data-list=&quot;bullet&quot;&gt;
&lt;div&gt;Agency Leadership: Act as the &quot;Internal Owner&quot; for PR, influencer, and social agencies, providing clear briefs and ensuring high-standard execution.&lt;/div&gt;
&lt;/li&gt;
&lt;/ul&gt;
&lt;/li&gt;
&lt;/ul&gt;
&lt;h4 class=&quot;heading-3 ace-line old-record-id-BbBldBZhvoZiidxnyH2cUhGfnvd&quot;&gt;Candidate Requirements&lt;/h4&gt;
&lt;ul class=&quot;list-bullet1&quot;&gt;
&lt;li class=&quot;ace-line ace-line old-record-id-ZFE8doGcaotMqzxCHsFcUVxxnEh&quot; data-list=&quot;bullet&quot;&gt;
&lt;div&gt;&lt;strong&gt;Experience:&lt;/strong&gt; 5–8+ years of leadership experience in Public Relations, Communications, or Influencer Marketing.&lt;/div&gt;
&lt;/li&gt;
&lt;li class=&quot;ace-line ace-line old-record-id-VhN9dsGxQoDyy5xR7cGcJfahnbh&quot; data-list=&quot;bullet&quot;&gt;
&lt;div&gt;&lt;strong&gt;Education:&lt;/strong&gt; Bachelor’s degree in Communications, Marketing, PR, Journalism, or Business.&lt;/div&gt;
&lt;/li&gt;
&lt;li class=&quot;ace-line ace-line old-record-id-BBW4doiVEo44QBxcETTcTGLdnOb&quot; data-list=&quot;bullet&quot;&gt;
&lt;div&gt;&lt;strong&gt;Languages:&lt;/strong&gt; Native-level Spanish and Business-level English are mandatory.&lt;/div&gt;
&lt;/li&gt;
&lt;li class=&quot;ace-line ace-line old-record-id-GZZedooUboheFuxuAXRcIdEEnaf&quot; data-list=&quot;bullet&quot;&gt;
&lt;div&gt;&lt;strong&gt;Skills:&lt;/strong&gt; Exceptional storytelling ability, strong executive-level communication, and the ability to manage complex projects under tight deadlines.&lt;/div&gt;
&lt;/li&gt;
&lt;li class=&quot;ace-line ace-line old-record-id-P653dCSDZoccyfxsIRucyhqyn60&quot; data-list=&quot;bullet&quot;&gt;
&lt;div&gt;&lt;strong&gt;Mindset:&lt;/strong&gt; A &quot;Hands-on&quot; leader who is commercially minded and comfortable navigating a fast-paced, high-growth environment.&lt;/div&gt;
&lt;/li&gt;
&lt;/ul&gt;
&lt;h4 class=&quot;heading-3 ace-line old-record-id-CyWqdZMzfo0J7rxsjHYcbgZDn3e&quot;&gt;Prefer to Have (The Ideal Profile)&lt;/h4&gt;
&lt;ul class=&quot;list-bullet1&quot;&gt;
&lt;li class=&quot;ace-line ace-line old-record-id-DxUQd4VOPo9ZKvxXhCPc8AqXn3b&quot; data-list=&quot;bullet&quot;&gt;
&lt;div&gt;A background in &lt;strong&gt;Automotive (OEM)&lt;/strong&gt; or &lt;strong&gt;High-Tech/Consumer Electronics&lt;/strong&gt; is strongly preferred.&lt;/div&gt;
&lt;/li&gt;
&lt;li class=&quot;ace-line ace-line old-record-id-M7widVoXLo6a21x9vnVc6Tpxnwb&quot; data-list=&quot;bullet&quot;&gt;
&lt;div&gt;Experience managing PR for &lt;strong&gt;Premium or Luxury brands&lt;/strong&gt;.&lt;/div&gt;
&lt;/li&gt;
&lt;li class=&quot;ace-line ace-line old-record-id-Twnmd3X9uo6FsuxTbTjcI4RUnRh&quot; data-list=&quot;bullet&quot;&gt;
&lt;div&gt;A genuine passion for AI, modern mobility trends, and sustainability.&lt;/div&gt;
&lt;/li&gt;
&lt;li class=&quot;ace-line ace-line old-record-id-IvNhdHI4PoJMRIxKwRscZBiPnZg&quot; data-list=&quot;bullet&quot;&gt;
&lt;div&gt;Strong data-driven decision-making skills to measure the impact of PR on the sales funnel (Leads/Test Drives).&lt;/div&gt;
&lt;/li&gt;
&lt;/ul&gt;
&lt;h4 class=&quot;heading-3 ace-line old-record-id-NqA0d69LwonrlTxkztQcPHqUnS8&quot;&gt;Additional Information &amp;amp; Compliance&lt;/h4&gt;
&lt;ul class=&quot;list-bullet1&quot;&gt;
&lt;li class=&quot;ace-line ace-line old-record-id-YgUvdReUGoxGTExyTjDcnv59nXf&quot; data-list=&quot;bullet&quot;&gt;
&lt;div&gt;&lt;strong&gt;Pre-employment Screening:&lt;/strong&gt; To maintain the high standards of our team and ensure the reliability and integrity of our employees, certain positions at XPENG require a standard pre-employment screening process. This may include a socioeconomic study (Estudio Socioeconómico), verification of identification, academic credentials, professional references, and work experience. We appreciate your understanding and cooperation in this standard procedure.&lt;/div&gt;
&lt;/li&gt;
&lt;li class=&quot;ace-line ace-line old-record-id-OfBQdajO3owI9YxgPixc5Lu8nXf&quot; data-list=&quot;bullet&quot;&gt;
&lt;div&gt;&lt;strong&gt;Data Privacy:&lt;/strong&gt; XPENG is committed to protecting your personal data. For more information on how we process your information during the application process, please see our Privacy Policy: &lt;a href=&quot;https://www.google.com/url?sa=E&amp;amp;q=https%3A%2F%2Fwww.xpeng.com%2Fpolicy&quot; data-lark-is-custom=&quot;true&quot;&gt;https://www.xpeng.com/policy&lt;/a&gt;&lt;/div&gt;
&lt;/li&gt;
&lt;li class=&quot;ace-line ace-line old-record-id-MQNRdpFbQoH7ayx73gvcHKYKnRs&quot; data-list=&quot;bullet&quot;&gt;
&lt;div&gt;&lt;strong&gt;Our Commitment to Diversity and Inclusion:&lt;/strong&gt; At XPENG, we’re an equal-opportunity employer that values diversity. We positively encourage applications from all suitably qualified candidates regardless of race, religion, sex, national origin, gender, sexual orientation, age, marital status, disability status, or other applicable legally protected characteristics.&lt;/div&gt;
&lt;/li&gt;
&lt;/ul&gt;
&lt;/div&gt;
&lt;/div&gt;
&lt;/div&gt;",CN,"Mexico City, Mexico",https://job-boards.greenhouse.io/xpengmotors/jobs/8729077002,"2026-08-18T23:28:14-04:00",Full Time,2026-09-01 15:11:44.538 +0700,2
706,greenhouse,Gatik,"Head, Manufacturing","&lt;h3&gt;&lt;span style=&quot;font-family: &#39;times new roman&#39;, times, serif;&quot;&gt;Who we are&lt;/span&gt;&lt;/h3&gt;
&lt;p&gt;&lt;span style=&quot;font-family: &#39;times new roman&#39;, times, serif;&quot;&gt;Gatik, the leader in autonomous middle-mile logistics, is revolutionizing the B2B supply chain with its autonomous transportation-as-a-service (ATaaS) solution and prioritizing safe, consistent deliveries while streamlining freight movement by reducing congestion. The company focuses on short-haul, B2B logistics for Fortune 500 retailers and in 2021 launched the world’s first fully driverless commercial transportation service with Walmart. Gatik&#39;s Class 3-7 autonomous trucks are commercially deployed across major markets, including Texas, Arkansas, and Ontario, Canada, driving innovation in freight transportation.&amp;nbsp;&lt;/span&gt;&lt;/p&gt;
&lt;p&gt;&lt;span style=&quot;font-family: &#39;times new roman&#39;, times, serif;&quot;&gt;The company&#39;s proprietary Level 4 autonomous technology, Gatik Carrier™, is custom-built to transport freight safely and efficiently between pick-up and drop-off locations on the middle mile. With robust capabilities in both highway and urban environments, Gatik Carrier™ serves as an all-encompassing solution that integrates advanced software and hardware powering the fleet, facilitating effortless integration into customers&#39; logistics operations.&amp;nbsp;&lt;/span&gt;&lt;/p&gt;
&lt;h3&gt;&lt;span style=&quot;font-family: &#39;times new roman&#39;, times, serif;&quot;&gt;About the role&lt;/span&gt;&lt;/h3&gt;
&lt;p&gt;&lt;span style=&quot;font-family: &#39;times new roman&#39;, times, serif;&quot;&gt;As Head of Manufacturing at Gatik, you will lead the strategy and execution for scaling production of our fully autonomous freight vehicles into high-volume manufacturing. This role owns end-to-end vehicle manufacturing operations — including production ramp and optimization, quality systems, supply chain execution, and field retrofit programs — ensuring world-class reliability, safety, and operational performance across our commercial fleet.&lt;/span&gt;&lt;/p&gt;
&lt;p&gt;&lt;span style=&quot;font-family: &#39;times new roman&#39;, times, serif;&quot;&gt;You will build and lead a high-performing team of engineers and technicians while partnering closely with internal hardware and fleet operations teams, as well as external contract manufacturing partners, to implement repeatable, cost-efficient, and scalable production processes for a safety-critical platform already deployed in active commercial operations.&lt;/span&gt;&lt;/p&gt;
&lt;p&gt;&lt;span style=&quot;font-family: &#39;times new roman&#39;, times, serif;&quot;&gt;The ideal candidate brings deep experience in automotive manufacturing, hardware production scaling, quality systems, and contract manufacturing operations within complex vehicle or robotics platforms.&lt;/span&gt;&lt;/p&gt;
&lt;p&gt;&lt;span style=&quot;font-family: &#39;times new roman&#39;, times, serif;&quot;&gt;This role requires working onsite five days a week from our Santa Clara, CA headquarters.&lt;/span&gt;&lt;/p&gt;
&lt;h3&gt;&lt;span style=&quot;font-family: &#39;times new roman&#39;, times, serif;&quot;&gt;What you&#39;ll do&lt;/span&gt;&lt;/h3&gt;
&lt;ul&gt;
&lt;li style=&quot;font-family: &#39;times new roman&#39;, times, serif;&quot; data-start=&quot;1330&quot; data-end=&quot;1481&quot;&gt;Lead vehicle manufacturing operations across production ramp and high-volume execution for Gatik’s autonomous freight fleet.&lt;/li&gt;
&lt;li style=&quot;font-family: &#39;times new roman&#39;, times, serif;&quot; data-start=&quot;1330&quot; data-end=&quot;1481&quot;&gt;&lt;span style=&quot;font-family: &#39;times new roman&#39;, times, serif;&quot;&gt;Own relationships with external contract manufacturing partners, driving quality, throughput, cost optimization, and schedule performance.&lt;/span&gt;&lt;/li&gt;
&lt;li style=&quot;font-family: &#39;times new roman&#39;, times, serif;&quot; data-start=&quot;1330&quot; data-end=&quot;1481&quot;&gt;&lt;span style=&quot;font-family: &#39;times new roman&#39;, times, serif;&quot;&gt;Own factory floor planning, line layout, and production process optimization to ensure efficient throughput, space utilization, and overall manufacturing flow.&lt;/span&gt;&lt;/li&gt;
&lt;li style=&quot;font-family: &#39;times new roman&#39;, times, serif;&quot; data-start=&quot;1629&quot; data-end=&quot;1787&quot;&gt;&lt;span style=&quot;font-family: &#39;times new roman&#39;, times, serif;&quot;&gt;Develop and execute long-term manufacturing and quality strategies, establishing scalable production systems aligned with regulatory and safety standards.&lt;/span&gt;&lt;/li&gt;
&lt;li style=&quot;font-family: &#39;times new roman&#39;, times, serif;&quot; data-start=&quot;1790&quot; data-end=&quot;1929&quot;&gt;&lt;span style=&quot;font-family: &#39;times new roman&#39;, times, serif;&quot;&gt;Lead field retrofit and upgrade programs for vehicles already in operation, coordinating service, engineering, and manufacturing teams.&lt;/span&gt;&lt;/li&gt;
&lt;li style=&quot;font-family: &#39;times new roman&#39;, times, serif;&quot; data-start=&quot;1932&quot; data-end=&quot;2052&quot;&gt;&lt;span style=&quot;font-family: &#39;times new roman&#39;, times, serif;&quot;&gt;Support critical service &amp;amp; maintenance escalations, ensuring rapid response for complex hardware repairs or recalls.&lt;/span&gt;&lt;/li&gt;
&lt;li style=&quot;font-family: &#39;times new roman&#39;, times, serif;&quot; data-start=&quot;2055&quot; data-end=&quot;2188&quot;&gt;&lt;span style=&quot;font-family: &#39;times new roman&#39;, times, serif;&quot;&gt;Define and enforce build documentation, manufacturing procedures, and quality processes using automotive industry best practices.&lt;/span&gt;&lt;/li&gt;
&lt;li style=&quot;font-family: &#39;times new roman&#39;, times, serif;&quot; data-start=&quot;2303&quot; data-end=&quot;2486&quot;&gt;&lt;span style=&quot;font-family: &#39;times new roman&#39;, times, serif;&quot;&gt;Establish best-in-class standards for the installation, integration, and verification of automotive electronics, harnessing, compute platforms, sensors, and electrical subsystems.&lt;/span&gt;&lt;/li&gt;
&lt;li style=&quot;font-family: &#39;times new roman&#39;, times, serif;&quot; data-start=&quot;2489&quot; data-end=&quot;2677&quot;&gt;&lt;span style=&quot;font-family: &#39;times new roman&#39;, times, serif;&quot;&gt;Partner cross-functionally with Autonomy Engineering, Hardware Engineering, Programs, Fleet Operations, Supply Chain, and Safety to bring vehicles from design into reliable production.&lt;/span&gt;&lt;/li&gt;
&lt;li style=&quot;font-family: &#39;times new roman&#39;, times, serif;&quot; data-start=&quot;2680&quot; data-end=&quot;2788&quot;&gt;&lt;span style=&quot;font-family: &#39;times new roman&#39;, times, serif;&quot;&gt;Drive continuous improvement across cost, yield, cycle time, reliability, and field performance metrics.&lt;/span&gt;&lt;/li&gt;
&lt;/ul&gt;
&lt;h3&gt;&lt;span style=&quot;font-family: &#39;times new roman&#39;, times, serif;&quot;&gt;What we’re looking for&lt;/span&gt;&lt;/h3&gt;
&lt;ul&gt;
&lt;li style=&quot;font-family: &#39;times new roman&#39;, times, serif;&quot; data-start=&quot;2828&quot; data-end=&quot;2959&quot;&gt;&lt;span style=&quot;font-family: &#39;times new roman&#39;, times, serif;&quot;&gt;Bachelor’s or Master’s degree in Engineering, Manufacturing, Mechanical, Electrical, Robotics, or a closely related discipline.&lt;/span&gt;&lt;/li&gt;
&lt;li style=&quot;font-family: &#39;times new roman&#39;, times, serif;&quot; data-start=&quot;2828&quot; data-end=&quot;2959&quot;&gt;&lt;span style=&quot;font-family: &#39;times new roman&#39;, times, serif;&quot;&gt;10+ years of progressive manufacturing experience, with demonstrated leadership in scaling vehicle or complex hardware production environments.&lt;/span&gt;&lt;/li&gt;
&lt;li style=&quot;font-family: &#39;times new roman&#39;, times, serif;&quot; data-start=&quot;2962&quot; data-end=&quot;3115&quot;&gt;&lt;span style=&quot;font-family: &#39;times new roman&#39;, times, serif;&quot;&gt;Proven leadership experience building and running manufacturing organizations within automotive, EV, AV, robotics, or complex hardware platforms.&lt;/span&gt;&lt;/li&gt;
&lt;li style=&quot;font-family: &#39;times new roman&#39;, times, serif;&quot; data-start=&quot;3118&quot; data-end=&quot;3251&quot;&gt;&lt;span style=&quot;font-family: &#39;times new roman&#39;, times, serif;&quot;&gt;Demonstrated success developing and executing manufacturing and quality strategies that enable scale and operational reliability.&lt;/span&gt;&lt;/li&gt;
&lt;li style=&quot;font-family: &#39;times new roman&#39;, times, serif;&quot; data-start=&quot;3254&quot; data-end=&quot;3352&quot;&gt;&lt;span style=&quot;font-family: &#39;times new roman&#39;, times, serif;&quot;&gt;Deep experience managing contract manufacturing partners and multi-vendor production networks.&lt;/span&gt;&lt;/li&gt;
&lt;li style=&quot;font-family: &#39;times new roman&#39;, times, serif;&quot; data-start=&quot;3355&quot; data-end=&quot;3473&quot;&gt;&lt;span style=&quot;font-family: &#39;times new roman&#39;, times, serif;&quot;&gt;Hands-on background with vehicle electronics integration, harnessing, sensor mounting, and subsystem verification.&lt;/span&gt;&lt;/li&gt;
&lt;li style=&quot;font-family: &#39;times new roman&#39;, times, serif;&quot; data-start=&quot;3476&quot; data-end=&quot;3573&quot;&gt;&lt;span style=&quot;font-family: &#39;times new roman&#39;, times, serif;&quot;&gt;Strong track record leading Quality teams and establishing robust quality management systems.&lt;/span&gt;&lt;/li&gt;
&lt;li style=&quot;font-family: &#39;times new roman&#39;, times, serif;&quot; data-start=&quot;3576&quot; data-end=&quot;3660&quot;&gt;&lt;span style=&quot;font-family: &#39;times new roman&#39;, times, serif;&quot;&gt;Ability to drive cost improvement, efficiency gains, and production scalability.&lt;/span&gt;&lt;/li&gt;
&lt;li style=&quot;font-family: &#39;times new roman&#39;, times, serif;&quot; data-start=&quot;3663&quot; data-end=&quot;3776&quot;&gt;&lt;span style=&quot;font-family: &#39;times new roman&#39;, times, serif;&quot;&gt;Solid project leadership experience managing builds, retrofits, NPI efforts, and manufacturing ramp programs.&lt;/span&gt;&lt;/li&gt;
&lt;li style=&quot;font-family: &#39;times new roman&#39;, times, serif;&quot; data-start=&quot;3779&quot; data-end=&quot;3870&quot;&gt;&lt;span style=&quot;font-family: &#39;times new roman&#39;, times, serif;&quot;&gt;Experience operating at a senior strategic level while remaining hands-on in execution.&lt;/span&gt;&lt;/li&gt;
&lt;li style=&quot;font-family: &#39;times new roman&#39;, times, serif;&quot; data-start=&quot;3873&quot; data-end=&quot;3907&quot;&gt;&lt;span style=&quot;font-family: &#39;times new roman&#39;, times, serif;&quot;&gt;Strong technical understanding of:&lt;/span&gt;
&lt;ul data-start=&quot;3910&quot; data-end=&quot;4089&quot;&gt;
&lt;li style=&quot;font-family: &#39;times new roman&#39;, times, serif;&quot;&gt;&lt;span style=&quot;font-family: &#39;times new roman&#39;, times, serif;&quot;&gt;Automotive manufacturing processes&lt;/span&gt;&lt;/li&gt;
&lt;li style=&quot;font-family: &#39;times new roman&#39;, times, serif;&quot;&gt;&lt;span style=&quot;font-family: &#39;times new roman&#39;, times, serif;&quot;&gt;Electrical/compute hardware integration&lt;/span&gt;&lt;/li&gt;
&lt;li style=&quot;font-family: &#39;times new roman&#39;, times, serif;&quot;&gt;&lt;span style=&quot;font-family: &#39;times new roman&#39;, times, serif;&quot;&gt;Vehicle assembly and verification procedures&lt;/span&gt;&lt;/li&gt;
&lt;li style=&quot;font-family: &#39;times new roman&#39;, times, serif;&quot;&gt;&lt;span style=&quot;font-family: &#39;times new roman&#39;, times, serif;&quot;&gt;Safety-critical production environments&lt;/span&gt;&lt;/li&gt;
&lt;/ul&gt;
&lt;/li&gt;
&lt;/ul&gt;
&lt;p&gt;&lt;span style=&quot;font-family: &#39;times new roman&#39;, times, serif;&quot;&gt;Salary Range - $200,000- $270,000&lt;/span&gt;&lt;/p&gt;
&lt;h3&gt;&lt;span style=&quot;font-family: &#39;times new roman&#39;, times, serif;&quot;&gt;More about Gatik&lt;/span&gt;&lt;/h3&gt;
&lt;p&gt;&lt;span style=&quot;font-family: &#39;times new roman&#39;, times, serif;&quot;&gt;Founded in 2017 by experts in autonomous vehicle technology, Gatik has rapidly expanded its presence to Mountain View, Dallas-Fort Worth, Arkansas, and Toronto. As the &lt;em&gt;first and only&lt;/em&gt; company to achieve fully driverless middle-mile commercial deliveries, Gatik holds a unique and defensible position in the AV industry, with a clear trajectory toward sustainable growth and profitability.&lt;/span&gt;&lt;/p&gt;
&lt;p&gt;&lt;span style=&quot;font-family: &#39;times new roman&#39;, times, serif;&quot;&gt;We have delivered complete, proprietary AV technology - an integration of software and hardware - to enable earlier successes for our clients in constrained Level 4 autonomy.&amp;nbsp; By choosing the middle mile – with defined point-to-point delivery, we have simplified some of the more complex AV challenges, enabling us to achieve full autonomy ahead of competitors. Given extensive knowledge of Gatik’s well-defined, fixed route ODDs and hybrid architecture, we are able to hyper-optimize our models with exponentially less data, establish gate-keeping mechanisms to maintain explainability, and ensure continued safety of the system for unmanned operations.&lt;/span&gt;&lt;/p&gt;
&lt;p&gt;&lt;span style=&quot;font-family: &#39;times new roman&#39;, times, serif;&quot;&gt;Visit us at &lt;a href=&quot;http://gatik.ai/&quot;&gt;Gatik&lt;/a&gt; for more company information and &lt;a href=&quot;https://gatik.ai/careers/&quot;&gt;Careers at Gatik&lt;/a&gt; for more open roles.&lt;/span&gt;&lt;/p&gt;
&lt;h3&gt;&lt;span style=&quot;font-family: &#39;times new roman&#39;, times, serif;&quot;&gt;Notable News&lt;/span&gt;&lt;/h3&gt;
&lt;ul&gt;
&lt;li style=&quot;font-family: &#39;times new roman&#39;, times, serif;&quot;&gt;&lt;span style=&quot;font-family: &#39;times new roman&#39;, times, serif;&quot;&gt;Bloomberg: &lt;span style=&quot;text-decoration: underline;&quot;&gt;&lt;a href=&quot;https://www.bloomberg.com/news/articles/2026-01-27/autonomous-trucking-firm-gatik-inks-contracts-worth-600-million&quot;&gt;Autonomous Trucking Firm Gatik Inks Contracts Worth $600 Million&lt;/a&gt;&lt;/span&gt;&lt;/span&gt;&lt;/li&gt;
&lt;li style=&quot;font-family: &#39;times new roman&#39;, times, serif;&quot;&gt;&lt;span style=&quot;font-family: &#39;times new roman&#39;, times, serif;&quot;&gt;Forbes: &lt;span style=&quot;text-decoration: underline;&quot;&gt;&lt;a href=&quot;https://www.forbes.com/sites/alanohnsman/2026/01/28/hundreds-of-gatik-robot-delivery-trucks-headed-for-us-roads/?utm_campaign=ForbesMainLI&amp;amp;utm_source=ForbesMainLinkedIn&amp;amp;utm_medium=social&quot;&gt;Hundreds’ Of Gatik Robot Delivery Trucks Headed For U.S. Roads&lt;/a&gt;&lt;/span&gt;&lt;/span&gt;&lt;/li&gt;
&lt;li style=&quot;font-family: &#39;times new roman&#39;, times, serif;&quot;&gt;&lt;span style=&quot;font-family: &#39;times new roman&#39;, times, serif;&quot;&gt;Forbes:&lt;a href=&quot;https://www.forbes.com/sites/richardbishop1/2025/09/23/gatik-and-loblaw-announce-largest-commercial-deployment-of-av-trucks/&quot;&gt;&lt;span style=&quot;text-decoration: underline;&quot;&gt;Gatik And Loblaw Announce Largest Commercial Deployment Of AV Trucks&lt;/span&gt;&lt;/a&gt;&lt;/span&gt;&lt;/li&gt;
&lt;li style=&quot;font-family: &#39;times new roman&#39;, times, serif;&quot;&gt;&lt;span style=&quot;font-family: &#39;times new roman&#39;, times, serif;&quot;&gt;Forbes:&amp;nbsp;&lt;a href=&quot;https://www.forbes.com/sites/alanohnsman/2023/09/05/forget-robotaxis-upstart-gatik-sees-middle-mile-deliveries-as-the-path-to-profitable-avs/?sh=52b7a7866e61&quot;&gt;Forget robotaxis. Upstart Gatik sees middle-mile deliveries as the path to profitable AVs&lt;/a&gt;&lt;/span&gt;&lt;/li&gt;
&lt;li style=&quot;font-family: &#39;times new roman&#39;, times, serif;&quot;&gt;&lt;span style=&quot;font-family: &#39;times new roman&#39;, times, serif;&quot;&gt;Tech Brew: &lt;a href=&quot;https://www.emergingtechbrew.com/stories/2024/09/06/gatik-ai-richard-steiner-regulations-av-industry&quot;&gt;Gatik AI exec unpacks the regulations that could shape the AV industry&lt;/a&gt;&lt;/span&gt;&lt;/li&gt;
&lt;li style=&quot;font-family: &#39;times new roman&#39;, times, serif;&quot;&gt;&lt;span style=&quot;font-family: &#39;times new roman&#39;, times, serif;&quot;&gt;Business Wire: &lt;a href=&quot;https://www.businesswire.com/news/home/20241008155613/en/Gatik-Paves-the-Way-for-Safe-Driverless-Operations-%E2%80%98Freight-Only%E2%80%99-at-Scale-with-Industry-First-Third-Party-Safety-Assessment-Framework&quot;&gt;Gatik Paves the Way for Safe Driverless Operations (‘Freight-Only’) at Scale with Industry-First Third-Party Safety Assessment Framework&lt;/a&gt;&lt;/span&gt;&lt;/li&gt;
&lt;li style=&quot;font-family: &#39;times new roman&#39;, times, serif;&quot;&gt;&lt;span style=&quot;font-family: &#39;times new roman&#39;, times, serif;&quot;&gt;Auto Futures: &lt;a href=&quot;https://www.autofutures.tv/news-features/autonomous-trucking-group-gatik-secures-investment-from-nippon-express-holdings/s/e125e5df-220b-42b6-b2df-754f54d602a9&quot;&gt;Autonomous Trucking Group Gatik Secures Investment From NIPPON EXPRESS HOLDINGS&lt;/a&gt;&lt;/span&gt;&lt;/li&gt;
&lt;li style=&quot;font-family: &#39;times new roman&#39;, times, serif;&quot;&gt;&lt;span style=&quot;font-family: &#39;times new roman&#39;, times, serif;&quot;&gt;Automotive News: &lt;a href=&quot;https://www.autonews.com/mobility-report/gatik-prepares-launch-self-driving-trucks-scale&quot;&gt;Gatik foresees hundreds of self-driving trucks on road soon, and that&#39;s just the beginning&lt;/a&gt;&lt;/span&gt;&lt;/li&gt;
&lt;li style=&quot;font-family: &#39;times new roman&#39;, times, serif;&quot;&gt;&lt;span style=&quot;font-family: &#39;times new roman&#39;, times, serif;&quot;&gt;Forbes: &lt;a href=&quot;https://www.forbes.com/sites/richardbishop1/2024/05/30/isuzu-and-gatik-go-all-in-to-scale-up-driverless-freight-services/&quot;&gt;Isuzu And Gatik Go All In To Scale Up Driverless Freight Services&lt;/a&gt;&lt;/span&gt;&lt;/li&gt;
&lt;li style=&quot;font-family: &#39;times new roman&#39;, times, serif;&quot;&gt;&lt;span style=&quot;font-family: &#39;times new roman&#39;, times, serif;&quot;&gt;Bloomberg: &lt;a href=&quot;https://www.bloomberg.com/news/newsletters/2024-05-24/autonomous-vehicle-startup-takes-off-by-picking-off-easier-routes&quot;&gt;Autonomous Vehicle Startup Takes Off by Picking Off Easier Routes&lt;/a&gt;&lt;/span&gt;&lt;/li&gt;
&lt;li style=&quot;font-family: &#39;times new roman&#39;, times, serif;&quot;&gt;&lt;span style=&quot;font-family: &#39;times new roman&#39;, times, serif;&quot;&gt;Reuters: &lt;a href=&quot;https://www.reuters.com/technology/driverless-vehicles-limited-routes-bump-along-despite-us-robotaxi-scrutiny-2023-12-13/&quot;&gt;Driverless vehicles on limited routes bump along despite US robotaxi scrutiny&lt;/a&gt;&lt;/span&gt;&lt;/li&gt;
&lt;/ul&gt;
&lt;h3&gt;&lt;span style=&quot;font-family: &#39;times new roman&#39;, times, serif;&quot;&gt;Taking care of our team&lt;/span&gt;&lt;/h3&gt;
&lt;p&gt;&lt;span style=&quot;font-family: &#39;times new roman&#39;, times, serif;&quot;&gt;At Gatik, we connect people of extraordinary talent and experience to an opportunity to create a more resilient supply chain and contribute to our environment’s sustainability. We are diverse in our backgrounds and perspectives yet united by a bold vision and shared commitment to our values. Our culture emphasizes the importance of collaboration, respect and agility.&lt;/span&gt;&lt;/p&gt;
&lt;p&gt;&lt;span style=&quot;font-family: &#39;times new roman&#39;, times, serif;&quot;&gt;We at Gatik strive to create a diverse and inclusive environment where everyone feels they have opportunities to succeed and grow because we know that together we can do great things. We are committed to an inclusive and diverse team. We do not discriminate based on race, color, ethnicity, ancestry, national origin, religion, sex, gender, gender identity, gender expression, sexual orientation, age, disability, veteran status, genetic information, marital status or any legally protected status.&lt;/span&gt;&lt;/p&gt;
&lt;p&gt;&amp;nbsp;&lt;/p&gt;",US,"Santa Clara, CA",https://boards.greenhouse.io/gatikaiinc/jobs/4623718006?gh_jid=4623718006,"2025-12-05T12:47:37-05:00",Full Time,2026-09-01 15:11:44.538 +0700,3
1463,greenhouse,Waymo,Staff Software Engineer/ Tech Lead - Onboard Model Consolidation,"&lt;div class=&quot;content-intro&quot;&gt;&lt;p&gt;Waymo is an autonomous driving technology company with the mission to be the world&#39;s most trusted driver. Since its start as the Google Self-Driving Car Project in 2009, Waymo has focused on building the Waymo Driver—The World&#39;s Most Experienced Driver™—to improve access to mobility while saving thousands of lives now lost to traffic crashes. The Waymo Driver powers Waymo’s fully autonomous ride-hail service and can also be applied to a range of vehicle platforms and product use cases. The Waymo Driver has provided over ten million rider-only trips, enabled by its experience autonomously driving over 100 million miles on public roads and tens of billions in simulation across 15+ U.S. states.&lt;/p&gt;&lt;/div&gt;&lt;p data-pm-slice=&quot;1 1 []&quot;&gt;The Architecture &amp;amp; ML Integration (AMI) team sits within SIML and focuses on horizontal, cross-cutting challenges spanning Waymo&#39;s end-to-end system. Our mission is to enable rapid evolution towards an ML-first architecture that is modular, flexible, and easy to experiment with. We do this by improving onboard software architecture, system debuggability, and developer experience through better API designs and comprehensive pipelines. The AMI team drives the convergence of Planner and Perception systems and tackles critical shared infrastructure components&lt;/p&gt;
&lt;p&gt;&amp;nbsp;&lt;/p&gt;
&lt;p&gt;&lt;strong&gt;You will:&lt;/strong&gt;&lt;/p&gt;
&lt;ul&gt;
&lt;li&gt;Have 8+ years of professional software development experience on large scale products&lt;/li&gt;
&lt;li&gt;Lead the software architecture and infrastructure development for onboard model consolidation across many onboard subsystems.&lt;/li&gt;
&lt;li&gt;Design and build an onboard framework to support flexible and efficient model integration and inference in Waymo’s onboard and simulation environments.&lt;/li&gt;
&lt;li&gt;Spearhead the alignment and unification of model’s data generation subsystem between model training data preparation and model inference.&lt;/li&gt;
&lt;li&gt;Develop Simulation solutions to enable robust testing and efficient evaluation/validation to enable good developer experience for consolidated model development.&lt;/li&gt;
&lt;li&gt;Embedded deeply with model teams to drive the productionization of unified models.&lt;/li&gt;
&lt;li&gt;Establish new software development best practices and technologies to accelerate model development and releases.&lt;/li&gt;
&lt;/ul&gt;
&lt;p&gt;&amp;nbsp;&lt;/p&gt;
&lt;p&gt;&lt;strong&gt;You have:&lt;/strong&gt;&lt;/p&gt;
&lt;ul&gt;
&lt;li&gt;BS/MS in Comp Sci, EE, Robotics, Physics, Math, or related field (or equivalent experience)&lt;/li&gt;
&lt;li&gt;Extensive experience designing and building large-scale, high-performance C++ software architecture for mission-critical systems or ML inference.&lt;/li&gt;
&lt;li&gt;Proven track record of leading complex, cross-functional engineering projects as a technical lead.&lt;/li&gt;
&lt;li&gt;Deep understanding of ML deployment, inference frameworks, and associated developer tooling.&lt;/li&gt;
&lt;li&gt;Good communication and collaboration skills working with cross-org partner teams&lt;/li&gt;
&lt;/ul&gt;
&lt;p&gt;&amp;nbsp;&lt;/p&gt;
&lt;p&gt;&lt;strong&gt;We prefer:&lt;/strong&gt;&lt;/p&gt;
&lt;ul&gt;
&lt;li&gt;Master&#39;s or PhD in Computer Science, Machine Learning, Robotics, or a related field.&lt;/li&gt;
&lt;li&gt;Experience with data pipelines and feature extraction for machine learning models.&lt;/li&gt;
&lt;li&gt;Prior experience in the autonomous driving industry, particularly focusing on onboard compute, perception, or planning systems.&lt;/li&gt;
&lt;li&gt;Experience with hardware accelerators (e.g., TPUs, GPUs) and ML models inference in edge/onboard environments.&lt;/li&gt;
&lt;/ul&gt;&lt;div class=&quot;content-pay-transparency&quot;&gt;&lt;div class=&quot;pay-input&quot;&gt;&lt;div class=&quot;description&quot;&gt;&lt;p&gt;&lt;span style=&quot;font-weight: 400;&quot;&gt;The expected base salary range for this full-time position across US locations is listed below. Actual starting pay will be based on job-related factors, including exact work location, experience, relevant training and education, and skill level. Your recruiter can share more about the specific salary range for the role location or, if the role can be performed remote, the specific salary range for your preferred location, during the hiring process.&amp;nbsp;&lt;/span&gt;&lt;/p&gt;
&lt;p&gt;&lt;span style=&quot;font-weight: 400;&quot;&gt;Waymo employees are also eligible to participate in Waymo’s discretionary annual bonus program, equity incentive plan, and generous Company benefits program, subject to eligibility requirements.&amp;nbsp;&lt;/span&gt;&lt;/p&gt;&lt;/div&gt;&lt;div class=&quot;title&quot;&gt;Salary Range&lt;/div&gt;&lt;div class=&quot;pay-range&quot;&gt;&lt;span&gt;$251,000&lt;/span&gt;&lt;span class=&quot;divider&quot;&gt;&amp;mdash;&lt;/span&gt;&lt;span&gt;$310,000 USD&lt;/span&gt;&lt;/div&gt;&lt;/div&gt;&lt;/div&gt;",US,"Mountain View, California, USA",https://careers.withwaymo.com/jobs?gh_jid=8013843,"2026-06-17T16:24:26-04:00",Full Time,2026-09-01 15:11:44.538 +0700,4
774,greenhouse,Kodiak,Staff Product Manager,"&lt;div class=&quot;content-intro&quot;&gt;&lt;p&gt;Kodiak Robotics, Inc. was founded in 2018 and has become a leader in autonomous ground transportation committed to a safer and more efficient future for all. The company has developed an artificial intelligence (AI) powered technology stack purpose-built for commercial trucking and the public sector. The company delivers freight daily for its customers across the southern United States using its autonomous technology. In 2024, Kodiak became the first known company to publicly announce delivering a driverless semi-truck to a customer. Kodiak is also leveraging its commercial self-driving software to develop, test and deploy autonomous capabilities for the U.S. Department of Defense.&lt;/p&gt;&lt;/div&gt;&lt;p class=&quot;p1&quot;&gt;&lt;span style=&quot;font-family: helvetica, arial, sans-serif; font-size: 12pt;&quot;&gt;Kodiak is seeking a Staff Product Manager to serve as a strategic product leader for our Level 4 autonomous trucking platform across customer applications. This is a senior individual contributor role with organization-wide influence — you will not only own a critical product area end-to-end, but shape how Kodiak thinks about product strategy, customer deployment, and the path to scaled commercialization. You will be the most senior product voice in the room for your domain, setting direction that other PMs and cross-functional leaders align to, and operating as a trusted thought partner to the VP level and above.&lt;/span&gt;&lt;/p&gt;
&lt;p class=&quot;p2&quot;&gt;&lt;span style=&quot;font-size: 12pt; font-family: helvetica, arial, sans-serif;&quot;&gt;&lt;strong&gt;What you&#39;ll do:&lt;/strong&gt;&lt;/span&gt;&lt;/p&gt;
&lt;ul&gt;
&lt;li style=&quot;font-family: helvetica, arial, sans-serif; font-size: 12pt;&quot;&gt;&lt;span style=&quot;font-family: helvetica, arial, sans-serif; font-size: 12pt;&quot;&gt;&lt;strong&gt;Product strategy and vision:&lt;/strong&gt; Define the multi-year product roadmap for your area, grounded in customer needs, competitive dynamics, and Kodiak&#39;s commercialization trajectory. Make the case for what to build — and what not to — at the leadership level.&lt;/span&gt;&lt;/li&gt;
&lt;li style=&quot;font-family: helvetica, arial, sans-serif; font-size: 12pt;&quot;&gt;&lt;span style=&quot;font-family: helvetica, arial, sans-serif; font-size: 12pt;&quot;&gt;&lt;strong&gt;Cross-functional leadership:&lt;/strong&gt; Unify Engineering, Program Management, Operations, and Commercial around a shared product vision.&amp;nbsp; You are the person who resolves ambiguity and ensures the right tradeoffs are made with clarity and speed.&lt;/span&gt;&lt;/li&gt;
&lt;li style=&quot;font-family: helvetica, arial, sans-serif; font-size: 12pt;&quot;&gt;&lt;span style=&quot;font-family: helvetica, arial, sans-serif; font-size: 12pt;&quot;&gt;&lt;strong&gt;Execution at scale:&lt;/strong&gt; Own the product lifecycle from opportunity identification through deployment and iteration — holding the bar on quality and metrics across multiple workstreams simultaneously.&lt;/span&gt;&lt;/li&gt;
&lt;li style=&quot;font-family: helvetica, arial, sans-serif; font-size: 12pt;&quot;&gt;&lt;span style=&quot;font-family: helvetica, arial, sans-serif; font-size: 12pt;&quot;&gt;&lt;strong&gt;Prioritization and resource influence:&lt;/strong&gt; Set prioritization frameworks that others adopt. Actively shape engineering roadmap and resourcing conversations, advocating effectively for customer-critical investments at the VP and executive level.&lt;/span&gt;&lt;/li&gt;
&lt;li style=&quot;font-family: helvetica, arial, sans-serif; font-size: 12pt;&quot;&gt;&lt;span style=&quot;font-family: helvetica, arial, sans-serif; font-size: 12pt;&quot;&gt;&lt;strong&gt;Product definition:&lt;/strong&gt; Author product requirements that set a high standard for rigor and customer fidelity. Partner deeply with Design and Engineering leadership to ensure architectural decisions reflect long-term product needs, not just near-term scope.&lt;/span&gt;&lt;/li&gt;
&lt;li style=&quot;font-family: helvetica, arial, sans-serif; font-size: 12pt;&quot;&gt;&lt;span style=&quot;font-family: helvetica, arial, sans-serif; font-size: 12pt;&quot;&gt;&lt;strong&gt;Performance and readiness:&lt;/strong&gt; Define the metrics and readiness criteria that determine when a product is ready to deploy. Own the system of record for product health and communicate it credibly to customers, leadership, and the board.&lt;/span&gt;&lt;/li&gt;
&lt;li style=&quot;font-family: helvetica, arial, sans-serif; font-size: 12pt;&quot;&gt;&lt;span style=&quot;font-family: helvetica, arial, sans-serif; font-size: 12pt;&quot;&gt;&lt;strong&gt;Customer partnership:&lt;/strong&gt; Serve as Kodiak&#39;s most senior product relationship owner with key customers — building deep trust, surfacing strategic feedback, and translating real-world operational complexity into product direction that engineering can act on.&lt;/span&gt;&lt;/li&gt;
&lt;li style=&quot;font-family: helvetica, arial, sans-serif; font-size: 12pt;&quot;&gt;&lt;span style=&quot;font-family: helvetica, arial, sans-serif; font-size: 12pt;&quot;&gt;&lt;strong&gt;Organizational impact:&lt;/strong&gt; Mentor senior PMs, contribute to the product management craft at Kodiak, and help define how the PM function operates — from how requirements are written to how tradeoffs are communicated.&lt;/span&gt;&lt;/li&gt;
&lt;li style=&quot;font-family: helvetica, arial, sans-serif; font-size: 12pt;&quot;&gt;&lt;span style=&quot;font-family: helvetica, arial, sans-serif; font-size: 12pt;&quot;&gt;&lt;strong&gt;Travel:&lt;/strong&gt; 10-20% travel to Kodiak commercial deployments and customer sites to maintain operational intuition and customer proximity.&lt;/span&gt;&lt;/li&gt;
&lt;/ul&gt;
&lt;p class=&quot;p2&quot;&gt;&lt;span style=&quot;font-size: 12pt; font-family: helvetica, arial, sans-serif;&quot;&gt;&lt;strong&gt;What you’ll bring:&lt;/strong&gt;&lt;/span&gt;&lt;/p&gt;
&lt;ul&gt;
&lt;li style=&quot;font-family: helvetica, arial, sans-serif; font-size: 12pt;&quot;&gt;&lt;span style=&quot;font-family: helvetica, arial, sans-serif; font-size: 12pt;&quot;&gt;&lt;strong&gt;10+ years&lt;/strong&gt; of Product Management experience, with at least several years operating as a senior IC driving strategy independently across complex, technical product domains — ideally in autonomous vehicles, robotics, logistics, or safety-critical systems.&lt;/span&gt;&lt;/li&gt;
&lt;li style=&quot;font-family: helvetica, arial, sans-serif; font-size: 12pt;&quot;&gt;&lt;span style=&quot;font-family: helvetica, arial, sans-serif; font-size: 12pt;&quot;&gt;&lt;strong&gt;Demonstrated organizational influence:&lt;/strong&gt; Track record of shaping product strategy and roadmap decisions at the VP level and above; you have changed the direction of a program or product area through the strength of your judgment and communication, not just your title.&lt;/span&gt;&lt;/li&gt;
&lt;li style=&quot;font-family: helvetica, arial, sans-serif; font-size: 12pt;&quot;&gt;&lt;span style=&quot;font-family: helvetica, arial, sans-serif; font-size: 12pt;&quot;&gt;&lt;strong&gt;Technical authority:&lt;/strong&gt; Deep enough technical fluency to engage credibly with engineering leadership on architecture, system design, and feasibility tradeoffs — not just translate requirements. Background in engineering, computer science, or a related field required.&lt;/span&gt;&lt;/li&gt;
&lt;li style=&quot;font-family: helvetica, arial, sans-serif; font-size: 12pt;&quot;&gt;&lt;span style=&quot;font-family: helvetica, arial, sans-serif; font-size: 12pt;&quot;&gt;&lt;strong&gt;Ambiguity at scale:&lt;/strong&gt; Proven ability to set structure and direction in genuinely novel problem spaces — where there is no playbook, the market is evolving, and the cost of getting it wrong is high.&lt;/span&gt;&lt;/li&gt;
&lt;li style=&quot;font-family: helvetica, arial, sans-serif; font-size: 12pt;&quot;&gt;&lt;span style=&quot;font-family: helvetica, arial, sans-serif; font-size: 12pt;&quot;&gt;&lt;strong&gt;Customer and commercial acumen:&lt;/strong&gt; Experience owning high-stakes external customer relationships and connecting product decisions to fleet economics, operational outcomes, and contract commitments.&lt;/span&gt;&lt;/li&gt;
&lt;li style=&quot;font-family: helvetica, arial, sans-serif; font-size: 12pt;&quot;&gt;&lt;span style=&quot;font-family: helvetica, arial, sans-serif; font-size: 12pt;&quot;&gt;&lt;strong&gt;Cross-functional leadership without authority:&lt;/strong&gt; You are the person other functions bring in to drive alignment, not just participate in it. You set the agenda and hold teams accountable to shared outcomes.&lt;/span&gt;&lt;/li&gt;
&lt;li style=&quot;font-family: helvetica, arial, sans-serif; font-size: 12pt;&quot;&gt;&lt;span style=&quot;font-family: helvetica, arial, sans-serif; font-size: 12pt;&quot;&gt;&lt;strong&gt;Communication at the executive level:&lt;/strong&gt; Able to distill complex product and technical tradeoffs into clear, confident narratives for C-suite, board, and customer audiences — and to do so under pressure.&lt;/span&gt;&lt;/li&gt;
&lt;/ul&gt;
&lt;p class=&quot;p2&quot;&gt;&lt;span style=&quot;font-size: 12pt; font-family: helvetica, arial, sans-serif;&quot;&gt;&lt;strong&gt;What we offer:&lt;/strong&gt;&lt;/span&gt;&lt;/p&gt;
&lt;ul&gt;
&lt;li style=&quot;font-size: 12pt; font-family: helvetica, arial, sans-serif;&quot;&gt;&lt;span style=&quot;font-size: 12pt; font-family: helvetica, arial, sans-serif;&quot;&gt;Competitive compensation package including equity and annual bonuses&lt;/span&gt;&lt;/li&gt;
&lt;li style=&quot;font-size: 12pt; font-family: helvetica, arial, sans-serif;&quot;&gt;&lt;span style=&quot;font-size: 12pt; font-family: helvetica, arial, sans-serif;&quot;&gt;Excellent Medical, Dental, and Vision plans through Kaiser Permanente, Cigna, and&amp;nbsp; MetLife (including a medical plan with infertility benefits)&lt;/span&gt;&lt;/li&gt;
&lt;li style=&quot;font-size: 12pt; font-family: helvetica, arial, sans-serif;&quot;&gt;&lt;span style=&quot;font-size: 12pt; font-family: helvetica, arial, sans-serif;&quot;&gt;MetLife Legal Services, Identity &amp;amp; Fraud Protection, Hospital Indemnity Insurance, Accident Insurance, &amp;amp; Critical Illness Insurance&lt;/span&gt;&lt;/li&gt;
&lt;li style=&quot;font-size: 12pt; font-family: helvetica, arial, sans-serif;&quot;&gt;&lt;span style=&quot;font-size: 12pt; font-family: helvetica, arial, sans-serif;&quot;&gt;Flexible PTO, 10 paid holidays, and generous parental leave policies&lt;/span&gt;&lt;/li&gt;
&lt;li style=&quot;font-size: 12pt; font-family: helvetica, arial, sans-serif;&quot;&gt;&lt;span style=&quot;font-size: 12pt; font-family: helvetica, arial, sans-serif;&quot;&gt;Our office is centrally located in Mountain View, CA&lt;/span&gt;&lt;/li&gt;
&lt;li style=&quot;font-size: 12pt; font-family: helvetica, arial, sans-serif;&quot;&gt;&lt;span style=&quot;font-size: 12pt; font-family: helvetica, arial, sans-serif;&quot;&gt;Office perks: dog-friendly, free catered lunch, a fully stocked kitchen, and free EV charging&lt;/span&gt;&lt;/li&gt;
&lt;li style=&quot;font-size: 12pt; font-family: helvetica, arial, sans-serif;&quot;&gt;&lt;span style=&quot;font-size: 12pt; font-family: helvetica, arial, sans-serif;&quot;&gt;Long Term Disability, Short Term Disability, Life Insurance&lt;/span&gt;&lt;/li&gt;
&lt;li style=&quot;font-size: 12pt; font-family: helvetica, arial, sans-serif;&quot;&gt;&lt;span style=&quot;font-size: 12pt; font-family: helvetica, arial, sans-serif;&quot;&gt;Wellbeing Benefits - Headspace through Cigna, Calm through Kaiser, One Medical, Gympass, Spring Health through Cigna, Rula (mental health navigation)&amp;nbsp;&lt;/span&gt;&lt;/li&gt;
&lt;li style=&quot;font-size: 12pt; font-family: helvetica, arial, sans-serif;&quot;&gt;&lt;span style=&quot;font-size: 12pt; font-family: helvetica, arial, sans-serif;&quot;&gt;Fidelity 401(k)&lt;/span&gt;&lt;/li&gt;
&lt;li style=&quot;font-size: 12pt; font-family: helvetica, arial, sans-serif;&quot;&gt;&lt;span style=&quot;font-size: 12pt; font-family: helvetica, arial, sans-serif;&quot;&gt;Commuter, FSA, Dependent Care FSA, HSA&lt;/span&gt;&lt;/li&gt;
&lt;li style=&quot;font-size: 12pt; font-family: helvetica, arial, sans-serif;&quot;&gt;&lt;span style=&quot;font-size: 12pt; font-family: helvetica, arial, sans-serif;&quot;&gt;Various incentive programs (referral bonuses, patent bonuses, etc.)&lt;/span&gt;&lt;/li&gt;
&lt;/ul&gt;&lt;div class=&quot;content-pay-transparency&quot;&gt;&lt;div class=&quot;pay-input&quot;&gt;&lt;div class=&quot;description&quot;&gt;&lt;p&gt;The pay range listed below reflects the base salary&amp;nbsp;&lt;strong data-stringify-type=&quot;bold&quot;&gt;in our SF/Silicon Valley location,&amp;nbsp;&lt;/strong&gt;across several internal levels. Actual starting pay will be based on job-related factors including: work location, experience, relevant training, education, skill level and performance during interview. Total compensation at Kodiak includes base pay, equity, bonus and a competitive benefits package&lt;/p&gt;&lt;/div&gt;&lt;div class=&quot;title&quot;&gt;California Pay Range&lt;/div&gt;&lt;div class=&quot;pay-range&quot;&gt;&lt;span&gt;$180,000&lt;/span&gt;&lt;span class=&quot;divider&quot;&gt;&amp;mdash;&lt;/span&gt;&lt;span&gt;$240,000 USD&lt;/span&gt;&lt;/div&gt;&lt;/div&gt;&lt;/div&gt;&lt;div class=&quot;content-conclusion&quot;&gt;&lt;div&gt;&amp;nbsp;&lt;/div&gt;
&lt;div&gt;At Kodiak, we strive to build a diverse community working towards our common company goals in a safe and collaborative environment where harassment of any kind is strictly prohibited. Kodiak is committed to equal opportunity employment regardless of race, ethnicity, religion, gender identity, sexual orientation, age, disability, or veteran status, or any other basis protected by applicable law.&lt;/div&gt;
&lt;div&gt;&amp;nbsp;&lt;/div&gt;
&lt;div&gt;In alignment with its business operations, Kodiak adheres to all relevant statutes, regulations, and administrative prerequisites. Accordingly, roles that carry more sensitive requirements may be limited to candidates that can satisfy additional scrutiny and eligibility for such positions may hinge on verification of a candidate’s residence, U.S. person status, and/or citizenship status. Should the position require, and Kodiak determines that a candidate’s residence, U.S. person status, and/or citizenship status necessitate an export license, bar the candidate from the position, or otherwise fall under national security-related restrictions, Kodiak will consider the candidate for alternative positions unaffected by such restrictions, under terms and conditions set forth at Kodiak’s sole discretion, or, as an alternative, opt not to proceed with the candidate’s application. If applicable, Kodiak may provide visa sponsorship for eligible candidates.&lt;/div&gt;
&lt;div&gt;&amp;nbsp;&lt;/div&gt;
&lt;div&gt;&lt;em&gt;We use a third-party AI tool (Endorsed) to assist in the initial screening of applications. As part of the evaluation process, we provide Endorsed with job requirements and candidate-submitted applications. Final hiring decisions are made by our human recruitment team, and no automated system makes the ultimate decision regarding hiring. Certain features of the platform may qualify it as an Automated Employment Decision Tool (AEDT) under applicable regulations. We began using Endorsed on January 1, 2026. You can review the independent bias audit report covering our use of Endorsed [here](&lt;/em&gt;&lt;em&gt;&lt;a href=&quot;https://endorsed.com/local-law-144&quot; target=&quot;_blank&quot; data-sk=&quot;tooltip_parent&quot;&gt;https://endorsed.com/local-law-144&lt;/a&gt;&lt;/em&gt;&lt;em&gt;). By submitting your application, you acknowledge that your application may be processed by AI systems as part of the screening and selection process. If you have any questions or would like to request a separate review of your application, please contact &lt;/em&gt;&lt;em&gt;&lt;a href=&quot;mailto:careers@kodiak.ai&quot; target=&quot;_blank&quot; data-sk=&quot;tooltip_parent&quot;&gt;careers@kodiak.ai&lt;/a&gt;&lt;/em&gt;&lt;em&gt; with &quot;Separate Review Request&quot; in the email subject line.&lt;/em&gt;&lt;/div&gt;
&lt;p&gt;&amp;nbsp;&lt;/p&gt;&lt;/div&gt;",US,"Mountain View, CA",https://job-boards.greenhouse.io/kodiak/jobs/4308530009,"2026-07-07T19:17:33-04:00",Full Time,2026-09-01 15:11:44.538 +0700,5
674,greenhouse,Bot.Auto,Local Driver CDL,"&lt;h2&gt;&lt;strong&gt;Where Trucking, Safety, and Technology Meet&lt;/strong&gt;&lt;/h2&gt;
&lt;p&gt;&amp;nbsp;&lt;/p&gt;
&lt;p class=&quot;font-claude-response-body break-words whitespace-normal&quot;&gt;&lt;span style=&quot;font-family: arial, helvetica, sans-serif; font-size: 12pt;&quot;&gt;&lt;strong&gt;Local CDL driving job with a predictable schedule.&lt;/strong&gt; Join Bot Auto&#39;s team of dedicated, safe drivers helping map the future of logistics in America.&lt;/span&gt;&lt;/p&gt;
&lt;p class=&quot;font-claude-response-body break-words whitespace-normal&quot;&gt;&lt;span style=&quot;font-family: arial, helvetica, sans-serif; font-size: 12pt;&quot;&gt;We&#39;re combining self-driving technology with a Transportation-as-a-Service model to make highways safer and freight moves smarter. As a driver here, you&#39;re not just running routes — you&#39;re part of the team laying the foundation for the future of trucking.&lt;/span&gt;&lt;/p&gt;
&lt;h2&gt;Position Summary&lt;/h2&gt;
&lt;p&gt;&lt;span style=&quot;font-family: arial, helvetica, sans-serif; font-size: 12pt;&quot;&gt;The Local Driver is a commercially focused CDL professional who operates within a local service area and returns home each day. This role is essential to supporting Bot Auto&#39;s local operations and may include ADS-equipped equipment depending on assignment.&lt;/span&gt;&lt;/p&gt;
&lt;h3&gt;Why Join Bot Auto?&lt;/h3&gt;
&lt;ul&gt;
&lt;li style=&quot;font-family: arial, helvetica, sans-serif; font-size: 12pt;&quot;&gt;&lt;span style=&quot;font-family: arial, helvetica, sans-serif; font-size: 12pt;&quot;&gt;Competitive Hourly Pay&lt;/span&gt;&lt;/li&gt;
&lt;li style=&quot;font-family: arial, helvetica, sans-serif; font-size: 12pt;&quot;&gt;&lt;span style=&quot;font-family: arial, helvetica, sans-serif; font-size: 12pt;&quot;&gt;Great Medical, Dental, and Vision Insurance&lt;/span&gt;&lt;/li&gt;
&lt;li style=&quot;font-family: arial, helvetica, sans-serif; font-size: 12pt;&quot;&gt;&lt;span style=&quot;font-family: arial, helvetica, sans-serif; font-size: 12pt;&quot;&gt;Overtime Opportunities&lt;/span&gt;&lt;/li&gt;
&lt;li style=&quot;font-family: arial, helvetica, sans-serif; font-size: 12pt;&quot;&gt;&lt;span style=&quot;font-family: arial, helvetica, sans-serif; font-size: 12pt;&quot;&gt;Paid Training&lt;/span&gt;&lt;/li&gt;
&lt;li style=&quot;font-family: arial, helvetica, sans-serif; font-size: 12pt;&quot;&gt;&lt;span style=&quot;font-family: arial, helvetica, sans-serif; font-size: 12pt;&quot;&gt;Safety bonus program&lt;/span&gt;&lt;/li&gt;
&lt;li style=&quot;font-family: arial, helvetica, sans-serif; font-size: 12pt;&quot;&gt;&lt;span style=&quot;font-family: arial, helvetica, sans-serif; font-size: 12pt;&quot;&gt;Per diem pay&lt;/span&gt;&lt;/li&gt;
&lt;li style=&quot;font-family: arial, helvetica, sans-serif; font-size: 12pt;&quot;&gt;&lt;span style=&quot;font-family: arial, helvetica, sans-serif; font-size: 12pt;&quot;&gt;Structured advancement path - pay increases at each tier&lt;/span&gt;&lt;/li&gt;
&lt;li style=&quot;font-family: arial, helvetica, sans-serif; font-size: 12pt;&quot;&gt;&lt;span style=&quot;font-family: arial, helvetica, sans-serif; font-size: 12pt;&quot;&gt;Be part of one of the first autonomous freight networks in the U.S.&lt;/span&gt;&lt;/li&gt;
&lt;li style=&quot;font-family: arial, helvetica, sans-serif; font-size: 12pt;&quot;&gt;&lt;span style=&quot;font-family: arial, helvetica, sans-serif; font-size: 12pt;&quot;&gt;Safety Focused Culture&lt;/span&gt;&lt;/li&gt;
&lt;/ul&gt;
&lt;h3&gt;Responsibilities&lt;/h3&gt;
&lt;ul&gt;
&lt;li style=&quot;font-size: 12pt;&quot;&gt;&lt;span style=&quot;font-size: 12pt;&quot;&gt;Safely operate a commercial motor vehicle on local routes within a 70-hour work week&lt;/span&gt;&lt;/li&gt;
&lt;li style=&quot;font-size: 12pt;&quot;&gt;&lt;span style=&quot;font-size: 12pt;&quot;&gt;Support local operational needs, including equipment moves, yard support, and transport as assigned&lt;/span&gt;&lt;/li&gt;
&lt;li style=&quot;font-size: 12pt;&quot;&gt;&lt;span style=&quot;font-size: 12pt;&quot;&gt;Operate ADS-equipped equipment when assigned, following applicable data-collection or support protocols&lt;/span&gt;&lt;/li&gt;
&lt;li style=&quot;font-size: 12pt;&quot;&gt;&lt;span style=&quot;font-size: 12pt;&quot;&gt;Maintain accurate daily logs and vehicle inspection reports&lt;/span&gt;&lt;/li&gt;
&lt;li style=&quot;font-size: 12pt;&quot;&gt;&lt;span style=&quot;font-size: 12pt;&quot;&gt;Coordinate daily assignments with the Dispatch&lt;/span&gt;&lt;/li&gt;
&lt;/ul&gt;
&lt;h3&gt;Minimum Qualifications&lt;/h3&gt;
&lt;ul&gt;
&lt;li style=&quot;font-size: 12pt;&quot;&gt;&lt;span style=&quot;font-size: 12pt;&quot;&gt;Minimum of three (3) years of verifiable employment history&lt;/span&gt;&lt;/li&gt;
&lt;li style=&quot;font-size: 12pt;&quot;&gt;&lt;span style=&quot;font-size: 12pt;&quot;&gt;Minimum of three (3) years of verifiable commercial motor vehicle driving experience&lt;/span&gt;&lt;/li&gt;
&lt;li style=&quot;font-size: 12pt;&quot;&gt;&lt;span style=&quot;font-size: 12pt;&quot;&gt;Current, valid Commercial Driver&#39;s License (CDL)&lt;/span&gt;&lt;/li&gt;
&lt;li style=&quot;font-size: 12pt;&quot;&gt;&lt;span style=&quot;font-size: 12pt;&quot;&gt;Clean driving record: no more than one (1) moving violation or one (1) accident within the last three (3) years (combined violations and accidents not to exceed two (2) in a three-year period)&lt;/span&gt;&lt;/li&gt;
&lt;li style=&quot;font-size: 12pt;&quot;&gt;&lt;span style=&quot;font-size: 12pt;&quot;&gt;Must pass a road test and demonstrate proficiency operating all equipment/trailers used by BOT Auto&lt;/span&gt;&lt;/li&gt;
&lt;li style=&quot;font-size: 12pt;&quot;&gt;&lt;span style=&quot;font-size: 12pt;&quot;&gt;Must be authorized to work in the United States&lt;/span&gt;&lt;/li&gt;
&lt;li style=&quot;font-size: 12pt;&quot;&gt;&lt;span style=&quot;font-size: 12pt;&quot;&gt;Subject to all DOT drug and alcohol testing requirements (pre-employment, random, reasonable suspicion, and post-accident); passing a DOT physical and DOT/SAMHSA drug screen is a condition of employment&lt;/span&gt;&lt;/li&gt;
&lt;li style=&quot;font-size: 12pt;&quot;&gt;&lt;span style=&quot;font-size: 12pt;&quot;&gt;Reliable availability for daily local dispatch within a 14-hour workday window, including occasional evenings and weekends as operational needs required&lt;/span&gt;&lt;/li&gt;
&lt;li style=&quot;font-size: 12pt;&quot;&gt;&lt;span style=&quot;font-size: 12pt;&quot;&gt;English proficiency required: must be able to read, speak, and understand English sufficiently to communicate with the public, understand highway traffic signs and signals, respond to official inquiries, and complete required reports and records, per federal DOT requirements (49 CFR 391.11(b)(2))&lt;/span&gt;&lt;/li&gt;
&lt;/ul&gt;
&lt;h4&gt;Equal Employment Opportunity&lt;/h4&gt;
&lt;p&gt;Bot Auto is proud to be an Equal Opportunity Employer. All qualified applicants will receive consideration for employment without regard to race, color, religion, sex, national origin, age, disability, veteran status, or any other legally protected status.&lt;/p&gt;",US,"Dallas, TX",https://job-boards.greenhouse.io/botauto/jobs/5374307008,"2026-07-29T17:30:06-04:00",Full Time,2026-09-01 15:11:44.538 +0700,6
1814,greenhouse,XPENG,Staff Technical Program Manager,"&lt;div data-page-id=&quot;JtHmdFPBFoDeeNxg3hrc4Xyjnhg&quot; data-docx-has-block-data=&quot;false&quot;&gt;
&lt;div class=&quot;ace-line ace-line old-record-id-X1AxdI3wHoDJuhxEQzscIQfNnxb&quot;&gt;
&lt;div data-page-id=&quot;IlWVdPHa4oaUIgxAp1KccvMknZZ&quot; data-docx-has-block-data=&quot;false&quot;&gt;
&lt;div class=&quot;ace-line ace-line old-record-id-TMEXdNB2hoez9lx0yNEcRvhgnht&quot;&gt;
&lt;div data-page-id=&quot;Pd7XdC4E7oI0w5xg9NlcS9nMn4E&quot; data-lark-html-role=&quot;root&quot; data-docx-has-block-data=&quot;false&quot;&gt;
&lt;div class=&quot;ace-line ace-line old-record-id-IlaFdwrzCokPoyxCHqDcqhYWnTe&quot;&gt;
&lt;div data-page-id=&quot;N2BkderONoTEZGxHa1bcGuqdn7N&quot; data-lark-html-role=&quot;root&quot; data-docx-has-block-data=&quot;false&quot;&gt;
&lt;div class=&quot;ace-line ace-line old-record-id-FwFLdHX5YoFzunxw1vGcWjt0n7d&quot;&gt;
&lt;div data-page-id=&quot;N2BkderONoTEZGxHa1bcGuqdn7N&quot; data-lark-html-role=&quot;root&quot; data-docx-has-block-data=&quot;false&quot;&gt;
&lt;div class=&quot;ace-line ace-line old-record-id-FwFLdHX5YoFzunxw1vGcWjt0n7d&quot;&gt;
&lt;div data-page-id=&quot;FCovdNJj3ot8pbxRQ1BcJnR4nDh&quot; data-lark-html-role=&quot;root&quot; data-docx-has-block-data=&quot;false&quot;&gt;
&lt;div class=&quot;ace-line ace-line old-record-id-CWnpd2xBloXMeAxRjjGcmJ1OnDh&quot;&gt;&lt;strong&gt;XPENG &lt;/strong&gt;is a leading smart technology company at the forefront of innovation, integrating advanced AI and autonomous driving technologies into its vehicles, including electric vehicles (EVs), electric vertical take-off and landing (eVTOL) aircraft, and robotics. With a strong focus on intelligent mobility, XPENG is dedicated to reshaping the future of transportation through cutting-edge R&amp;amp;D in AI, machine learning, and smart connectivity.&lt;/div&gt;
&lt;div class=&quot;ace-line ace-line old-record-id-KceZdy2aYorOR4xdxyOcYzw5nVe&quot;&gt;&amp;nbsp;&lt;/div&gt;
&lt;div class=&quot;ace-line ace-line old-record-id-V3mSdGZHLoH1E9x4JA7cEyXZnXH&quot;&gt;As a Staff Technical Program Manager focused on the Autonomous Driving Training Data Lake, you will lead cross-functional programs that enable large-scale data collection, processing, governance, and delivery for autonomous-driving model development. You will work closely with data infrastructure, machine learning, simulation, vehicle engineering, annotation, and algorithm teams to ensure that high-quality training data is available reliably, efficiently, and at scale.&lt;/div&gt;
&lt;div class=&quot;ace-line ace-line old-record-id-J4wPduZ6goxhv7xi0ohcoOxBnif&quot;&gt;&amp;nbsp;&lt;/div&gt;
&lt;div class=&quot;ace-line ace-line old-record-id-LA1BdLQ4Mo6URPxLz0pc2oirnkK&quot;&gt;You will work with best-in-class machine learning, software, data, and infrastructure engineers to build the foundation for XPENG’s autonomous-driving development lifecycle. Your work will directly improve the quality, velocity, reliability, and cost efficiency of the data used to train and validate mass-market autonomous-driving systems.&lt;/div&gt;
&lt;div class=&quot;ace-line ace-line old-record-id-AY9BdGbQsoGLZExr7DGcXkmpnCd&quot;&gt;&amp;nbsp;&lt;/div&gt;
&lt;div class=&quot;ace-line ace-line old-record-id-QpGDd7H6roxXL2x3kDhcjoh0nwh&quot;&gt;&lt;strong&gt;Job Responsibilities:&lt;/strong&gt;&lt;/div&gt;
&lt;ul class=&quot;list-bullet1&quot;&gt;
&lt;li class=&quot;ace-line ace-line old-record-id-Vxe6djNJ9oM6WgxV7JQcd3SrnkM&quot; data-list=&quot;bullet&quot;&gt;
&lt;div&gt;Define and manage the roadmap for the autonomous-driving training data lake, covering data collection, ingestion, processing, storage, curation, and delivery.&lt;/div&gt;
&lt;/li&gt;
&lt;li class=&quot;ace-line ace-line old-record-id-IieFdVsN2onTSxxdyAscR9o1nqg&quot; data-list=&quot;bullet&quot;&gt;
&lt;div&gt;Coordinate execution across data infrastructure, machine learning, annotation, simulation, and autonomous-driving algorithm teams.&lt;/div&gt;
&lt;/li&gt;
&lt;li class=&quot;ace-line ace-line old-record-id-Plendp01eoQ0CqxLbRucSEUEn9g&quot; data-list=&quot;bullet&quot;&gt;
&lt;div&gt;Establish and track KPIs for data quality, pipeline reliability, processing latency, dataset readiness, storage efficiency, and infrastructure cost.&lt;/div&gt;
&lt;/li&gt;
&lt;li class=&quot;ace-line ace-line old-record-id-JwzadWDxmoIHJZxpeLOclAs1nob&quot; data-list=&quot;bullet&quot;&gt;
&lt;div&gt;Drive programs for dataset generation, versioning, metadata management, lineage, and reproducibility.&lt;/div&gt;
&lt;/li&gt;
&lt;li class=&quot;ace-line ace-line old-record-id-O5efdGjbzoYPaqxEF0IccZgnnCc&quot; data-list=&quot;bullet&quot;&gt;
&lt;div&gt;Identify technical risks and bottlenecks in data pipelines, infrastructure capacity, and training-data delivery, and lead cross-functional resolution.&lt;/div&gt;
&lt;/li&gt;
&lt;li class=&quot;ace-line ace-line old-record-id-VuTsduztRoQ56bx0KUKcu5QfnUg&quot; data-list=&quot;bullet&quot;&gt;
&lt;div&gt;Improve engineering planning, agile development practices, dependency management, and operational processes across data platform teams.&lt;/div&gt;
&lt;/li&gt;
&lt;/ul&gt;
&lt;div class=&quot;ace-line ace-line old-record-id-BIYtdI36jo3zFgxQEuYcuVt3n4s&quot;&gt;&amp;nbsp;&lt;/div&gt;
&lt;div class=&quot;ace-line ace-line old-record-id-D7aVdNptAokGubxmwZ0ccFJmnmf&quot;&gt;&lt;strong&gt;Basic Qualifications:&lt;/strong&gt;&lt;/div&gt;
&lt;ul class=&quot;list-bullet1&quot;&gt;
&lt;li class=&quot;ace-line ace-line old-record-id-XnO7dwECAoAcXyxYiA0cTOfIn2c&quot; data-list=&quot;bullet&quot;&gt;
&lt;div&gt;Bachelors or Masters in computer science or other related engineering field.&lt;/div&gt;
&lt;/li&gt;
&lt;li class=&quot;ace-line ace-line old-record-id-BXVXdtMEUo61Mmx1Qc5cxU5Snvb&quot; data-list=&quot;bullet&quot;&gt;
&lt;div&gt;5 years + of technical program management experience in engineering or related fields.&lt;/div&gt;
&lt;/li&gt;
&lt;li class=&quot;ace-line ace-line old-record-id-LpOkdupeToXyawxRBLZcI0rEnft&quot; data-list=&quot;bullet&quot;&gt;
&lt;div&gt;Experience leading complex cross-functional data, infrastructure, software, or machine learning programs.&lt;/div&gt;
&lt;/li&gt;
&lt;li class=&quot;ace-line ace-line old-record-id-T5irdXGYLoCvNGxkKYlcSk2Knyf&quot; data-list=&quot;bullet&quot;&gt;
&lt;div&gt;Strong understanding of large-scale data systems, cloud infrastructure, and data pipelines.&lt;/div&gt;
&lt;/li&gt;
&lt;li class=&quot;ace-line ace-line old-record-id-ElP6d7SquocwQIxS3XYczYCYnqc&quot; data-list=&quot;bullet&quot;&gt;
&lt;div&gt;&lt;strong&gt;Mandarin speaking is required.&lt;/strong&gt;&lt;/div&gt;
&lt;/li&gt;
&lt;li class=&quot;ace-line ace-line old-record-id-UcsbdDN4UoaUL3xrh3WcSINOnde&quot; data-list=&quot;bullet&quot;&gt;
&lt;div&gt;Excellent problem-solving skills.&lt;/div&gt;
&lt;/li&gt;
&lt;li class=&quot;ace-line ace-line old-record-id-SmHBdHaliojykyxks7ecwSS8n5d&quot; data-list=&quot;bullet&quot;&gt;
&lt;div&gt;Strong understanding of large-scale data systems, cloud infrastructure, and data pipelines.&lt;/div&gt;
&lt;/li&gt;
&lt;li class=&quot;ace-line ace-line old-record-id-VPzJdsNaRouwcgxLJ0HcwYNZnOT&quot; data-list=&quot;bullet&quot;&gt;
&lt;div&gt;Experience in establishing strong software development processes.&lt;/div&gt;
&lt;/li&gt;
&lt;/ul&gt;
&lt;div class=&quot;ace-line ace-line old-record-id-JqQqdqs8Go4Goox6jbqcVmYynDf&quot;&gt;&amp;nbsp;&lt;/div&gt;
&lt;div class=&quot;ace-line ace-line old-record-id-Vu5Kdz7xBoq4foxaHSrc57eBnee&quot;&gt;&lt;strong&gt;Preferred Qualifications:&lt;/strong&gt;&lt;/div&gt;
&lt;ul class=&quot;list-bullet1&quot;&gt;
&lt;li class=&quot;ace-line ace-line old-record-id-RjuEd6Eexo0OZdxHGBhc2rmFngg&quot; data-list=&quot;bullet&quot;&gt;
&lt;div&gt;Experience with autonomous-driving data platforms, machine learning infrastructure, or large-scale training-data systems.&lt;/div&gt;
&lt;/li&gt;
&lt;li class=&quot;ace-line ace-line old-record-id-TnW3dDckPoQ8FHxdvbqcK5KAn4c&quot; data-list=&quot;bullet&quot;&gt;
&lt;div&gt;Experience managing large-scale data lakes, distributed data pipelines, or cloud infrastructure programs.&lt;/div&gt;
&lt;/li&gt;
&lt;li class=&quot;ace-line ace-line old-record-id-ORfMdiRCdoxLqIxmlfncgABPnLh&quot; data-list=&quot;bullet&quot;&gt;
&lt;div&gt;Familiarity with data technologies such as object storage, Spark, Ray, Kafka, Iceberg, Parquet, Kubernetes, or similar systems.&lt;/div&gt;
&lt;/li&gt;
&lt;li class=&quot;ace-line ace-line old-record-id-PMNtdKv1ooSqgbxyUSdcTXsInsd&quot; data-list=&quot;bullet&quot;&gt;
&lt;div&gt;Understanding of machine learning data workflows, including data curation, annotation, training, evaluation, and closed-loop improvement.&lt;/div&gt;
&lt;/li&gt;
&lt;li class=&quot;ace-line ace-line old-record-id-UpmHdRAfZoOYxLxZx17coymAnNb&quot; data-list=&quot;bullet&quot;&gt;
&lt;div&gt;Experience managing complex cross-functional programs across multiple teams, locations, or time zones.&lt;/div&gt;
&lt;/li&gt;
&lt;/ul&gt;
&lt;div class=&quot;ace-line ace-line old-record-id-V2pudrRLmoJ0MLxNzJvc9cmPnoP&quot;&gt;&amp;nbsp;&lt;/div&gt;
&lt;div class=&quot;ace-line ace-line old-record-id-N3UFdtSCzoKoJhxDnCAcaSmfnFd&quot;&gt;&lt;strong&gt;What do we provide:&lt;/strong&gt;&lt;/div&gt;
&lt;ul class=&quot;list-bullet1&quot;&gt;
&lt;li class=&quot;ace-line ace-line old-record-id-JykDd9Kw7oq7uox5i8bcXQzXnZf&quot; data-list=&quot;bullet&quot;&gt;
&lt;div&gt;A fun, supportive and engaging environment.&lt;/div&gt;
&lt;/li&gt;
&lt;li class=&quot;ace-line ace-line old-record-id-Wtx3djQOPoCaL4xcSagcH99ynog&quot; data-list=&quot;bullet&quot;&gt;
&lt;div&gt;Opportunity to make a significant impact on the transportation revolution by the means of advancing autonomous driving.&lt;/div&gt;
&lt;/li&gt;
&lt;li class=&quot;ace-line ace-line old-record-id-YNrNdY0kookWu8xGTudcyjSInAh&quot; data-list=&quot;bullet&quot;&gt;
&lt;div&gt;Opportunity to work on cutting edge technologies with the top talent in the field.&lt;/div&gt;
&lt;/li&gt;
&lt;li class=&quot;ace-line ace-line old-record-id-HuvhduL9VotsGnxd4AocNA01nDb&quot; data-list=&quot;bullet&quot;&gt;
&lt;div&gt;Competitive compensation package.&lt;/div&gt;
&lt;/li&gt;
&lt;li class=&quot;ace-line ace-line old-record-id-CBKHdOAMWovm3gxdaEAcoJn4nHd&quot; data-list=&quot;bullet&quot;&gt;
&lt;div&gt;Snacks, lunches, dinners and fun activities.&lt;/div&gt;
&lt;/li&gt;
&lt;/ul&gt;
&lt;div class=&quot;ace-line ace-line old-record-id-TXzxd5LHio829LxJmo9czX02nWd&quot;&gt;&amp;nbsp;&lt;/div&gt;
&lt;div class=&quot;ace-line ace-line old-record-id-K3dfd7KwEoVZtYxY02pcBtscnle&quot;&gt;The base salary range for this full-time position is $125,580 - $212,520, in addition to bonus, equity and benefits. Our salary ranges are determined by role, level, and location. The range displayed on each job posting reflects the minimum and maximum target for new hire salaries for the position across all US locations. Within the range, individual pay is determined by work location and additional factors, including job-related skills, experience, and relevant education or training.&lt;/div&gt;
&lt;div class=&quot;ace-line ace-line old-record-id-RQy0d6C1Aodezwxte6NcIg2inDh&quot;&gt;&amp;nbsp;&lt;/div&gt;
&lt;div class=&quot;ace-line ace-line old-record-id-FyH5dXvCPoIsy9xEb8HcVCsHnLe&quot;&gt;We are an Equal Opportunity Employer. It is our policy to provide equal employment opportunities to all qualified persons without regard to race, age, color, sex, sexual orientation, religion, national origin, disability, veteran status or marital status or any other prescribed category set forth in federal or state regulations.&lt;/div&gt;
&lt;/div&gt;
&lt;/div&gt;
&lt;/div&gt;
&lt;/div&gt;
&lt;/div&gt;
&lt;/div&gt;
&lt;/div&gt;
&lt;/div&gt;
&lt;/div&gt;
&lt;/div&gt;
&lt;/div&gt;",CN,"Santa Clara, CA",https://job-boards.greenhouse.io/xpengmotors/jobs/8675326002,"2026-08-03T21:35:59-04:00",Full Time,2026-09-01 15:11:44.538 +0700,7
866,greenhouse,May Mobility,Internal Audit Manager,"&lt;div class=&quot;content-intro&quot;&gt;&lt;p&gt;&lt;span style=&quot;font-size: 12pt;&quot;&gt;May Mobility is transforming cities through autonomous technology to create a safer, greener, more accessible world. Based in Ann Arbor, Michigan, May develops and deploys autonomous vehicles (AVs) powered by our innovative Multi-Policy Decision Making (MPDM) technology that literally reimagines the way AVs think.&lt;/span&gt;&lt;br&gt;&lt;br&gt;&lt;span style=&quot;font-size: 12pt;&quot;&gt;Our vehicles do more than just drive themselves - they provide value to communities, bridge public transit gaps and move people where they need to go safely, easily and with a lot more fun. We’re building the world’s best autonomy system to reimagine transit by minimizing congestion, expanding access and encouraging better land use in order to foster more green, vibrant and livable spaces. Since our founding in 2017, we’ve given more than 500,000 autonomous rides to real people around the globe. And we’re just getting started. We’re hiring people who share our passion for building the future, today, solving real-world problems and seeing the impact of their work. Join us.&lt;/span&gt;&lt;/p&gt;&lt;/div&gt;&lt;p&gt;&lt;span style=&quot;font-size: 12pt;&quot;&gt;&lt;strong&gt;Job Summary&lt;/strong&gt;&lt;/span&gt;&lt;/p&gt;
&lt;p&gt;&lt;span style=&quot;font-size: 12pt;&quot;&gt;May Mobility is growing and expanding our team and we are seeking our first Internal Audit Manager to help us build out our internal audit function. This role reports to the Director of Accounting, with the expectation that that will grow to report directly to our CFO and Audit Committee Chair.&lt;/span&gt;&lt;/p&gt;
&lt;p&gt;&lt;span style=&quot;font-size: 12pt;&quot;&gt;&lt;strong&gt;Essential Responsibilities&lt;/strong&gt;&lt;/span&gt;&lt;/p&gt;
&lt;ul&gt;
&lt;li style=&quot;font-size: 12pt;&quot;&gt;&lt;span style=&quot;font-size: 12pt;&quot;&gt;Lead the preparation of the corporate risk assessment analysis and work with management and those charged with governance in planning audits&lt;/span&gt;&lt;/li&gt;
&lt;li style=&quot;font-size: 12pt;&quot;&gt;&lt;span style=&quot;font-size: 12pt;&quot;&gt;Enhance the company’s control framework by contemplating documentation available to date and establishing and updating internal controls as a result of the risk assessment and business knowledge obtained within this role&lt;/span&gt;&lt;/li&gt;
&lt;li style=&quot;font-size: 12pt;&quot;&gt;&lt;span style=&quot;font-size: 12pt;&quot;&gt;Support the execution of risk assessments for business and product areas, analyze gaps identified and recommend remediation actions for risk gaps&lt;/span&gt;&lt;/li&gt;
&lt;li style=&quot;font-size: 12pt;&quot;&gt;&lt;span style=&quot;font-size: 12pt;&quot;&gt;Define audit scope and design control testing steps to evaluate the adequacy of the control designs and operating effectiveness&lt;/span&gt;&lt;/li&gt;
&lt;li style=&quot;font-size: 12pt;&quot;&gt;&lt;span style=&quot;font-size: 12pt;&quot;&gt;Effectively partner with finance, legal, and cross functional stakeholders to ensure completion of remediation activities agreed upon during audit projects&lt;/span&gt;&lt;/li&gt;
&lt;li style=&quot;font-size: 12pt;&quot;&gt;&lt;span style=&quot;font-size: 12pt;&quot;&gt;Provide guidance to all departments as to control and process best practices and assist with enhancing and establishing policies, implementation of new systems or applications incorporating responses to audit finding or recommendations&lt;/span&gt;&lt;/li&gt;
&lt;li style=&quot;font-size: 12pt;&quot;&gt;&lt;span style=&quot;font-size: 12pt;&quot;&gt;Participate in cross-functional meetings to ensure regulatory and risk issues are properly identified and managed in new and existing product and services&lt;/span&gt;&lt;/li&gt;
&lt;li style=&quot;font-size: 12pt;&quot;&gt;&lt;span style=&quot;font-size: 12pt;&quot;&gt;Lead trainings internally to increase awareness of internal controls&lt;/span&gt;&lt;/li&gt;
&lt;li style=&quot;font-size: 12pt;&quot;&gt;&lt;span style=&quot;font-size: 12pt;&quot;&gt;Coordinate internal audit work performed by third-party firms&lt;/span&gt;&lt;/li&gt;
&lt;li style=&quot;font-size: 12pt;&quot;&gt;&lt;span style=&quot;font-size: 12pt;&quot;&gt;Collaborate and provide recommendations on the future vision of the internal audit function, which includes considerations of resourcing, internal audit methods, and technology enablement&lt;/span&gt;&lt;/li&gt;
&lt;li style=&quot;font-size: 12pt;&quot;&gt;&lt;span style=&quot;font-size: 12pt;&quot;&gt;Leads coordination with the external audit team in supporting the documentation required for internal controls for the annual audit&lt;/span&gt;&lt;/li&gt;
&lt;/ul&gt;
&lt;p&gt;&lt;span style=&quot;font-size: 12pt;&quot;&gt;&lt;strong&gt;Skills and Abilities&lt;/strong&gt;&lt;/span&gt;&lt;/p&gt;
&lt;p&gt;&lt;span style=&quot;font-size: 12pt;&quot;&gt;&lt;em&gt;Success in this role typically requires the following competencies:&lt;/em&gt;&lt;/span&gt;&lt;/p&gt;
&lt;ul&gt;
&lt;li style=&quot;font-size: 12pt;&quot;&gt;&lt;span style=&quot;font-size: 12pt;&quot;&gt;Demonstrated ability to implement new controls and processes within an organization and effectively document them&lt;/span&gt;&lt;/li&gt;
&lt;li style=&quot;font-size: 12pt;&quot;&gt;&lt;span style=&quot;font-size: 12pt;&quot;&gt;Lead strategic advancement of the department; proactively seeking ways to elevate the technical expertise of the team&lt;/span&gt;&lt;/li&gt;
&lt;li style=&quot;font-size: 12pt;&quot;&gt;&lt;span style=&quot;font-size: 12pt;&quot;&gt;Demonstrated ability to lead, foster and grow a team&lt;/span&gt;&lt;/li&gt;
&lt;li style=&quot;font-size: 12pt;&quot;&gt;&lt;span style=&quot;font-size: 12pt;&quot;&gt;Identifies complex problems and devises optimal and innovative solutions that often cross organizational boundaries&lt;/span&gt;&lt;/li&gt;
&lt;li style=&quot;font-size: 12pt;&quot;&gt;&lt;span style=&quot;font-size: 12pt;&quot;&gt;Orients work within teams to achieve business results&lt;/span&gt;&lt;/li&gt;
&lt;li style=&quot;font-size: 12pt;&quot;&gt;&lt;span style=&quot;font-size: 12pt;&quot;&gt;Demonstrated focus on continuous improvement with regards to processes, planning and execution of activities&lt;/span&gt;&lt;/li&gt;
&lt;/ul&gt;
&lt;p&gt;&amp;nbsp;&lt;/p&gt;
&lt;p&gt;&lt;span style=&quot;font-size: 12pt;&quot;&gt;&lt;strong&gt;Qualifications and Experience&lt;/strong&gt;&lt;/span&gt;&lt;/p&gt;
&lt;p&gt;&lt;span style=&quot;font-size: 12pt;&quot;&gt;&lt;em&gt;Candidates most successful in this role typically hold the following qualifications or comparable knowledge or experience:&lt;/em&gt;&lt;em&gt;&lt;br&gt;&lt;br&gt;&lt;/em&gt;&lt;/span&gt;&lt;/p&gt;
&lt;p&gt;&lt;span style=&quot;font-size: 12pt;&quot;&gt;&lt;strong&gt;Required Qualifications:&lt;/strong&gt;&lt;/span&gt;&lt;/p&gt;
&lt;ul&gt;
&lt;li style=&quot;font-size: 12pt;&quot;&gt;&lt;span style=&quot;font-size: 12pt;&quot;&gt;Bachelor’s degree in Accounting or Finance&lt;/span&gt;&lt;/li&gt;
&lt;li style=&quot;font-size: 12pt;&quot;&gt;CPA and/or CIA&lt;/li&gt;
&lt;li style=&quot;font-size: 12pt;&quot;&gt;Minimum 8+ years of experience in an audit and/or advisory practice at a public accounting firm or a senior internal audit role, with a combination of both experiences a plus&lt;/li&gt;
&lt;li style=&quot;font-size: 12pt;&quot;&gt;Strong knowledge of US GAAP, COSO, Sarbanes-Oxley (SOX), risk and controls standards and business process best practices&lt;/li&gt;
&lt;li style=&quot;font-size: 12pt;&quot;&gt;Firm grasp of technical accounting and SOX methodologies (controls design, risk assessment, testing strategies, etc.)&lt;/li&gt;
&lt;li style=&quot;font-size: 12pt;&quot;&gt;Excellent verbal and written communication skills, including the ability to prepare and deliver executive-level presentations and communicate complex issues clearly.&lt;/li&gt;
&lt;li style=&quot;font-size: 12pt;&quot;&gt;Advanced technical, analytical, and communication skills&lt;/li&gt;
&lt;li style=&quot;font-size: 12pt;&quot;&gt;Proven ability to deal with ambiguity&lt;/li&gt;
&lt;li style=&quot;font-size: 12pt;&quot;&gt;Ability to effectively discuss audit findings and develop impactful solutions with business partners&lt;/li&gt;
&lt;/ul&gt;
&lt;p&gt;&lt;span style=&quot;font-size: 12pt;&quot;&gt;&lt;strong&gt;Desirable Qualifications:&lt;/strong&gt;&lt;/span&gt;&lt;/p&gt;
&lt;ul&gt;
&lt;li style=&quot;font-size: 12pt;&quot;&gt;&lt;span style=&quot;font-size: 12pt;&quot;&gt;Experience in helping a company get public company ready from an internal audit and controls perspective a plus&lt;/span&gt;&lt;/li&gt;
&lt;li style=&quot;font-size: 12pt;&quot;&gt;&lt;span style=&quot;font-size: 12pt;&quot;&gt;Proven leadership experience managing audit teams and multiple concurrent projects, with a high degree of motivation and a strong work ethic&lt;/span&gt;&lt;/li&gt;
&lt;li style=&quot;font-size: 12pt;&quot;&gt;&lt;span style=&quot;font-size: 12pt;&quot;&gt;Experience in identifying and implementing tools to advance and monitor Internal Controls&lt;/span&gt;&lt;/li&gt;
&lt;/ul&gt;
&lt;p&gt;&lt;span style=&quot;font-size: 12pt;&quot;&gt;&lt;strong&gt;Physical Requirements&lt;/strong&gt;&lt;/span&gt;&lt;/p&gt;
&lt;ul&gt;
&lt;li style=&quot;font-size: 12pt;&quot;&gt;&lt;span style=&quot;font-size: 12pt;&quot;&gt;Standard office working conditions which includes but not limited to:&lt;/span&gt;&lt;/li&gt;
&lt;ul&gt;
&lt;li style=&quot;font-size: 12pt;&quot;&gt;&lt;span style=&quot;font-size: 12pt;&quot;&gt;Prolonged sitting&lt;/span&gt;&lt;/li&gt;
&lt;li style=&quot;font-size: 12pt;&quot;&gt;&lt;span style=&quot;font-size: 12pt;&quot;&gt;Prolonged standing&lt;/span&gt;&lt;/li&gt;
&lt;li style=&quot;font-size: 12pt;&quot;&gt;&lt;span style=&quot;font-size: 12pt;&quot;&gt;Prolonged computer use&lt;/span&gt;&lt;/li&gt;
&lt;/ul&gt;
&lt;/ul&gt;
&lt;h1&gt;&lt;span style=&quot;font-size: 12pt;&quot;&gt;Travel Required?&lt;strong&gt; &lt;/strong&gt;&amp;nbsp;&lt;span data-rich-links=&quot;{&amp;quot;dde_di&amp;quot;:&amp;quot;kix.yoved9f8dcwk&amp;quot;,&amp;quot;dde-fdv&amp;quot;:&amp;quot;Minimal: 1%-10%&amp;quot;,&amp;quot;dde-sii&amp;quot;:&amp;quot;dropdownItem.46jgrysombt1&amp;quot;,&amp;quot;ddefe-ddi&amp;quot;:{&amp;quot;cv&amp;quot;:{&amp;quot;op&amp;quot;:&amp;quot;set&amp;quot;,&amp;quot;opValue&amp;quot;:[{&amp;quot;di-id&amp;quot;:&amp;quot;dropdownItem.buibgfbx5qcf&amp;quot;,&amp;quot;di-v&amp;quot;:&amp;quot;Select Expected Travel&amp;quot;,&amp;quot;di-dv&amp;quot;:&amp;quot;Select Expected Travel&amp;quot;,&amp;quot;di-ts&amp;quot;:{&amp;quot;ts_bd&amp;quot;:false,&amp;quot;ts_fs&amp;quot;:11,&amp;quot;ts_ff&amp;quot;:&amp;quot;Arial&amp;quot;,&amp;quot;ts_it&amp;quot;:false,&amp;quot;ts_sc&amp;quot;:false,&amp;quot;ts_st&amp;quot;:false,&amp;quot;ts_tw&amp;quot;:400,&amp;quot;ts_un&amp;quot;:false,&amp;quot;ts_va&amp;quot;:&amp;quot;nor&amp;quot;,&amp;quot;ts_bgc2&amp;quot;:{&amp;quot;clr_type&amp;quot;:0,&amp;quot;hclr_color&amp;quot;:&amp;quot;#e6e6e6&amp;quot;},&amp;quot;ts_fgc2&amp;quot;:{&amp;quot;clr_type&amp;quot;:0,&amp;quot;hclr_color&amp;quot;:&amp;quot;#3d3d3d&amp;quot;},&amp;quot;ts_bd_i&amp;quot;:false,&amp;quot;ts_fs_i&amp;quot;:false,&amp;quot;ts_ff_i&amp;quot;:false,&amp;quot;ts_it_i&amp;quot;:false,&amp;quot;ts_sc_i&amp;quot;:false,&amp;quot;ts_st_i&amp;quot;:false,&amp;quot;ts_un_i&amp;quot;:false,&amp;quot;ts_va_i&amp;quot;:false,&amp;quot;ts_bgc2_i&amp;quot;:false,&amp;quot;ts_fgc2_i&amp;quot;:false},&amp;quot;di-cv&amp;quot;:{&amp;quot;dicv_v&amp;quot;:0,&amp;quot;dicv_ft&amp;quot;:0}},{&amp;quot;di-id&amp;quot;:&amp;quot;dropdownItem.oikolz35vv2k&amp;quot;,&amp;quot;di-v&amp;quot;:&amp;quot;No: 0%&amp;quot;,&amp;quot;di-dv&amp;quot;:&amp;quot;No: 0%&amp;quot;,&amp;quot;di-ts&amp;quot;:{&amp;quot;ts_bd&amp;quot;:false,&amp;quot;ts_fs&amp;quot;:11,&amp;quot;ts_ff&amp;quot;:&amp;quot;Arial&amp;quot;,&amp;quot;ts_it&amp;quot;:false,&amp;quot;ts_sc&amp;quot;:false,&amp;quot;ts_st&amp;quot;:false,&amp;quot;ts_tw&amp;quot;:400,&amp;quot;ts_un&amp;quot;:false,&amp;quot;ts_va&amp;quot;:&amp;quot;nor&amp;quot;,&amp;quot;ts_bgc2&amp;quot;:{&amp;quot;clr_type&amp;quot;:0,&amp;quot;hclr_color&amp;quot;:&amp;quot;#d4edbc&amp;quot;},&amp;quot;ts_fgc2&amp;quot;:{&amp;quot;clr_type&amp;quot;:0,&amp;quot;hclr_color&amp;quot;:&amp;quot;#11734b&amp;quot;},&amp;quot;ts_bd_i&amp;quot;:false,&amp;quot;ts_fs_i&amp;quot;:false,&amp;quot;ts_ff_i&amp;quot;:false,&amp;quot;ts_it_i&amp;quot;:false,&amp;quot;ts_sc_i&amp;quot;:false,&amp;quot;ts_st_i&amp;quot;:false,&amp;quot;ts_un_i&amp;quot;:false,&amp;quot;ts_va_i&amp;quot;:false,&amp;quot;ts_bgc2_i&amp;quot;:false,&amp;quot;ts_fgc2_i&amp;quot;:false},&amp;quot;di-cv&amp;quot;:{&amp;quot;dicv_v&amp;quot;:0,&amp;quot;dicv_ft&amp;quot;:0}},{&amp;quot;di-id&amp;quot;:&amp;quot;dropdownItem.46jgrysombt1&amp;quot;,&amp;quot;di-v&amp;quot;:&amp;quot;Minimal: 1%-10%&amp;quot;,&amp;quot;di-dv&amp;quot;:&amp;quot;Minimal: 1%-10%&amp;quot;,&amp;quot;di-ts&amp;quot;:{&amp;quot;ts_bd&amp;quot;:false,&amp;quot;ts_fs&amp;quot;:11,&amp;quot;ts_ff&amp;quot;:&amp;quot;Arial&amp;quot;,&amp;quot;ts_it&amp;quot;:false,&amp;quot;ts_sc&amp;quot;:false,&amp;quot;ts_st&amp;quot;:false,&amp;quot;ts_tw&amp;quot;:400,&amp;quot;ts_un&amp;quot;:false,&amp;quot;ts_va&amp;quot;:&amp;quot;nor&amp;quot;,&amp;quot;ts_bgc2&amp;quot;:{&amp;quot;clr_type&amp;quot;:0,&amp;quot;hclr_color&amp;quot;:&amp;quot;#d4edbc&amp;quot;},&amp;quot;ts_fgc2&amp;quot;:{&amp;quot;clr_type&amp;quot;:0,&amp;quot;hclr_color&amp;quot;:&amp;quot;#11734b&amp;quot;},&amp;quot;ts_bd_i&amp;quot;:false,&amp;quot;ts_fs_i&amp;quot;:false,&amp;quot;ts_ff_i&amp;quot;:false,&amp;quot;ts_it_i&amp;quot;:false,&amp;quot;ts_sc_i&amp;quot;:false,&amp;quot;ts_st_i&amp;quot;:false,&amp;quot;ts_un_i&amp;quot;:false,&amp;quot;ts_va_i&amp;quot;:false,&amp;quot;ts_bgc2_i&amp;quot;:false,&amp;quot;ts_fgc2_i&amp;quot;:false},&amp;quot;di-cv&amp;quot;:{&amp;quot;dicv_v&amp;quot;:0,&amp;quot;dicv_ft&amp;quot;:0}},{&amp;quot;di-id&amp;quot;:&amp;quot;dropdownItem.73gee6xsb50v&amp;quot;,&amp;quot;di-v&amp;quot;:&amp;quot;Moderate: 11%-25%&amp;quot;,&amp;quot;di-dv&amp;quot;:&amp;quot;Moderate: 11%-25%&amp;quot;,&amp;quot;di-ts&amp;quot;:{&amp;quot;ts_bd&amp;quot;:false,&amp;quot;ts_fs&amp;quot;:11,&amp;quot;ts_ff&amp;quot;:&amp;quot;Arial&amp;quot;,&amp;quot;ts_it&amp;quot;:false,&amp;quot;ts_sc&amp;quot;:false,&amp;quot;ts_st&amp;quot;:false,&amp;quot;ts_tw&amp;quot;:400,&amp;quot;ts_un&amp;quot;:false,&amp;quot;ts_va&amp;quot;:&amp;quot;nor&amp;quot;,&amp;quot;ts_bgc2&amp;quot;:{&amp;quot;clr_type&amp;quot;:0,&amp;quot;hclr_color&amp;quot;:&amp;quot;#d4edbc&amp;quot;},&amp;quot;ts_fgc2&amp;quot;:{&amp;quot;clr_type&amp;quot;:0,&amp;quot;hclr_color&amp;quot;:&amp;quot;#11734b&amp;quot;},&amp;quot;ts_bd_i&amp;quot;:false,&amp;quot;ts_fs_i&amp;quot;:false,&amp;quot;ts_ff_i&amp;quot;:false,&amp;quot;ts_it_i&amp;quot;:false,&amp;quot;ts_sc_i&amp;quot;:false,&amp;quot;ts_st_i&amp;quot;:false,&amp;quot;ts_un_i&amp;quot;:false,&amp;quot;ts_va_i&amp;quot;:false,&amp;quot;ts_bgc2_i&amp;quot;:false,&amp;quot;ts_fgc2_i&amp;quot;:false},&amp;quot;di-cv&amp;quot;:{&amp;quot;dicv_v&amp;quot;:0,&amp;quot;dicv_ft&amp;quot;:0}},{&amp;quot;di-id&amp;quot;:&amp;quot;dropdownItem.gsw9emavxr25&amp;quot;,&amp;quot;di-v&amp;quot;:&amp;quot;Frequent: 26%-50%&amp;quot;,&amp;quot;di-dv&amp;quot;:&amp;quot;Frequent: 26%-50%&amp;quot;,&amp;quot;di-ts&amp;quot;:{&amp;quot;ts_bd&amp;quot;:false,&amp;quot;ts_fs&amp;quot;:11,&amp;quot;ts_ff&amp;quot;:&amp;quot;Arial&amp;quot;,&amp;quot;ts_it&amp;quot;:false,&amp;quot;ts_sc&amp;quot;:false,&amp;quot;ts_st&amp;quot;:false,&amp;quot;ts_tw&amp;quot;:400,&amp;quot;ts_un&amp;quot;:false,&amp;quot;ts_va&amp;quot;:&amp;quot;nor&amp;quot;,&amp;quot;ts_bgc2&amp;quot;:{&amp;quot;clr_type&amp;quot;:0,&amp;quot;hclr_color&amp;quot;:&amp;quot;#d4edbc&amp;quot;},&amp;quot;ts_fgc2&amp;quot;:{&amp;quot;clr_type&amp;quot;:0,&amp;quot;hclr_color&amp;quot;:&amp;quot;#11734b&amp;quot;},&amp;quot;ts_bd_i&amp;quot;:false,&amp;quot;ts_fs_i&amp;quot;:false,&amp;quot;ts_ff_i&amp;quot;:false,&amp;quot;ts_it_i&amp;quot;:false,&amp;quot;ts_sc_i&amp;quot;:false,&amp;quot;ts_st_i&amp;quot;:false,&amp;quot;ts_un_i&amp;quot;:false,&amp;quot;ts_va_i&amp;quot;:false,&amp;quot;ts_bgc2_i&amp;quot;:false,&amp;quot;ts_fgc2_i&amp;quot;:false},&amp;quot;di-cv&amp;quot;:{&amp;quot;dicv_v&amp;quot;:0,&amp;quot;dicv_ft&amp;quot;:0}},{&amp;quot;di-id&amp;quot;:&amp;quot;dropdownItem.32mr5yqb0km&amp;quot;,&amp;quot;di-v&amp;quot;:&amp;quot;Extensive: 51%-75%&amp;quot;,&amp;quot;di-dv&amp;quot;:&amp;quot;Extensive: 51%-75%&amp;quot;,&amp;quot;di-ts&amp;quot;:{&amp;quot;ts_bd&amp;quot;:false,&amp;quot;ts_fs&amp;quot;:11,&amp;quot;ts_ff&amp;quot;:&amp;quot;Arial&amp;quot;,&amp;quot;ts_it&amp;quot;:false,&amp;quot;ts_sc&amp;quot;:false,&amp;quot;ts_st&amp;quot;:false,&amp;quot;ts_tw&amp;quot;:400,&amp;quot;ts_un&amp;quot;:false,&amp;quot;ts_va&amp;quot;:&amp;quot;nor&amp;quot;,&amp;quot;ts_bgc2&amp;quot;:{&amp;quot;clr_type&amp;quot;:0,&amp;quot;hclr_color&amp;quot;:&amp;quot;#d4edbc&amp;quot;},&amp;quot;ts_fgc2&amp;quot;:{&amp;quot;clr_type&amp;quot;:0,&amp;quot;hclr_color&amp;quot;:&amp;quot;#11734b&amp;quot;},&amp;quot;ts_bd_i&amp;quot;:false,&amp;quot;ts_fs_i&amp;quot;:false,&amp;quot;ts_ff_i&amp;quot;:false,&amp;quot;ts_it_i&amp;quot;:false,&amp;quot;ts_sc_i&amp;quot;:false,&amp;quot;ts_st_i&amp;quot;:false,&amp;quot;ts_un_i&amp;quot;:false,&amp;quot;ts_va_i&amp;quot;:false,&amp;quot;ts_bgc2_i&amp;quot;:false,&amp;quot;ts_fgc2_i&amp;quot;:false},&amp;quot;di-cv&amp;quot;:{&amp;quot;dicv_v&amp;quot;:0,&amp;quot;dicv_ft&amp;quot;:0}},{&amp;quot;di-id&amp;quot;:&amp;quot;dropdownItem.8vlix7ndlh7v&amp;quot;,&amp;quot;di-v&amp;quot;:&amp;quot;Heavy: 76%-100%&amp;quot;,&amp;quot;di-dv&amp;quot;:&amp;quot;Heavy: 76%-100%&amp;quot;,&amp;quot;di-ts&amp;quot;:{&amp;quot;ts_bd&amp;quot;:false,&amp;quot;ts_fs&amp;quot;:11,&amp;quot;ts_ff&amp;quot;:&amp;quot;Arial&amp;quot;,&amp;quot;ts_it&amp;quot;:false,&amp;quot;ts_sc&amp;quot;:false,&amp;quot;ts_st&amp;quot;:false,&amp;quot;ts_tw&amp;quot;:400,&amp;quot;ts_un&amp;quot;:false,&amp;quot;ts_va&amp;quot;:&amp;quot;nor&amp;quot;,&amp;quot;ts_bgc2&amp;quot;:{&amp;quot;clr_type&amp;quot;:0,&amp;quot;hclr_color&amp;quot;:&amp;quot;#d4edbc&amp;quot;},&amp;quot;ts_fgc2&amp;quot;:{&amp;quot;clr_type&amp;quot;:0,&amp;quot;hclr_color&amp;quot;:&amp;quot;#11734b&amp;quot;},&amp;quot;ts_bd_i&amp;quot;:false,&amp;quot;ts_fs_i&amp;quot;:false,&amp;quot;ts_ff_i&amp;quot;:false,&amp;quot;ts_it_i&amp;quot;:false,&amp;quot;ts_sc_i&amp;quot;:false,&amp;quot;ts_st_i&amp;quot;:false,&amp;quot;ts_un_i&amp;quot;:false,&amp;quot;ts_va_i&amp;quot;:false,&amp;quot;ts_bgc2_i&amp;quot;:false,&amp;quot;ts_fgc2_i&amp;quot;:false},&amp;quot;di-cv&amp;quot;:{&amp;quot;dicv_v&amp;quot;:0,&amp;quot;dicv_ft&amp;quot;:0}}]}},&amp;quot;ddefe-t&amp;quot;:&amp;quot;Travel&amp;quot;,&amp;quot;type&amp;quot;:&amp;quot;dropdown&amp;quot;}&quot;&gt;Minimal: 1%-10%&lt;/span&gt;&lt;/span&gt;&lt;/h1&gt;
&lt;hr&gt;
&lt;div class=&quot;c-message_kit__blocks c-message_kit__blocks--rich_text&quot;&gt;
&lt;div class=&quot;c-message__message_blocks c-message__message_blocks--rich_text&quot; data-qa=&quot;message-text&quot;&gt;
&lt;div class=&quot;p-block_kit_renderer&quot; data-qa=&quot;block-kit-renderer&quot;&gt;
&lt;div class=&quot;p-block_kit_renderer__block_wrapper p-block_kit_renderer__block_wrapper--first&quot;&gt;
&lt;div class=&quot;p-rich_text_block&quot;&gt;
&lt;div class=&quot;p-rich_text_section&quot;&gt;
&lt;p&gt;&lt;strong&gt;Benefits and Perks&lt;/strong&gt;&lt;/p&gt;
&lt;ul&gt;
&lt;li&gt;Comprehensive healthcare suite including medical, dental, vision, life, and disability plans. Domestic partners who have been residing together at least one year are also eligible to participate.&amp;nbsp;&lt;/li&gt;
&lt;li&gt;Health Savings and Flexible Spending Healthcare and Dependent Care Accounts available.&lt;/li&gt;
&lt;li&gt;Rich retirement benefits, including an immediately vested employer safe harbor match.&lt;/li&gt;
&lt;li&gt;Generous paid parental leave as well as a phased return to work.&amp;nbsp;&lt;/li&gt;
&lt;li&gt;Flexible vacation policy in addition to paid company holidays.&lt;/li&gt;
&lt;li&gt;Total Wellness Program providing numerous resources for overall wellbeing&amp;nbsp;&amp;nbsp;&amp;nbsp;&lt;/li&gt;
&lt;/ul&gt;
&lt;/div&gt;
&lt;div class=&quot;p-rich_text_section&quot;&gt;Don’t meet every single requirement? Studies have shown that women and/or people of color are less likely to apply to a job unless they meet every qualification. At May Mobility, we’re committed to building a diverse, inclusive, and authentic workforce, so if you’re excited about this role but your previous experience doesn’t align perfectly with every qualification, we encourage you to apply anyway! You may be the perfect candidate for this or another role at May.&lt;/div&gt;
&lt;/div&gt;
&lt;/div&gt;
&lt;/div&gt;
&lt;/div&gt;
&lt;/div&gt;
&lt;p&gt;&lt;em&gt;Want to learn more about our culture &amp;amp; benefits? Check out our&amp;nbsp;&lt;a href=&quot;https://maymobility.com/careers/&quot; target=&quot;_blank&quot;&gt;website&lt;/a&gt;!&lt;/em&gt;&lt;/p&gt;
&lt;p&gt;&lt;em&gt;May Mobility is an equal opportunity employer.&amp;nbsp; All applicants for employment will be considered without regard to race, color, religion, sex, national origin, age, disability, sexual orientation, gender identity or expression, veteran status, genetics or any other legally protected basis. &amp;nbsp; Below, you have the opportunity to share your preferred gender pronouns, gender, ethnicity, and veteran status with May Mobility to help us identify areas of improvement in our hiring and recruitment processes. Completion of these questions is entirely voluntary.&amp;nbsp; Any information you choose to provide will be kept confidential, and will not impact the hiring decision in any way. If you believe that you will need any type of accommodation, please let us know.&lt;/em&gt;&lt;/p&gt;
&lt;p&gt;&lt;strong&gt;&lt;em&gt;Note to Recruitment Agencies:&lt;/em&gt;&lt;/strong&gt;&lt;em&gt;&amp;nbsp;May Mobility does not accept unsolicited agency resumes. Furthermore, May Mobility does not pay placement fees for candidates submitted by any agency other than its approved partners.&lt;/em&gt;&lt;/p&gt;&lt;div class=&quot;content-pay-transparency&quot;&gt;&lt;div class=&quot;pay-input&quot;&gt;&lt;div class=&quot;title&quot;&gt;Salary Range&lt;/div&gt;&lt;div class=&quot;pay-range&quot;&gt;&lt;span&gt;$135,000&lt;/span&gt;&lt;span class=&quot;divider&quot;&gt;&amp;mdash;&lt;/span&gt;&lt;span&gt;$160,000 USD&lt;/span&gt;&lt;/div&gt;&lt;/div&gt;&lt;/div&gt;&lt;div class=&quot;content-conclusion&quot;&gt;&lt;p&gt;&lt;em&gt;May Mobility uses automated tools to support — but not replace — human judgment in our recruiting process,&amp;nbsp;to find out more please click&amp;nbsp;&lt;a href=&quot;https://drive.google.com/file/d/1eGgErDdZ99HVoyxBrVpVUjhdUcmKogki/view?usp=drive_link&quot; target=&quot;_blank&quot; data-saferedirecturl=&quot;https://www.google.com/url?q=https://drive.google.com/file/d/1eGgErDdZ99HVoyxBrVpVUjhdUcmKogki/view?usp%3Ddrive_link&amp;amp;source=gmail&amp;amp;ust=1783531371699000&amp;amp;usg=AOvVaw1I0-jRwBKi4mKGIvZGCIUS&quot;&gt;here&lt;/a&gt;&lt;/em&gt;&lt;/p&gt;&lt;/div&gt;",US,"Ann Arbor, MI - Remote",https://job-boards.greenhouse.io/maymobility/jobs/8523566002,"2026-04-28T12:35:03-04:00",Full Time,2026-09-01 15:11:44.538 +0700,8
1311,greenhouse,Waymo,Software Quality Operations Specialist,"&lt;div class=&quot;content-intro&quot;&gt;&lt;p&gt;Waymo is an autonomous driving technology company with the mission to be the world&#39;s most trusted driver. Since its start as the Google Self-Driving Car Project in 2009, Waymo has focused on building the Waymo Driver—The World&#39;s Most Experienced Driver™—to improve access to mobility while saving thousands of lives now lost to traffic crashes. The Waymo Driver powers Waymo’s fully autonomous ride-hail service and can also be applied to a range of vehicle platforms and product use cases. The Waymo Driver has provided over ten million rider-only trips, enabled by its experience autonomously driving over 100 million miles on public roads and tens of billions in simulation across 15+ U.S. states.&lt;/p&gt;&lt;/div&gt;&lt;p style=&quot;text-align: left;&quot;&gt;The Software Quality Operations (SWQOPS) team is at the heart of ensuring the safety, reliability, and quality of the Waymo Driver. Our mission is to build an adaptable and scalable operation, increasingly powered by AI, to deliver the crucial insights necessary to confidently deploy and grow Waymo&#39;s autonomous vehicle service.&amp;nbsp;&amp;nbsp;&lt;/p&gt;
&lt;p style=&quot;text-align: left;&quot;&gt;Waymo is experiencing unprecedented growth, rapidly expanding into new cities and launching new vehicle platforms. SWQOps, particularly our Technical&lt;strong&gt; &lt;/strong&gt;Specialists, are critical to this expansion, enabling us to scale safely and efficiently.&lt;/p&gt;
&lt;p&gt;&amp;nbsp;&lt;/p&gt;
&lt;p&gt;Why this team is Essential to Waymo&#39;s Success:&lt;/p&gt;
&lt;p&gt;&lt;strong&gt;&amp;nbsp; &amp;nbsp; In this role you will:&lt;/strong&gt;&lt;/p&gt;
&lt;ul&gt;
&lt;li&gt;Partner with Engineering to design, test, and deploy cutting-edge Machine Learning (ML) and Generative AI (Gen-AI) models and tools to drive step-change improvements in issue discovery &amp;amp; detection, triage efficiency, and quality assurance.&lt;/li&gt;
&lt;li&gt;Leverage AI-powered insights and traditional triage signals to proactively identify emerging on-road issue trends, new risk scenarios, and edge cases. Develop and refine data-driven strategies for issue discovery and monitoring, enhanced by ML model outputs&lt;/li&gt;
&lt;li&gt;Serve as the key link between AI/ML development and operational execution. Define and document new policies, guidelines, and Standard Operating Procedures (SOPs) that integrate AI tools and insights into daily vendor workflows.&lt;/li&gt;
&lt;li&gt;Design and implement robust quality control processes for both human and AI-generated outputs. Perform meta-quality checks, validate the integrity of vendor work, and provide feedback to improve both human and model performance.&lt;/li&gt;
&lt;li&gt;Act as the subject matter expert for our Software Quality Operations, working closely with stakeholders, program leads, and vendor teams to ensure seamless adoption and maximum impact of AI/ML advancements in our quality processes. Be the trusted source for creating and updating technical policies, guidelines, and standard operating procedures for new scopes, platforms, and driving signals&lt;/li&gt;
&lt;li&gt;Provide technical leadership and consultation to stakeholders to enhance our workflows and quality. You&#39;ll be at the forefront of identifying and escalating issues with our tools, providing technical requirements to engineering, and driving user testing to support the development and deployment of new tooling features.&lt;/li&gt;
&lt;li&gt;A proven ability to work in a fast-paced, high-stress environment while maintaining good judgment.&lt;/li&gt;
&lt;li&gt;Excellent communication and interpersonal skills to effectively collaborate with a wide range of individuals in a diverse and dynamic work environment.&lt;/li&gt;
&lt;/ul&gt;
&lt;p&gt;&amp;nbsp;&lt;/p&gt;
&lt;p&gt;&lt;strong&gt;&amp;nbsp; &amp;nbsp; &amp;nbsp;You have:&lt;/strong&gt;&lt;/p&gt;
&lt;ul&gt;
&lt;li&gt;BS/BA degree or 4 years of relevant work experience in AV Software Quality Operations&lt;/li&gt;
&lt;li&gt;Increased competency in supporting all phases of the machine learning development lifecycle, from data preparation and training to validation, deployment, and continuous monitoring.&lt;/li&gt;
&lt;li&gt;Experience with ML testing and validation, including dataset quality assurance, bias detection, edge-case scenario testing, and performance evaluation using statistical metrics.&lt;/li&gt;
&lt;li&gt;Ability to quickly learn and implement new concepts and utilize proprietary tools. Strong understanding of driving rules and regulations.&lt;/li&gt;
&lt;li&gt;Must have the ability to provide occasional on-call availability for evenings, weekends, and holidays, as well as the flexibility to attend meetings outside of standard hours to collaborate with our global team.&lt;/li&gt;
&lt;/ul&gt;
&lt;p&gt;&amp;nbsp;&lt;/p&gt;
&lt;p&gt;&lt;strong&gt;&amp;nbsp; &amp;nbsp; &amp;nbsp; We prefer:&lt;/strong&gt;&lt;/p&gt;
&lt;ul&gt;
&lt;li&gt;Demonstrated strong execution with ability to drive outcomes.&amp;nbsp;&lt;/li&gt;
&lt;li&gt;Experience working with offshore teams / multiple local operations hubs.&lt;/li&gt;
&lt;li&gt;Basic SQL querying.&lt;/li&gt;
&lt;li&gt;Competency in LLM / transformer models, and / or ML for robotics domain experience.&lt;/li&gt;
&lt;li&gt;A greater focus on using your subject matter expertise for results analysis and direct customer consultation in the development of new and improved. solutions.&lt;/li&gt;
&lt;li&gt;Self-motivated with basic skills in task planning and time management.&lt;/li&gt;
&lt;/ul&gt;
&lt;p&gt;&lt;em&gt;In accordance with Washington state law, we are highlighting our comprehensive benefits package, which is available to all eligible US based employees. Benefits for this role include:&lt;/em&gt;&lt;/p&gt;
&lt;ul&gt;
&lt;li&gt;&lt;em&gt;Health, dental, vision, life, disability insurance&lt;/em&gt;&lt;/li&gt;
&lt;li&gt;&lt;em&gt;Retirement Benefits: 401(k) with company match&lt;/em&gt;&lt;/li&gt;
&lt;li&gt;&lt;em&gt;Paid Time Off: 20 days of vacation per year, accruing at a rate of 6.15 hours per pay period for the first five years of employment&lt;/em&gt;&lt;/li&gt;
&lt;li&gt;&lt;em&gt;Sick Time: 40 hours/year (statutory, where applicable); 5 days/event (discretionary)&lt;/em&gt;&lt;/li&gt;
&lt;li&gt;&lt;em&gt;Maternity Leave (Short-Term Disability + Baby Bonding): 28-30 weeks&lt;/em&gt;&lt;/li&gt;
&lt;li&gt;&lt;em&gt;Baby Bonding Leave: 18 weeks&lt;/em&gt;&lt;/li&gt;
&lt;li&gt;&lt;em&gt;Holidays: 13 paid days per year&lt;/em&gt;&lt;/li&gt;
&lt;/ul&gt;
&lt;p&gt;This is a remote position.&lt;/p&gt;
&lt;p&gt;&lt;em&gt;(Remote jobs only - Please note that Waymo may not be able to employ remotely in all locations. Please speak with your recruiter about your preferred location for remote work when you begin the interview process.))&lt;/em&gt;&lt;/p&gt;&lt;div class=&quot;content-pay-transparency&quot;&gt;&lt;div class=&quot;pay-input&quot;&gt;&lt;div class=&quot;description&quot;&gt;&lt;p&gt;&lt;span style=&quot;font-weight: 400;&quot;&gt;The expected base salary range for this full-time position across US locations is listed below. Actual starting pay will be based on job-related factors, including exact work location, experience, relevant training and education, and skill level. Your recruiter can share more about the specific salary range for the role location or, if the role can be performed remote, the specific salary range for your preferred location, during the hiring process.&amp;nbsp;&lt;/span&gt;&lt;/p&gt;
&lt;p&gt;&lt;span style=&quot;font-weight: 400;&quot;&gt;Waymo employees are also eligible to participate in Waymo’s discretionary annual bonus program, equity incentive plan, and generous Company benefits program, subject to eligibility requirements.&amp;nbsp;&lt;/span&gt;&lt;/p&gt;&lt;/div&gt;&lt;div class=&quot;title&quot;&gt;Salary Range&lt;/div&gt;&lt;div class=&quot;pay-range&quot;&gt;&lt;span&gt;$130,000&lt;/span&gt;&lt;span class=&quot;divider&quot;&gt;&amp;mdash;&lt;/span&gt;&lt;span&gt;$160,000 USD&lt;/span&gt;&lt;/div&gt;&lt;/div&gt;&lt;/div&gt;",US,"Mountain View, CA, United States",https://careers.withwaymo.com/jobs?gh_jid=7456163,"2025-12-17T11:42:15-05:00",Full Time,2026-09-01 15:11:44.538 +0700,9
1465,greenhouse,Waymo,"Senior Staff Machine Learning Engineer, LLM/VLM Model Architecture & Optimization","&lt;div class=&quot;content-intro&quot;&gt;&lt;p&gt;Waymo is an autonomous driving technology company with the mission to be the world&#39;s most trusted driver. Since its start as the Google Self-Driving Car Project in 2009, Waymo has focused on building the Waymo Driver—The World&#39;s Most Experienced Driver™—to improve access to mobility while saving thousands of lives now lost to traffic crashes. The Waymo Driver powers Waymo’s fully autonomous ride-hail service and can also be applied to a range of vehicle platforms and product use cases. The Waymo Driver has provided over ten million rider-only trips, enabled by its experience autonomously driving over 100 million miles on public roads and tens of billions in simulation across 15+ U.S. states.&lt;/p&gt;&lt;/div&gt;&lt;p data-pm-slice=&quot;1 1 []&quot;&gt;The Perception team builds the system which learns the spatial-temporal representation and their semantic meanings of the surrounding environment of the autonomously driving vehicle (ADV), i.e., the system that “perceives” the world around the car. We work jointly with downstream teams on the optimization and integration into the Waymo Driver. We conduct our own research to address real-world problems and collaborate with research teams at Alphabet. We have access to millions of miles of driving data from a diverse set of sensors, enabling engineers like you to (1) develop methods for efficiently and continuously learning from large scale real-world data, to (2) develop models and model training at scale, to (3) analyze real-world behavior and develop systems for handling the complexities of interacting with the real-world, and (4) optimize models for our onboard and offboard hardware.&lt;/p&gt;
&lt;p&gt;&lt;strong&gt;You will:&lt;/strong&gt;&lt;/p&gt;
&lt;ul&gt;
&lt;li&gt;Design VLM/LLM model architecture and drive strong alignment between model architectures and hardware architectures.&lt;/li&gt;
&lt;li&gt;Optimize model performance for on-device use cases (memory, power, compute constrained environments).&lt;/li&gt;
&lt;li&gt;Engage directly with research, software engineering, hardware engineering, and product teams to deliver end-to-end solutions.&lt;/li&gt;
&lt;/ul&gt;
&lt;p&gt;&lt;strong&gt;You have:&lt;/strong&gt;&lt;/p&gt;
&lt;ul&gt;
&lt;li&gt;7+ years of experience in Machine Learning, with a focus on large-scale model development (LLM, VLM, or similar foundation models).&lt;/li&gt;
&lt;li&gt;Proven expertise in low-latency on-device inference techniques and a deep understanding of hardware acceleration.&lt;/li&gt;
&lt;li&gt;Extensive experience with deep learning frameworks (e.g. PyTorch, JAX) and large-scale model training.&lt;/li&gt;
&lt;li&gt;A track record of operating effectively under ambiguity, setting direction amid rapidly evolving research and technical constraints&lt;/li&gt;
&lt;li&gt;Experience applying large language models or foundation models in complex, safety-critical domains (e.g., autonomy, robotics, or other high-reliability systems)&lt;/li&gt;
&lt;li&gt;Master&#39;s degree in Computer Science, Electrical Engineering, or a related field, or equivalent practical experience.&lt;/li&gt;
&lt;/ul&gt;
&lt;p&gt;&lt;strong&gt;We prefer:&lt;/strong&gt;&lt;/p&gt;
&lt;ul&gt;
&lt;li&gt;Familiarity with large-scale data curation and quality assurance processes for multimodal datasets.&lt;/li&gt;
&lt;li&gt;Background in autonomous vehicle perception, motion planning, or decision-making systems.&lt;/li&gt;
&lt;li&gt;Publications in top-tier machine learning or computer vision conferences (e.g., NeurIPS, ICML, CVPR, ICCV, ECCV).&lt;/li&gt;
&lt;li&gt;PhD in a relevant field.&lt;/li&gt;
&lt;/ul&gt;&lt;div class=&quot;content-pay-transparency&quot;&gt;&lt;div class=&quot;pay-input&quot;&gt;&lt;div class=&quot;description&quot;&gt;&lt;p&gt;&lt;span style=&quot;font-weight: 400;&quot;&gt;The expected base salary range for this full-time position across US locations is listed below. Actual starting pay will be based on job-related factors, including exact work location, experience, relevant training and education, and skill level. Your recruiter can share more about the specific salary range for the role location or, if the role can be performed remote, the specific salary range for your preferred location, during the hiring process.&amp;nbsp;&lt;/span&gt;&lt;/p&gt;
&lt;p&gt;&lt;span style=&quot;font-weight: 400;&quot;&gt;Waymo employees are also eligible to participate in Waymo’s discretionary annual bonus program, equity incentive plan, and generous Company benefits program, subject to eligibility requirements.&amp;nbsp;&lt;/span&gt;&lt;/p&gt;&lt;/div&gt;&lt;div class=&quot;title&quot;&gt;Salary Range&lt;/div&gt;&lt;div class=&quot;pay-range&quot;&gt;&lt;span&gt;$298,000&lt;/span&gt;&lt;span class=&quot;divider&quot;&gt;&amp;mdash;&lt;/span&gt;&lt;span&gt;$368,000 USD&lt;/span&gt;&lt;/div&gt;&lt;/div&gt;&lt;/div&gt;",US,"Mountain View, CA, USA; San Francisco, CA, USA; ",https://careers.withwaymo.com/jobs?gh_jid=8022298,"2026-06-22T18:49:02-04:00",Full Time,2026-09-01 15:11:44.538 +0700,10
1320,greenhouse,Waymo,"Software Engineer, Quantitative Evaluations","&lt;div class=&quot;content-intro&quot;&gt;&lt;p&gt;Waymo is an autonomous driving technology company with the mission to be the world&#39;s most trusted driver. Since its start as the Google Self-Driving Car Project in 2009, Waymo has focused on building the Waymo Driver—The World&#39;s Most Experienced Driver™—to improve access to mobility while saving thousands of lives now lost to traffic crashes. The Waymo Driver powers Waymo’s fully autonomous ride-hail service and can also be applied to a range of vehicle platforms and product use cases. The Waymo Driver has provided over ten million rider-only trips, enabled by its experience autonomously driving over 100 million miles on public roads and tens of billions in simulation across 15+ U.S. states.&lt;/p&gt;&lt;/div&gt;&lt;div class=&quot;content-intro&quot;&gt;
&lt;p&gt;The Planner Evaluation team works on one of the key challenges in autonomous driving: measuring and improving the quality of the software that drives the car. We are looking for experienced data-minded software engineers and data scientists to help us improve how we characterize and evaluate changes to the Onboard software stack (Planner, Perception, etc). If you are passionate about autonomous vehicles and how to use rich, complex data to drive decision making, this is the role for you!&lt;/p&gt;
&lt;p&gt;&amp;nbsp;&lt;/p&gt;
&lt;p&gt;This role follows a hybrid work schedule and reports to &lt;em&gt;a&lt;strong&gt;&amp;nbsp;&lt;/strong&gt;Sr. Staff &lt;/em&gt;&lt;em&gt;Engineering Manager.&lt;/em&gt;&lt;/p&gt;
&lt;p&gt;&amp;nbsp;&lt;/p&gt;
&lt;p&gt;&lt;strong&gt;You will:&lt;/strong&gt;&lt;/p&gt;
&lt;ul&gt;
&lt;li&gt;Develop signals to measure the performance and driving qualities of the Waymo driver, using a range of techniques including statistics, math, physics, algorithms and machine learning.&lt;/li&gt;
&lt;li&gt;Use simulation creatively and mine real world driving logs to measure&amp;nbsp; driving performance.&lt;/li&gt;
&lt;li&gt;Design and implement methods to make a stronger connection between onboard software changes and simulated outcomes.&lt;/li&gt;
&lt;li&gt;Champion code health and best practices in a large and complex code base.&lt;/li&gt;
&lt;li&gt;Analyze data and make recommendations on how to improve metric quality and interpretability.&lt;/li&gt;
&lt;li&gt;Collaborate with other engineers, data scientists, statisticians and the leadership team to deliver evaluation products and help make data driven decisions.&lt;/li&gt;
&lt;/ul&gt;
&lt;p&gt;&amp;nbsp;&lt;/p&gt;
&lt;p&gt;&lt;strong&gt;You have:&lt;/strong&gt;&lt;/p&gt;
&lt;ul&gt;
&lt;li&gt;BS in Computer Science, Robotics, Statistics, Physics, Math or another quantitative area&lt;/li&gt;
&lt;li&gt;Strong self-motivation to navigate complex systems and pursue open-ended problems to completion&lt;/li&gt;
&lt;li&gt;1+ years of industry experience with&lt;br&gt;
&lt;ul&gt;
&lt;li&gt;Navigating and modifying a large code base containing a variety of languages, such as C++, Python and SQL&lt;/li&gt;
&lt;li&gt;Performing statistical analyses&lt;/li&gt;
&lt;li&gt;Building data processing pipelines&lt;/li&gt;
&lt;li&gt;Writing, reviewing, and merging code following industry standards for code health and maintainability&lt;/li&gt;
&lt;li&gt;Quant/data fluency is a top requirement&lt;/li&gt;
&lt;/ul&gt;
&lt;/li&gt;
&lt;/ul&gt;
&lt;p&gt;&amp;nbsp;&lt;/p&gt;
&lt;p&gt;&lt;strong&gt;We prefer:&lt;/strong&gt;&lt;/p&gt;
&lt;ul&gt;
&lt;li&gt;Experience coding in C++&lt;/li&gt;
&lt;li&gt;Experience with ML&lt;/li&gt;
&lt;li&gt;Experience with A/B experiment infrastructure&lt;/li&gt;
&lt;li&gt;Experience building and validating metrics to measure quality in complex systems&lt;/li&gt;
&lt;li&gt;Exposure to ad-hoc data analysis tools for rapid modeling and prototyping&lt;/li&gt;
&lt;li&gt;Experience working in the AV industry&lt;/li&gt;
&lt;/ul&gt;
&lt;p&gt;&amp;nbsp;&lt;/p&gt;
&lt;p&gt;#LI-Hybrid&lt;/p&gt;
&lt;/div&gt;&lt;div class=&quot;content-pay-transparency&quot;&gt;&lt;div class=&quot;pay-input&quot;&gt;&lt;div class=&quot;description&quot;&gt;&lt;p&gt;&lt;span style=&quot;font-weight: 400;&quot;&gt;The expected base salary range for this full-time position across US locations is listed below. Actual starting pay will be based on job-related factors, including exact work location, experience, relevant training and education, and skill level. Your recruiter can share more about the specific salary range for the role location or, if the role can be performed remote, the specific salary range for your preferred location, during the hiring process.&amp;nbsp;&lt;/span&gt;&lt;/p&gt;
&lt;p&gt;&lt;span style=&quot;font-weight: 400;&quot;&gt;Waymo employees are also eligible to participate in Waymo’s discretionary annual bonus program, equity incentive plan, and generous Company benefits program, subject to eligibility requirements.&amp;nbsp;&lt;/span&gt;&lt;/p&gt;&lt;/div&gt;&lt;div class=&quot;title&quot;&gt;Salary Range&lt;/div&gt;&lt;div class=&quot;pay-range&quot;&gt;&lt;span&gt;$170,000&lt;/span&gt;&lt;span class=&quot;divider&quot;&gt;&amp;mdash;&lt;/span&gt;&lt;span&gt;$216,000 USD&lt;/span&gt;&lt;/div&gt;&lt;/div&gt;&lt;/div&gt;",US,"Mountain View, CA, USA; San Francisco, CA, USA ",https://careers.withwaymo.com/jobs?gh_jid=7466534,"2025-12-16T14:44:40-05:00",Full Time,2026-09-01 15:11:44.538 +0700,11
1041,greenhouse,Nuro,People Systems Analyst,"&lt;p&gt;&lt;strong&gt;Who We Are&amp;nbsp;&lt;/strong&gt;&lt;/p&gt;
&lt;p&gt;Nuro believes self-driving vehicles are the most immediate and profound opportunity for AI to drive positive change in the physical world. Safer streets, more time for what matters, and easier access to the world around us, that’s why we’re building a universal autonomy platform: self-driving for all roads and all rides.&lt;br&gt;&lt;br&gt;Founded in 2016, Nuro is a physical AI company developing Level 4 autonomous driving technology for a wide range of vehicles, use cases, and markets. Powered by the Nuro Driver™, our universal autonomy platform enables the global mobility ecosystem to deploy autonomy at scale, from robotaxis and logistics fleets to personal vehicles.&lt;br&gt;&lt;br&gt;With years of real-world deployment experience and a flexible, partner-led business model, Nuro is working toward a future where millions of autonomous vehicles powered by our technology help make everyday life safer, easier, and more connected.&lt;br&gt;&lt;br&gt;Nuro has raised over $2B in capital from Uber, NVIDIA, Google, Softbank, Fidelity, T. Rowe Price, and other leading investors.&lt;/p&gt;
&lt;p&gt;&lt;strong&gt;About the Role&lt;br&gt;&lt;/strong&gt;&lt;/p&gt;
&lt;p&gt;Nuro is looking for a People Systems Analyst to drive Workday operations, reporting, and workforce analytics for our People Operations team. You will own production support alongside two other analysts, build dashboards and analytics for leadership, and keep core people operations running. We are a lean, high-impact team that has invested heavily in AI-powered automation, and we are looking for someone who brings real Workday experience but thrives in a scrappy, fast-paced environment where you build, iterate, and ship.&lt;/p&gt;
&lt;p&gt;&lt;strong&gt;About the Work&lt;br&gt;&lt;/strong&gt;&lt;/p&gt;
&lt;p&gt;Workday Systems and Configuration&lt;/p&gt;
&lt;ul&gt;
&lt;li&gt;Provide Tier 1 production support for Workday, including business process definitions and validations, EIB files, calculated fields, and transactional processing&lt;/li&gt;
&lt;li&gt;With direction from the Sr. Workday Analyst, configure, test, and implement new release features in implementation tenants prior to release dates&lt;/li&gt;
&lt;li&gt;Write test scripts and participate across every phase of the testing cycle for new features, enhancements, and fixes&lt;/li&gt;
&lt;li&gt;Support troubleshooting, modifications, and enhancements for integrations under the Sr. Analyst&#39;s direction&lt;/li&gt;
&lt;li&gt;Conduct routine data audits across HR systems, resolve inconsistencies that cause integration errors, and support the data governance framework for People data&lt;/li&gt;
&lt;/ul&gt;
&lt;p&gt;Analytics and Reporting Automation&lt;/p&gt;
&lt;ul&gt;
&lt;li&gt;Own the monthly executive KPI reporting process end to end, from data collection and analysis through stakeholder delivery&lt;/li&gt;
&lt;li&gt;Build custom Workday reports and deep-dive analyses, leveraging AI to accelerate insight generation&lt;/li&gt;
&lt;li&gt;Partner with stakeholders to scope reporting needs and deliver ad hoc workforce analytics&lt;/li&gt;
&lt;li&gt;Continuously streamline reporting workflows through AI tools and automation to reduce manual data pulls and scale the team&#39;s analytics capacity&lt;/li&gt;
&lt;/ul&gt;
&lt;p&gt;People Operations and Process Improvement&lt;/p&gt;
&lt;ul&gt;
&lt;li&gt;Support people operations workflows, documentation, and stakeholder communication&lt;/li&gt;
&lt;li&gt;Provide backup coverage for core people operations workflows during peak periods (onboarding, offboarding, internal mobility)&lt;/li&gt;
&lt;li&gt;Monitor service desk utilization and identify opportunities for operational improvement and automation, partnering with the team&#39;s AI and automation resources&lt;/li&gt;
&lt;/ul&gt;
&lt;p&gt;&lt;strong&gt;About You&lt;br&gt;&lt;/strong&gt;&lt;/p&gt;
&lt;ul&gt;
&lt;li&gt;3+ years of experience in People Operations, People Analytics, HRIS or a comparable role&lt;/li&gt;
&lt;li&gt;Workday experience required with exposure to at least one module; experience with time tracking, absence and benefits are a plus&lt;/li&gt;
&lt;li&gt;Comfortable writing test scripts, building EIB files, and troubleshooting configuration issues independently&lt;/li&gt;
&lt;li&gt;Analytically minded with strong attention to detail and a bias toward data integrity&lt;/li&gt;
&lt;li&gt;Strong sense of discretion and ethics when handling sensitive People data&lt;/li&gt;
&lt;li&gt;Curious about technology, automation, and AI-assisted workflows&lt;/li&gt;
&lt;/ul&gt;
&lt;p&gt;&lt;em&gt;At Nuro, your base pay is one part of your total compensation package. For this position, the reasonably expected base pay range is between $99,220 and $149,330 for the level at which this job has been scoped. Your base pay will depend on several factors, including your experience, qualifications, education, location, and skills. In the event that you are considered for a different level, a higher or lower pay range would apply. This position is also eligible for an annual performance bonus, equity, and a competitive benefits package.&lt;/em&gt;&lt;/p&gt;
&lt;p&gt;&lt;em&gt;&lt;span style=&quot;font-weight: 400;&quot;&gt;At Nuro, we celebrate differences and are committed to a diverse workplace that fosters inclusion and psychological safety for all employees. Nuro is proud to be an equal opportunity employer and expressly prohibits any form of workplace discrimination based on race, color, religion, gender, sexual orientation, gender identity or expression, national origin, age, genetic information, disability, veteran status, or any other legally protected characteristics.&lt;/span&gt;&lt;/em&gt;&lt;/p&gt;",US,"Mountain View, California (HQ)",https://nuro.ai/careersitem?gh_jid=8093105,"2026-07-29T19:28:00-04:00",Full Time,2026-09-01 15:11:44.538 +0700,12
754,greenhouse,Kodiak,Senior Software Quality Simulation Specialist,"&lt;div class=&quot;content-intro&quot;&gt;&lt;p&gt;Kodiak Robotics, Inc. was founded in 2018 and has become a leader in autonomous ground transportation committed to a safer and more efficient future for all. The company has developed an artificial intelligence (AI) powered technology stack purpose-built for commercial trucking and the public sector. The company delivers freight daily for its customers across the southern United States using its autonomous technology. In 2024, Kodiak became the first known company to publicly announce delivering a driverless semi-truck to a customer. Kodiak is also leveraging its commercial self-driving software to develop, test and deploy autonomous capabilities for the U.S. Department of Defense.&lt;/p&gt;&lt;/div&gt;&lt;p&gt;&lt;span style=&quot;font-size: 12pt;&quot;&gt;We are seeking a hands-on Simulation Operations Specialist to join the Software Quality team. In this role, you will drive improvements across large-scale simulation sets, enhance simulation workflows and tools, and help advance safe and reliable autonomous trucking technology.&lt;/span&gt;&lt;/p&gt;
&lt;p&gt;&lt;strong&gt;&lt;span style=&quot;font-size: 12pt;&quot;&gt;In this role, you will:&lt;/span&gt;&lt;/strong&gt;&lt;/p&gt;
&lt;ul&gt;
&lt;li style=&quot;font-size: 12pt;&quot;&gt;&lt;span style=&quot;font-size: 12pt;&quot;&gt;Develop test plans and create simulations to test the behavior of our autonomous trucks.&amp;nbsp;&lt;/span&gt;&lt;/li&gt;
&lt;li style=&quot;font-size: 12pt;&quot;&gt;&lt;span style=&quot;font-size: 12pt;&quot;&gt;Actively run daily simulation operations, including scenario execution, triage, and reporting.&lt;/span&gt;&lt;/li&gt;
&lt;li style=&quot;font-size: 12pt;&quot;&gt;&lt;span style=&quot;font-size: 12pt;&quot;&gt;Improve efficiency in test planning, scenario execution, and results tracking across large-scale simulation suites.&lt;/span&gt;&lt;/li&gt;
&lt;li style=&quot;font-size: 12pt;&quot;&gt;&lt;span style=&quot;font-size: 12pt;&quot;&gt;Partner with engineering teams to ensure simulation scenarios accurately reflect real-world conditions.&lt;/span&gt;&lt;/li&gt;
&lt;li style=&quot;font-size: 12pt;&quot;&gt;&lt;span style=&quot;font-size: 12pt;&quot;&gt;Work closely with systems engineers on structured test design and execution, ensuring comprehensive coverage of safety-critical and edge-case scenarios.&lt;/span&gt;&lt;/li&gt;
&lt;li style=&quot;font-size: 12pt;&quot;&gt;&lt;span style=&quot;font-size: 12pt;&quot;&gt;Share actionable insights from simulation results with autonomy software engineers to accelerate software development and validation.&lt;/span&gt;&lt;/li&gt;
&lt;li style=&quot;font-size: 12pt;&quot;&gt;&lt;span style=&quot;font-size: 12pt;&quot;&gt;Collaborate with infrastructure and tools teams to enhance automation, debugging, and scaling of simulations.&lt;/span&gt;&lt;/li&gt;
&lt;/ul&gt;
&lt;p&gt;&lt;span style=&quot;font-size: 12pt;&quot;&gt;&lt;strong&gt;What you’ll bring:&lt;/strong&gt;&lt;/span&gt;&lt;/p&gt;
&lt;ul&gt;
&lt;li style=&quot;font-size: 12pt;&quot;&gt;&lt;span style=&quot;font-size: 12pt;&quot;&gt;2+ years of experience in autonomous vehicle or robotics industry.&lt;/span&gt;&lt;/li&gt;
&lt;li style=&quot;font-size: 12pt;&quot;&gt;&lt;span style=&quot;font-size: 12pt;&quot;&gt;Bachelor’s degree in Engineering, Computer Science or related field.&lt;/span&gt;&lt;/li&gt;
&lt;li style=&quot;font-size: 12pt;&quot;&gt;&lt;span style=&quot;font-size: 12pt;&quot;&gt;3+ years of experience in simulation, QA, or test automation, ideally in robotics or autonomous systems.&lt;/span&gt;&lt;/li&gt;
&lt;li style=&quot;font-size: 12pt;&quot;&gt;&lt;span style=&quot;font-size: 12pt;&quot;&gt;Familiarity with python or C++ programming.&lt;/span&gt;&lt;/li&gt;
&lt;li style=&quot;font-size: 12pt;&quot;&gt;&lt;span style=&quot;font-size: 12pt;&quot;&gt;Hands-on experience with simulation workflows or large-scale simulation testing environments.&lt;/span&gt;&lt;/li&gt;
&lt;li style=&quot;font-size: 12pt;&quot;&gt;&lt;span style=&quot;font-size: 12pt;&quot;&gt;Strong problem-solving skills and ability to dive into technical details.&lt;/span&gt;&lt;/li&gt;
&lt;li style=&quot;font-size: 12pt;&quot;&gt;&lt;span style=&quot;font-size: 12pt;&quot;&gt;Passion for autonomous technology and improving safety and efficiency through simulation.&lt;/span&gt;&lt;/li&gt;
&lt;li style=&quot;font-size: 12pt;&quot;&gt;&lt;span style=&quot;font-size: 12pt;&quot;&gt;Familiarity with structured test planning and execution; experience working with systems engineers preferred.&lt;/span&gt;&lt;/li&gt;
&lt;li style=&quot;font-size: 12pt;&quot;&gt;&lt;span style=&quot;font-size: 12pt;&quot;&gt;Experience with Applied Intuition tools is a plus.&lt;/span&gt;&lt;/li&gt;
&lt;li style=&quot;font-size: 12pt;&quot;&gt;&lt;span style=&quot;font-size: 12pt;&quot;&gt;Great communicator with experience writing clear, concise, and detailed communication&lt;/span&gt;&lt;/li&gt;
&lt;li style=&quot;font-size: 12pt;&quot;&gt;&lt;span style=&quot;font-size: 12pt;&quot;&gt;Love of robots - You love to be in, around, or near robots&lt;/span&gt;&lt;/li&gt;
&lt;/ul&gt;
&lt;p class=&quot;p2&quot;&gt;&lt;span style=&quot;font-size: 12pt;&quot;&gt;&lt;strong&gt;What we offer:&lt;/strong&gt;&lt;/span&gt;&lt;/p&gt;
&lt;ul&gt;
&lt;li style=&quot;font-size: 12pt;&quot;&gt;&lt;span style=&quot;font-size: 12pt;&quot;&gt;Competitive compensation package including equity and annual bonuses&lt;/span&gt;&lt;/li&gt;
&lt;li style=&quot;font-size: 12pt;&quot;&gt;&lt;span style=&quot;font-size: 12pt;&quot;&gt;Excellent Medical, Dental, and Vision plans through Kaiser Permanente, Cigna, and&amp;nbsp; MetLife (including a medical plan with infertility benefits)&lt;/span&gt;&lt;/li&gt;
&lt;li style=&quot;font-size: 12pt;&quot;&gt;&lt;span style=&quot;font-size: 12pt;&quot;&gt;MetLife Legal Services, Identity &amp;amp; Fraud Protection, Hospital Indemnity Insurance, Accident Insurance, &amp;amp; Critical Illness Insurance&lt;/span&gt;&lt;/li&gt;
&lt;li style=&quot;font-size: 12pt;&quot;&gt;&lt;span style=&quot;font-size: 12pt;&quot;&gt;Flexible PTO, 10 paid holidays, and generous parental leave policies&lt;/span&gt;&lt;/li&gt;
&lt;li style=&quot;font-size: 12pt;&quot;&gt;&lt;span style=&quot;font-size: 12pt;&quot;&gt;Our office is centrally located in Mountain View, CA&lt;/span&gt;&lt;/li&gt;
&lt;li style=&quot;font-size: 12pt;&quot;&gt;&lt;span style=&quot;font-size: 12pt;&quot;&gt;Office perks: dog-friendly, free catered lunch, a fully stocked kitchen, and free EV charging&lt;/span&gt;&lt;/li&gt;
&lt;li style=&quot;font-size: 12pt;&quot;&gt;&lt;span style=&quot;font-size: 12pt;&quot;&gt;Long Term Disability, Short Term Disability, Life Insurance&lt;/span&gt;&lt;/li&gt;
&lt;li style=&quot;font-size: 12pt;&quot;&gt;&lt;span style=&quot;font-size: 12pt;&quot;&gt;Wellbeing Benefits - Headspace through Cigna, Calm through Kaiser, One Medical, Gympass, Spring Health through Cigna, Rula (mental health navigation)&amp;nbsp;&lt;/span&gt;&lt;/li&gt;
&lt;li style=&quot;font-size: 12pt;&quot;&gt;&lt;span style=&quot;font-size: 12pt;&quot;&gt;Fidelity 401(k)&lt;/span&gt;&lt;/li&gt;
&lt;li style=&quot;font-size: 12pt;&quot;&gt;&lt;span style=&quot;font-size: 12pt;&quot;&gt;Commuter, FSA, Dependent Care FSA, HSA&lt;/span&gt;&lt;/li&gt;
&lt;li style=&quot;font-size: 12pt;&quot;&gt;&lt;span style=&quot;font-size: 12pt;&quot;&gt;Various incentive programs (referral bonuses, patent bonuses, etc.)&lt;/span&gt;&lt;/li&gt;
&lt;/ul&gt;&lt;div class=&quot;content-pay-transparency&quot;&gt;&lt;div class=&quot;pay-input&quot;&gt;&lt;div class=&quot;description&quot;&gt;&lt;p&gt;The pay range listed below reflects the base salary&amp;nbsp;&lt;strong data-stringify-type=&quot;bold&quot;&gt;in our SF/Silicon Valley location,&amp;nbsp;&lt;/strong&gt;across several internal levels. Actual starting pay will be based on job-related factors including: work location, experience, relevant training, education, skill level and performance during interview. Total compensation at Kodiak includes base pay, equity, bonus and a competitive benefits package&lt;/p&gt;&lt;/div&gt;&lt;div class=&quot;title&quot;&gt;California Pay Range&lt;/div&gt;&lt;div class=&quot;pay-range&quot;&gt;&lt;span&gt;$130,000&lt;/span&gt;&lt;span class=&quot;divider&quot;&gt;&amp;mdash;&lt;/span&gt;&lt;span&gt;$145,000 USD&lt;/span&gt;&lt;/div&gt;&lt;/div&gt;&lt;/div&gt;&lt;div class=&quot;content-conclusion&quot;&gt;&lt;div&gt;&amp;nbsp;&lt;/div&gt;
&lt;div&gt;At Kodiak, we strive to build a diverse community working towards our common company goals in a safe and collaborative environment where harassment of any kind is strictly prohibited. Kodiak is committed to equal opportunity employment regardless of race, ethnicity, religion, gender identity, sexual orientation, age, disability, or veteran status, or any other basis protected by applicable law.&lt;/div&gt;
&lt;div&gt;&amp;nbsp;&lt;/div&gt;
&lt;div&gt;In alignment with its business operations, Kodiak adheres to all relevant statutes, regulations, and administrative prerequisites. Accordingly, roles that carry more sensitive requirements may be limited to candidates that can satisfy additional scrutiny and eligibility for such positions may hinge on verification of a candidate’s residence, U.S. person status, and/or citizenship status. Should the position require, and Kodiak determines that a candidate’s residence, U.S. person status, and/or citizenship status necessitate an export license, bar the candidate from the position, or otherwise fall under national security-related restrictions, Kodiak will consider the candidate for alternative positions unaffected by such restrictions, under terms and conditions set forth at Kodiak’s sole discretion, or, as an alternative, opt not to proceed with the candidate’s application. If applicable, Kodiak may provide visa sponsorship for eligible candidates.&lt;/div&gt;
&lt;div&gt;&amp;nbsp;&lt;/div&gt;
&lt;div&gt;&lt;em&gt;We use a third-party AI tool (Endorsed) to assist in the initial screening of applications. As part of the evaluation process, we provide Endorsed with job requirements and candidate-submitted applications. Final hiring decisions are made by our human recruitment team, and no automated system makes the ultimate decision regarding hiring. Certain features of the platform may qualify it as an Automated Employment Decision Tool (AEDT) under applicable regulations. We began using Endorsed on January 1, 2026. You can review the independent bias audit report covering our use of Endorsed [here](&lt;/em&gt;&lt;em&gt;&lt;a href=&quot;https://endorsed.com/local-law-144&quot; target=&quot;_blank&quot; data-sk=&quot;tooltip_parent&quot;&gt;https://endorsed.com/local-law-144&lt;/a&gt;&lt;/em&gt;&lt;em&gt;). By submitting your application, you acknowledge that your application may be processed by AI systems as part of the screening and selection process. If you have any questions or would like to request a separate review of your application, please contact &lt;/em&gt;&lt;em&gt;&lt;a href=&quot;mailto:careers@kodiak.ai&quot; target=&quot;_blank&quot; data-sk=&quot;tooltip_parent&quot;&gt;careers@kodiak.ai&lt;/a&gt;&lt;/em&gt;&lt;em&gt; with &quot;Separate Review Request&quot; in the email subject line.&lt;/em&gt;&lt;/div&gt;
&lt;p&gt;&amp;nbsp;&lt;/p&gt;&lt;/div&gt;",US,"Mountain View, CA",https://job-boards.greenhouse.io/kodiak/jobs/4290593009,"2026-06-18T19:22:14-04:00",Full Time,2026-09-01 15:11:44.538 +0700,13
1011,greenhouse,Nuro,"Senior/Staff Software Engineer, ML Data Infrastructure","&lt;p&gt;&lt;strong&gt;Who We Are&amp;nbsp;&lt;/strong&gt;&lt;/p&gt;
&lt;p&gt;Nuro believes self-driving vehicles are the most immediate and profound opportunity for AI to drive positive change in the physical world. Safer streets, more time for what matters, and easier access to the world around us, that’s why we’re building a universal autonomy platform: self-driving for all roads and all rides.&lt;br&gt;&lt;br&gt;Founded in 2016, Nuro is a physical AI company developing Level 4 autonomous driving technology for a wide range of vehicles, use cases, and markets. Powered by the Nuro Driver™, our universal autonomy platform enables the global mobility ecosystem to deploy autonomy at scale, from robotaxis and logistics fleets to personal vehicles.&lt;br&gt;&lt;br&gt;With years of real-world deployment experience and a flexible, partner-led business model, Nuro is working toward a future where millions of autonomous vehicles powered by our technology help make everyday life safer, easier, and more connected.&lt;br&gt;&lt;br&gt;Nuro has raised over $2B in capital from Uber, NVIDIA, Google, Softbank, Fidelity, T. Rowe Price, and other leading investors&lt;/p&gt;
&lt;p&gt;&lt;strong&gt;About the Role&lt;br&gt;&lt;/strong&gt;&lt;/p&gt;
&lt;p&gt;Nuro takes a machine-learning-first approach to autonomous driving technology. In an ML-first system, the overall system performance depends heavily on the quantity and diversity of its training and evaluation data.&amp;nbsp;&lt;/p&gt;
&lt;p&gt;The team plays a crucial role in the advancement of autonomous driving systems by creating a scalable and reliable data infrastructure. This infrastructure is designed to produce training and evaluation data derived from both on-road collected logs and simulation logs. Additionally, the team collaborates closely with system engineers to thoroughly validate the autonomous driving system before its deployment.&lt;/p&gt;
&lt;p&gt;&lt;strong&gt;About the Work&lt;/strong&gt;&lt;/p&gt;
&lt;ul&gt;
&lt;li&gt;Design and develop unified, introspectable, large-scale batch and streaming data pipelines that can ingest and process data across a wide range of use cases relevant to evaluation.&lt;/li&gt;
&lt;li&gt;Create and implement a storage system capable of accommodating both the large volume and diverse range of evaluation and performance metrics.&lt;/li&gt;
&lt;li&gt;Construct intuitive dashboards and reports to present evaluation results, facilitating straightforward comparisons that highlight both improvements and regressions of the ML components and the overall system.&lt;/li&gt;
&lt;li&gt;Develop and maintain continuous testing and monitoring systems to guarantee the integrity and resilience of our data and associated data pipelines.&lt;/li&gt;
&lt;li&gt;Develop data mining tools with applied ML techniques to support data discovery needs from Autonomy including Perception, Behavior, and Mapping&lt;/li&gt;
&lt;li&gt;Develop data annotation tools to support first-party and third-party labeling workforce to provide high fidelity perception, mapping, and driving trajectory labels&lt;/li&gt;
&lt;li&gt;Scale data annotation labels with applied State-of-the-art ML techniques&lt;/li&gt;
&lt;/ul&gt;
&lt;p&gt;&lt;strong&gt;About You&lt;br&gt;&lt;/strong&gt;&lt;/p&gt;
&lt;ul&gt;
&lt;li&gt;You have a degree in BS, MS.c or Ph.D, plus 4 years of relevant work experience&lt;/li&gt;
&lt;li&gt;Strong proficiency in Python or similar languages&lt;/li&gt;
&lt;li&gt;&lt;strong&gt;Domain experience:&lt;/strong&gt; Experience working with large-scale data and building scalable &amp;amp; reliable systems/data pipelines; ability to understand and design complex systems&lt;/li&gt;
&lt;li&gt;&lt;strong&gt;Engineering leadership:&lt;/strong&gt; Experience setting team or project product and technical vision, timelines, and prioritization; being a Technical Lead, mentoring and support junior engineers&lt;/li&gt;
&lt;li&gt;&lt;strong&gt;Technical excellence:&lt;/strong&gt; Ability and willingness to deep dive into implementation, driving technical standards and best practices across broader software organization&lt;/li&gt;
&lt;li&gt;A bachelor&#39;s degree in Computer Science, Electrical Engineering, or a closely related field&lt;/li&gt;
&lt;/ul&gt;
&lt;p&gt;&lt;strong&gt;Bonus Points&lt;/strong&gt;&amp;nbsp;&lt;em&gt;&lt;br&gt;&lt;/em&gt;&lt;/p&gt;
&lt;ul&gt;
&lt;li&gt;Strong proficiency in C++ or other high-performance low-level languages&lt;/li&gt;
&lt;li&gt;Strong knowledge of GCP, GCS, BigQuery, or PostgreSQL&lt;/li&gt;
&lt;li&gt;Knowledge of data engineering, and its tooling and best practices&lt;/li&gt;
&lt;li&gt;Knowledge of batch and streaming data processing, warehousing, and analytics solutions&lt;/li&gt;
&lt;li&gt;Experience working with large-scale distributed data systems&lt;/li&gt;
&lt;li&gt;Experience with system &amp;amp; framework design&lt;/li&gt;
&lt;li&gt;Experience with data workflow orchestration platforms&lt;/li&gt;
&lt;/ul&gt;
&lt;p&gt;At Nuro, your base pay is one part of your total compensation package. For this position, the reasonably expected pay range is between $193,930 and $352,290 for the level at which this job has been scoped. Your base pay will depend on several factors, including your experience, qualifications, education, location, and skills. In the event that you are considered for a different level, a higher or lower pay range would apply. This position is also eligible for an annual performance bonus, equity, and a competitive benefits package.&lt;/p&gt;
&lt;p&gt;&lt;em&gt;&lt;span style=&quot;font-weight: 400;&quot;&gt;At Nuro, we celebrate differences and are committed to a diverse workplace that fosters inclusion and psychological safety for all employees. Nuro is proud to be an equal opportunity employer and expressly prohibits any form of workplace discrimination based on race, color, religion, gender, sexual orientation, gender identity or expression, national origin, age, genetic information, disability, veteran status, or any other legally protected characteristics.&lt;/span&gt;&lt;/em&gt;&lt;/p&gt;",US,"Mountain View, California (HQ)",https://nuro.ai/careersitem?gh_jid=7895638,"2026-05-05T16:38:01-04:00",Full Time,2026-09-01 15:11:44.538 +0700,14
878,greenhouse,May Mobility,Senior Systems Engineer II,"&lt;div class=&quot;content-intro&quot;&gt;&lt;p&gt;&lt;span style=&quot;font-size: 12pt;&quot;&gt;May Mobility is transforming cities through autonomous technology to create a safer, greener, more accessible world. Based in Ann Arbor, Michigan, May develops and deploys autonomous vehicles (AVs) powered by our innovative Multi-Policy Decision Making (MPDM) technology that literally reimagines the way AVs think.&lt;/span&gt;&lt;br&gt;&lt;br&gt;&lt;span style=&quot;font-size: 12pt;&quot;&gt;Our vehicles do more than just drive themselves - they provide value to communities, bridge public transit gaps and move people where they need to go safely, easily and with a lot more fun. We’re building the world’s best autonomy system to reimagine transit by minimizing congestion, expanding access and encouraging better land use in order to foster more green, vibrant and livable spaces. Since our founding in 2017, we’ve given more than 500,000 autonomous rides to real people around the globe. And we’re just getting started. We’re hiring people who share our passion for building the future, today, solving real-world problems and seeing the impact of their work. Join us.&lt;/span&gt;&lt;/p&gt;&lt;/div&gt;&lt;h1&gt;&lt;strong&gt;Job Summary&lt;/strong&gt;&lt;/h1&gt;
&lt;p&gt;We are seeking an experienced and data-driven Senior Systems Engineer II to lead the definition, optimization, and validation of next-generation Autonomous Vehicle capabilities.&lt;/p&gt;
&lt;p&gt;In this role, you will bridge the gap between high-level autonomy goals and actionable system requirements. You will be responsible for defining autonomous vehicle system requirements, designing complex scenario-based test suites in simulated and on-road environments, and building automated, KPI-driven reporting pipelines. The ideal candidate thrives at the intersection of systems engineering, automated testing, data analytics, and functional safety standards.&lt;/p&gt;
&lt;h1&gt;&lt;strong&gt;Essential Responsibilities&lt;/strong&gt;&lt;/h1&gt;
&lt;ul&gt;
&lt;li&gt;Define, document, and manage system and capability-level requirements with full end-to-end traceability leveraging requirement management, AV simulation, and data toolsets.&lt;/li&gt;
&lt;li&gt;Conduct in-depth Operational Design Domain (ODD) and route analyses to shape AV driving capabilities and sub-capabilities.&lt;/li&gt;
&lt;li&gt;Ensure designed scenarios align and comply with established industry standards and regulatory frameworks, such as Euro NCAP and NHTSA&lt;/li&gt;
&lt;li&gt;Drive and manage the driving simulation portfolio to ensure comprehensive validation coverage across the entire Operational Design Domain (ODD).&lt;/li&gt;
&lt;li&gt;Craft on-road and logical test scenarios designed specifically for evaluating autonomy features, system capabilities, and critical on-road events.&lt;/li&gt;
&lt;li&gt;Process and analyze real-world field events to close the loop by identifying simulation coverage gaps and creating representative simulation tests.&lt;/li&gt;
&lt;li&gt;Define clear, robust simulation specifications and requirements for cross-functional simulation teams to develop and build against.&lt;/li&gt;
&lt;li&gt;Analyze real-world and simulation results to identify performance trends, uncover potential issues, and provide insights for improvements&lt;/li&gt;
&lt;li&gt;Lead engineering process continuous improvement activities, proposing solutions and gaining buy-in from impacted teams&lt;/li&gt;
&lt;/ul&gt;
&lt;h1&gt;&lt;strong&gt;Skills and Abilities&lt;/strong&gt;&lt;/h1&gt;
&lt;p&gt;&lt;em&gt;Success in this role typically requires the following competencies:&lt;/em&gt;&lt;/p&gt;
&lt;ul&gt;
&lt;li&gt;Strong analytical and problem solving skills&lt;/li&gt;
&lt;li&gt;Excellent written, verbal, and presentation skills&lt;/li&gt;
&lt;li&gt;Strong attention to detail and highly-organized&lt;/li&gt;
&lt;li&gt;Ability to multitask and adapt to shifting priorities in a fast-paced work environment&lt;/li&gt;
&lt;li&gt;Understanding of agile startup and engineering principles and mindset&lt;/li&gt;
&lt;li&gt;Ability to display systems thinking and attention to detail&lt;/li&gt;
&lt;li&gt;Detailed knowledge of requirements management and requirement-based design&lt;/li&gt;
&lt;li&gt;Curiosity to learn and desire to improve&lt;/li&gt;
&lt;/ul&gt;
&lt;h1&gt;&lt;strong&gt;Qualifications and Experience&lt;/strong&gt;&lt;/h1&gt;
&lt;p&gt;&lt;em&gt;Candidates most successful in this role typically hold the following qualifications or comparable knowledge or experience:&lt;/em&gt;&lt;/p&gt;
&lt;p&gt;&lt;strong&gt;&lt;em&gt;Required&lt;/em&gt;&lt;/strong&gt;&lt;/p&gt;
&lt;ul&gt;
&lt;li&gt;Bachelor’s Degree from an accredited university&lt;/li&gt;
&lt;li&gt;6+ years experience in automotive systems engineering working on software, hardware, or combined hardware/software products and 3+ years systems engineering experience working on autonomous driving or advance driver assistance systems&lt;/li&gt;
&lt;li&gt;Strong knowledge of automotive and autonomous vehicle technologies&lt;/li&gt;
&lt;li&gt;Experience developing behavioral simulations for AV or ADAS features&lt;/li&gt;
&lt;li&gt;Experience with Python, SQL, and data analysis tools (e.g., Pandas, NumPy, Spark).&lt;/li&gt;
&lt;/ul&gt;
&lt;p&gt;&lt;strong&gt;&lt;em&gt;Desirable&lt;/em&gt;&lt;/strong&gt;&lt;/p&gt;
&lt;ul&gt;
&lt;li&gt;A Masters degree in Engineering or equivalent experience&lt;/li&gt;
&lt;li&gt;Experience working in a startup&lt;/li&gt;
&lt;li&gt;Practical awareness of functional safety principles, including ISO 26262, SOTIF, and HARA.&lt;/li&gt;
&lt;/ul&gt;
&lt;h1&gt;&lt;strong&gt;Physical Requirements&lt;/strong&gt;&lt;/h1&gt;
&lt;ul&gt;
&lt;li&gt;Standard office working conditions which includes but is not limited to:&lt;/li&gt;
&lt;ul&gt;
&lt;li&gt;Prolonged sitting&lt;/li&gt;
&lt;li&gt;Prolonged standing&lt;/li&gt;
&lt;li&gt;Prolonged computer use&lt;/li&gt;
&lt;/ul&gt;
&lt;/ul&gt;
&lt;ul&gt;
&lt;li&gt;Travel required? -&amp;nbsp; Minimal: 1%-10%&lt;/li&gt;
&lt;/ul&gt;
&lt;p&gt;&amp;nbsp;&lt;/p&gt;
&lt;div class=&quot;c-message_kit__blocks c-message_kit__blocks--rich_text&quot;&gt;
&lt;div class=&quot;c-message__message_blocks c-message__message_blocks--rich_text&quot; data-qa=&quot;message-text&quot;&gt;
&lt;div class=&quot;p-block_kit_renderer&quot; data-qa=&quot;block-kit-renderer&quot;&gt;
&lt;div class=&quot;p-block_kit_renderer__block_wrapper p-block_kit_renderer__block_wrapper--first&quot;&gt;
&lt;div class=&quot;p-rich_text_block&quot;&gt;
&lt;div class=&quot;p-rich_text_section&quot;&gt;
&lt;p&gt;&lt;strong&gt;Benefits and Perks&lt;/strong&gt;&lt;/p&gt;
&lt;ul&gt;
&lt;li&gt;Comprehensive healthcare suite including medical, dental, vision, life, and disability plans. Domestic partners who have been residing together at least one year are also eligible to participate.&amp;nbsp;&lt;/li&gt;
&lt;li&gt;Health Savings and Flexible Spending Healthcare and Dependent Care Accounts available.&lt;/li&gt;
&lt;li&gt;Rich retirement benefits, including an immediately vested employer safe harbor match.&lt;/li&gt;
&lt;li&gt;Generous paid parental leave as well as a phased return to work.&amp;nbsp;&lt;/li&gt;
&lt;li&gt;Flexible vacation policy in addition to paid company holidays.&lt;/li&gt;
&lt;li&gt;Total Wellness Program providing numerous resources for overall wellbeing&amp;nbsp;&amp;nbsp;&amp;nbsp;&lt;/li&gt;
&lt;/ul&gt;
&lt;/div&gt;
&lt;div class=&quot;p-rich_text_section&quot;&gt;Don’t meet every single requirement? Studies have shown that women and/or people of color are less likely to apply to a job unless they meet every qualification. At May Mobility, we’re committed to building a diverse, inclusive, and authentic workforce, so if you’re excited about this role but your previous experience doesn’t align perfectly with every qualification, we encourage you to apply anyway! You may be the perfect candidate for this or another role at May.&lt;/div&gt;
&lt;/div&gt;
&lt;/div&gt;
&lt;/div&gt;
&lt;/div&gt;
&lt;/div&gt;
&lt;p&gt;&lt;em&gt;Want to learn more about our culture &amp;amp; benefits? Check out our&amp;nbsp;&lt;a href=&quot;https://maymobility.com/careers/&quot; target=&quot;_blank&quot;&gt;website&lt;/a&gt;!&lt;/em&gt;&lt;/p&gt;
&lt;p&gt;&lt;em&gt;May Mobility is an equal opportunity employer.&amp;nbsp; All applicants for employment will be considered without regard to race, color, religion, sex, national origin, age, disability, sexual orientation, gender identity or expression, veteran status, genetics or any other legally protected basis. &amp;nbsp; Below, you have the opportunity to share your preferred gender pronouns, gender, ethnicity, and veteran status with May Mobility to help us identify areas of improvement in our hiring and recruitment processes. Completion of these questions is entirely voluntary.&amp;nbsp; Any information you choose to provide will be kept confidential, and will not impact the hiring decision in any way. If you believe that you will need any type of accommodation, please let us know.&lt;/em&gt;&lt;/p&gt;
&lt;p&gt;&lt;strong&gt;&lt;em&gt;Note to Recruitment Agencies:&lt;/em&gt;&lt;/strong&gt;&lt;em&gt;&amp;nbsp;May Mobility does not accept unsolicited agency resumes. Furthermore, May Mobility does not pay placement fees for candidates submitted by any agency other than its approved partners.&lt;/em&gt;&lt;/p&gt;
&lt;p&gt;&amp;nbsp;&lt;/p&gt;&lt;div class=&quot;content-pay-transparency&quot;&gt;&lt;div class=&quot;pay-input&quot;&gt;&lt;div class=&quot;title&quot;&gt;Salary Range&lt;/div&gt;&lt;div class=&quot;pay-range&quot;&gt;&lt;span&gt;$125,000&lt;/span&gt;&lt;span class=&quot;divider&quot;&gt;&amp;mdash;&lt;/span&gt;&lt;span&gt;$150,000 USD&lt;/span&gt;&lt;/div&gt;&lt;/div&gt;&lt;/div&gt;&lt;div class=&quot;content-conclusion&quot;&gt;&lt;p&gt;&lt;em&gt;May Mobility uses automated tools to support — but not replace — human judgment in our recruiting process,&amp;nbsp;to find out more please click&amp;nbsp;&lt;a href=&quot;https://drive.google.com/file/d/1eGgErDdZ99HVoyxBrVpVUjhdUcmKogki/view?usp=drive_link&quot; target=&quot;_blank&quot; data-saferedirecturl=&quot;https://www.google.com/url?q=https://drive.google.com/file/d/1eGgErDdZ99HVoyxBrVpVUjhdUcmKogki/view?usp%3Ddrive_link&amp;amp;source=gmail&amp;amp;ust=1783531371699000&amp;amp;usg=AOvVaw1I0-jRwBKi4mKGIvZGCIUS&quot;&gt;here&lt;/a&gt;&lt;/em&gt;&lt;/p&gt;&lt;/div&gt;",US,"Ann Arbor, MI - Hybrid",https://job-boards.greenhouse.io/maymobility/jobs/8643940002,"2026-07-23T20:22:14-04:00",Full Time,2026-09-01 15:11:44.538 +0700,15
704,greenhouse,Gatik,Senior/Staff Vehicle Harness Engineer,"&lt;h3&gt;&lt;span style=&quot;font-family: &#39;times new roman&#39;, times, serif;&quot;&gt;Who we are&lt;/span&gt;&lt;/h3&gt;
&lt;p&gt;&lt;span style=&quot;font-family: &#39;times new roman&#39;, times, serif;&quot;&gt;Gatik, the leader in autonomous middle-mile logistics, is revolutionizing the B2B supply chain with its autonomous transportation-as-a-service (ATaaS) solution and prioritizing safe, consistent deliveries while streamlining freight movement by reducing congestion. The company focuses on short-haul, B2B logistics for Fortune 500 retailers and in 2021 launched the world’s first fully driverless commercial transportation service with Walmart. Gatik&#39;s Class 3-7 autonomous trucks are commercially deployed across major markets, including Texas, Arkansas, and Ontario, Canada, driving innovation in freight transportation.&amp;nbsp;&lt;/span&gt;&lt;/p&gt;
&lt;p&gt;&lt;span style=&quot;font-family: &#39;times new roman&#39;, times, serif;&quot;&gt;The company&#39;s proprietary Level 4 autonomous technology, Gatik Carrier™, is custom-built to transport freight safely and efficiently between pick-up and drop-off locations on the middle mile. With robust capabilities in both highway and urban environments, Gatik Carrier™ serves as an all-encompassing solution that integrates advanced software and hardware powering the fleet, facilitating effortless integration into customers&#39; logistics operations.&amp;nbsp;&lt;/span&gt;&lt;/p&gt;
&lt;h3&gt;&lt;span style=&quot;font-family: &#39;times new roman&#39;, times, serif;&quot;&gt;About the role&lt;/span&gt;&lt;/h3&gt;
&lt;p&gt;&lt;span style=&quot;font-family: &#39;times new roman&#39;, times, serif;&quot;&gt;Gatik is hiring a Senior/Staff Vehicle Harness Engineer who will be responsible for power and signal distribution on Gatik’s vehicles from concept to production. This individual will be tasked with creating engineering requirements and specifications for the harnesses as well as collaborating with suppliers and peers to deliver a functioning subsystem.Your area of expertise is the mechanical integration, fabrication and assembly of harness systems. You are excited being hands-on to apply your engineering knowledge and you are extremely comfortable with hand-tools and rapid prototyping fabrication. Independence, good communication and documentation skills are key to succeed in this role.&amp;nbsp;&lt;/span&gt;&lt;br&gt;&lt;span style=&quot;font-family: &#39;times new roman&#39;, times, serif;&quot;&gt;&amp;nbsp;&lt;/span&gt;&lt;br&gt;&lt;span style=&quot;font-family: &#39;times new roman&#39;, times, serif;&quot;&gt;This role is onsite 5 days a week at our Santa Clara, CA office.&lt;/span&gt;&lt;/p&gt;
&lt;h3&gt;&lt;span style=&quot;font-family: &#39;times new roman&#39;, times, serif;&quot;&gt;What you&#39;ll do&lt;/span&gt;&lt;/h3&gt;
&lt;ul&gt;
&lt;li style=&quot;font-family: &#39;times new roman&#39;, times, serif;&quot;&gt;&lt;span style=&quot;font-family: &#39;times new roman&#39;, times, serif;&quot;&gt;Responsible for vehicle power and signal distribution on the vehicle.&lt;/span&gt;&lt;/li&gt;
&lt;li style=&quot;font-family: &#39;times new roman&#39;, times, serif;&quot;&gt;&lt;span style=&quot;font-family: &#39;times new roman&#39;, times, serif;&quot;&gt;Create engineering specifications for example requirements, schematics, CAD models, drawings for the vehicle harnesses&lt;/span&gt;&lt;/li&gt;
&lt;li style=&quot;font-family: &#39;times new roman&#39;, times, serif;&quot;&gt;&lt;span style=&quot;font-family: &#39;times new roman&#39;, times, serif;&quot;&gt;Take ownership of the Device transmittal (DT) process&lt;/span&gt;&lt;/li&gt;
&lt;li style=&quot;font-family: &#39;times new roman&#39;, times, serif;&quot;&gt;&lt;span style=&quot;font-family: &#39;times new roman&#39;, times, serif;&quot;&gt;Provide technical expertise on power, signal and data bus distribution as well as ground specification needed in autonomous vehicles; for example on GMSL,Automotive Ethernet, CAN, CAN-FD, low voltage high power applications&lt;/span&gt;&lt;/li&gt;
&lt;li style=&quot;font-family: &#39;times new roman&#39;, times, serif;&quot;&gt;&lt;span style=&quot;font-family: &#39;times new roman&#39;, times, serif;&quot;&gt;Collaborate with cross functional team members to complete the system specification and fill gaps were needed&lt;/span&gt;&lt;/li&gt;
&lt;li style=&quot;font-family: &#39;times new roman&#39;, times, serif;&quot;&gt;&lt;span style=&quot;font-family: &#39;times new roman&#39;, times, serif;&quot;&gt;Collaborate with suppliers/vendors as needed to build prototype and production vehicles&lt;/span&gt;&lt;/li&gt;
&lt;li style=&quot;font-family: &#39;times new roman&#39;, times, serif;&quot;&gt;&lt;span style=&quot;font-family: &#39;times new roman&#39;, times, serif;&quot;&gt;Develop and refine tools and methods currently leveraged by the team&lt;/span&gt;&lt;/li&gt;
&lt;li style=&quot;font-family: &#39;times new roman&#39;, times, serif;&quot;&gt;&lt;span style=&quot;font-family: &#39;times new roman&#39;, times, serif;&quot;&gt;Mentor junior engineers on the team in the principles of power and signal distribution and best practices&lt;/span&gt;&lt;/li&gt;
&lt;/ul&gt;
&lt;h3&gt;&lt;span style=&quot;font-family: &#39;times new roman&#39;, times, serif;&quot;&gt;What we’re looking for&lt;/span&gt;&lt;/h3&gt;
&lt;ul&gt;
&lt;li style=&quot;font-family: &#39;times new roman&#39;, times, serif;&quot;&gt;&lt;span style=&quot;font-family: &#39;times new roman&#39;, times, serif;&quot;&gt;BS/MS in Mechanical Engineering or similar engineering discipline (MS preferred)&lt;/span&gt;&lt;/li&gt;
&lt;li style=&quot;font-family: &#39;times new roman&#39;, times, serif;&quot;&gt;&lt;span style=&quot;font-family: &#39;times new roman&#39;, times, serif;&quot;&gt;5+ years of hands-on experience with vehicle harnesses&lt;/span&gt;&lt;/li&gt;
&lt;li style=&quot;font-family: &#39;times new roman&#39;, times, serif;&quot;&gt;&lt;span style=&quot;font-family: &#39;times new roman&#39;, times, serif;&quot;&gt;Delivered a system to production (preferred - from inception to production)&lt;/span&gt;&lt;/li&gt;
&lt;li style=&quot;font-family: &#39;times new roman&#39;, times, serif;&quot;&gt;&lt;span style=&quot;font-family: &#39;times new roman&#39;, times, serif;&quot;&gt;Experience in the Automotive, Truck/Transportation and AV industry&lt;/span&gt;&lt;/li&gt;
&lt;li style=&quot;font-family: &#39;times new roman&#39;, times, serif;&quot;&gt;&lt;span style=&quot;font-family: &#39;times new roman&#39;, times, serif;&quot;&gt;Experience with Zuken.E3 required&lt;/span&gt;&lt;/li&gt;
&lt;li style=&quot;font-family: &#39;times new roman&#39;, times, serif;&quot;&gt;&lt;span style=&quot;font-family: &#39;times new roman&#39;, times, serif;&quot;&gt;Experience with advanced vehicle communication standards and requirements for example GMSL, Automotive Ethernet&lt;/span&gt;&lt;/li&gt;
&lt;li style=&quot;font-family: &#39;times new roman&#39;, times, serif;&quot;&gt;&lt;span style=&quot;font-family: &#39;times new roman&#39;, times, serif;&quot;&gt;Ability to size and select the appropriate cables, connectors and fuses&lt;/span&gt;&lt;/li&gt;
&lt;li style=&quot;font-family: &#39;times new roman&#39;, times, serif;&quot;&gt;&lt;span style=&quot;font-family: &#39;times new roman&#39;, times, serif;&quot;&gt;Ability to design mechanical components supporting the completion of the deliverable e.g. brackets, housings or pass-throughs&amp;nbsp;&lt;/span&gt;&lt;/li&gt;
&lt;li style=&quot;font-family: &#39;times new roman&#39;, times, serif;&quot;&gt;&lt;span style=&quot;font-family: &#39;times new roman&#39;, times, serif;&quot;&gt;Experience with CAD and/or drawing software (NX preferred)&lt;/span&gt;&lt;/li&gt;
&lt;li style=&quot;font-family: &#39;times new roman&#39;, times, serif;&quot;&gt;&lt;span style=&quot;font-family: &#39;times new roman&#39;, times, serif;&quot;&gt;Strong troubleshooting skills&lt;/span&gt;&lt;/li&gt;
&lt;li style=&quot;font-family: &#39;times new roman&#39;, times, serif;&quot;&gt;&lt;span style=&quot;font-family: &#39;times new roman&#39;, times, serif;&quot;&gt;Excellent communication and documentation skills&lt;/span&gt;&lt;/li&gt;
&lt;li style=&quot;font-family: &#39;times new roman&#39;, times, serif;&quot;&gt;&lt;span style=&quot;font-family: &#39;times new roman&#39;, times, serif;&quot;&gt;Strong computer skills with programming and scripting experience, preferred&lt;/span&gt;&lt;/li&gt;
&lt;/ul&gt;
&lt;p&gt;&lt;span style=&quot;font-family: &#39;times new roman&#39;, times, serif;&quot;&gt;Salary Range- $180,000- $25&lt;/span&gt;&lt;span style=&quot;font-family: &#39;times new roman&#39;, times, serif;&quot;&gt;0,000&lt;/span&gt;&lt;/p&gt;
&lt;h3&gt;&lt;span style=&quot;font-family: &#39;times new roman&#39;, times, serif;&quot;&gt;More about Gatik&lt;/span&gt;&lt;/h3&gt;
&lt;p&gt;&lt;span style=&quot;font-family: &#39;times new roman&#39;, times, serif;&quot;&gt;Founded in 2017 by experts in autonomous vehicle technology, Gatik has rapidly expanded its presence to Mountain View, Dallas-Fort Worth, Arkansas, and Toronto. As the &lt;em&gt;first and only&lt;/em&gt; company to achieve fully driverless middle-mile commercial deliveries, Gatik holds a unique and defensible position in the AV industry, with a clear trajectory toward sustainable growth and profitability.&lt;/span&gt;&lt;/p&gt;
&lt;p&gt;&lt;span style=&quot;font-family: &#39;times new roman&#39;, times, serif;&quot;&gt;We have delivered complete, proprietary AV technology - an integration of software and hardware - to enable earlier successes for our clients in constrained Level 4 autonomy.&amp;nbsp; By choosing the middle mile – with defined point-to-point delivery, we have simplified some of the more complex AV challenges, enabling us to achieve full autonomy ahead of competitors. Given extensive knowledge of Gatik’s well-defined, fixed route ODDs and hybrid architecture, we are able to hyper-optimize our models with exponentially less data, establish gate-keeping mechanisms to maintain explainability, and ensure continued safety of the system for unmanned operations.&lt;/span&gt;&lt;/p&gt;
&lt;p&gt;&lt;span style=&quot;font-family: &#39;times new roman&#39;, times, serif;&quot;&gt;Visit us at &lt;a href=&quot;http://gatik.ai/&quot;&gt;Gatik&lt;/a&gt; for more company information and &lt;a href=&quot;https://gatik.ai/careers/&quot;&gt;Careers at Gatik&lt;/a&gt; for more open roles.&lt;/span&gt;&lt;/p&gt;
&lt;h3&gt;&lt;span style=&quot;font-family: &#39;times new roman&#39;, times, serif;&quot;&gt;Notable News&lt;/span&gt;&lt;/h3&gt;
&lt;ul&gt;
&lt;li style=&quot;font-family: &#39;times new roman&#39;, times, serif;&quot;&gt;&lt;span style=&quot;font-family: &#39;times new roman&#39;, times, serif;&quot;&gt;Bloomberg: &lt;span style=&quot;text-decoration: underline;&quot;&gt;&lt;a href=&quot;https://www.bloomberg.com/news/articles/2026-01-27/autonomous-trucking-firm-gatik-inks-contracts-worth-600-million&quot;&gt;Autonomous Trucking Firm Gatik Inks Contracts Worth $600 Million&lt;/a&gt;&lt;/span&gt;&lt;/span&gt;&lt;/li&gt;
&lt;li style=&quot;font-family: &#39;times new roman&#39;, times, serif;&quot;&gt;&lt;span style=&quot;font-family: &#39;times new roman&#39;, times, serif;&quot;&gt;Forbes: &lt;span style=&quot;text-decoration: underline;&quot;&gt;&lt;a href=&quot;https://www.forbes.com/sites/alanohnsman/2026/01/28/hundreds-of-gatik-robot-delivery-trucks-headed-for-us-roads/?utm_campaign=ForbesMainLI&amp;amp;utm_source=ForbesMainLinkedIn&amp;amp;utm_medium=social&quot;&gt;Hundreds’ Of Gatik Robot Delivery Trucks Headed For U.S. Roads&lt;/a&gt;&lt;/span&gt;&lt;/span&gt;&lt;/li&gt;
&lt;li style=&quot;font-family: &#39;times new roman&#39;, times, serif;&quot;&gt;&lt;span style=&quot;font-family: &#39;times new roman&#39;, times, serif;&quot;&gt;Forbes:&lt;a href=&quot;https://www.forbes.com/sites/richardbishop1/2025/09/23/gatik-and-loblaw-announce-largest-commercial-deployment-of-av-trucks/&quot;&gt;&lt;span style=&quot;text-decoration: underline;&quot;&gt;Gatik And Loblaw Announce Largest Commercial Deployment Of AV Trucks&lt;/span&gt;&lt;/a&gt;&lt;/span&gt;&lt;/li&gt;
&lt;li style=&quot;font-family: &#39;times new roman&#39;, times, serif;&quot;&gt;&lt;span style=&quot;font-family: &#39;times new roman&#39;, times, serif;&quot;&gt;Forbes:&amp;nbsp;&lt;a href=&quot;https://www.forbes.com/sites/alanohnsman/2023/09/05/forget-robotaxis-upstart-gatik-sees-middle-mile-deliveries-as-the-path-to-profitable-avs/?sh=52b7a7866e61&quot;&gt;Forget robotaxis. Upstart Gatik sees middle-mile deliveries as the path to profitable AVs&lt;/a&gt;&lt;/span&gt;&lt;/li&gt;
&lt;li style=&quot;font-family: &#39;times new roman&#39;, times, serif;&quot;&gt;&lt;span style=&quot;font-family: &#39;times new roman&#39;, times, serif;&quot;&gt;Tech Brew: &lt;a href=&quot;https://www.emergingtechbrew.com/stories/2024/09/06/gatik-ai-richard-steiner-regulations-av-industry&quot;&gt;Gatik AI exec unpacks the regulations that could shape the AV industry&lt;/a&gt;&lt;/span&gt;&lt;/li&gt;
&lt;li style=&quot;font-family: &#39;times new roman&#39;, times, serif;&quot;&gt;&lt;span style=&quot;font-family: &#39;times new roman&#39;, times, serif;&quot;&gt;Business Wire: &lt;a href=&quot;https://www.businesswire.com/news/home/20241008155613/en/Gatik-Paves-the-Way-for-Safe-Driverless-Operations-%E2%80%98Freight-Only%E2%80%99-at-Scale-with-Industry-First-Third-Party-Safety-Assessment-Framework&quot;&gt;Gatik Paves the Way for Safe Driverless Operations (‘Freight-Only’) at Scale with Industry-First Third-Party Safety Assessment Framework&lt;/a&gt;&lt;/span&gt;&lt;/li&gt;
&lt;li style=&quot;font-family: &#39;times new roman&#39;, times, serif;&quot;&gt;&lt;span style=&quot;font-family: &#39;times new roman&#39;, times, serif;&quot;&gt;Auto Futures: &lt;a href=&quot;https://www.autofutures.tv/news-features/autonomous-trucking-group-gatik-secures-investment-from-nippon-express-holdings/s/e125e5df-220b-42b6-b2df-754f54d602a9&quot;&gt;Autonomous Trucking Group Gatik Secures Investment From NIPPON EXPRESS HOLDINGS&lt;/a&gt;&lt;/span&gt;&lt;/li&gt;
&lt;li style=&quot;font-family: &#39;times new roman&#39;, times, serif;&quot;&gt;&lt;span style=&quot;font-family: &#39;times new roman&#39;, times, serif;&quot;&gt;Automotive News: &lt;a href=&quot;https://www.autonews.com/mobility-report/gatik-prepares-launch-self-driving-trucks-scale&quot;&gt;Gatik foresees hundreds of self-driving trucks on road soon, and that&#39;s just the beginning&lt;/a&gt;&lt;/span&gt;&lt;/li&gt;
&lt;li style=&quot;font-family: &#39;times new roman&#39;, times, serif;&quot;&gt;&lt;span style=&quot;font-family: &#39;times new roman&#39;, times, serif;&quot;&gt;Forbes: &lt;a href=&quot;https://www.forbes.com/sites/richardbishop1/2024/05/30/isuzu-and-gatik-go-all-in-to-scale-up-driverless-freight-services/&quot;&gt;Isuzu And Gatik Go All In To Scale Up Driverless Freight Services&lt;/a&gt;&lt;/span&gt;&lt;/li&gt;
&lt;li style=&quot;font-family: &#39;times new roman&#39;, times, serif;&quot;&gt;&lt;span style=&quot;font-family: &#39;times new roman&#39;, times, serif;&quot;&gt;Bloomberg: &lt;a href=&quot;https://www.bloomberg.com/news/newsletters/2024-05-24/autonomous-vehicle-startup-takes-off-by-picking-off-easier-routes&quot;&gt;Autonomous Vehicle Startup Takes Off by Picking Off Easier Routes&lt;/a&gt;&lt;/span&gt;&lt;/li&gt;
&lt;li style=&quot;font-family: &#39;times new roman&#39;, times, serif;&quot;&gt;&lt;span style=&quot;font-family: &#39;times new roman&#39;, times, serif;&quot;&gt;Reuters: &lt;a href=&quot;https://www.reuters.com/technology/driverless-vehicles-limited-routes-bump-along-despite-us-robotaxi-scrutiny-2023-12-13/&quot;&gt;Driverless vehicles on limited routes bump along despite US robotaxi scrutiny&lt;/a&gt;&lt;/span&gt;&lt;/li&gt;
&lt;/ul&gt;
&lt;h3&gt;&lt;span style=&quot;font-family: &#39;times new roman&#39;, times, serif;&quot;&gt;Taking care of our team&lt;/span&gt;&lt;/h3&gt;
&lt;p&gt;&lt;span style=&quot;font-family: &#39;times new roman&#39;, times, serif;&quot;&gt;At Gatik, we connect people of extraordinary talent and experience to an opportunity to create a more resilient supply chain and contribute to our environment’s sustainability. We are diverse in our backgrounds and perspectives yet united by a bold vision and shared commitment to our values. Our culture emphasizes the importance of collaboration, respect and agility.&lt;/span&gt;&lt;/p&gt;
&lt;p&gt;&lt;span style=&quot;font-family: &#39;times new roman&#39;, times, serif;&quot;&gt;We at Gatik strive to create a diverse and inclusive environment where everyone feels they have opportunities to succeed and grow because we know that together we can do great things. We are committed to an inclusive and diverse team. We do not discriminate based on race, color, ethnicity, ancestry, national origin, religion, sex, gender, gender identity, gender expression, sexual orientation, age, disability, veteran status, genetic information, marital status or any legally protected status.&lt;/span&gt;&lt;/p&gt;",US,"Santa Clara, CA",https://boards.greenhouse.io/gatikaiinc/jobs/4615948006?gh_jid=4615948006,"2025-11-05T17:17:18-05:00",Full Time,2026-09-01 15:11:44.538 +0700,16
995,greenhouse,Nuro,Head of Talent Acquisition,"&lt;h2 style=&quot;line-height: 1.2;&quot;&gt;&lt;strong&gt;Who We Are&lt;/strong&gt;&lt;/h2&gt;
&lt;p style=&quot;line-height: 1.2;&quot;&gt;Nuro is a self-driving technology company on a mission to make autonomy accessible to all. Founded in 2016, Nuro is building the world’s most scalable driver, combining cutting-edge AI with automotive-grade hardware. Nuro licenses its core technology, the Nuro Driver™, to support a wide range of applications, from robotaxis and commercial fleets to personally owned vehicles. With technology proven over years of self-driving deployments, Nuro gives the automakers and mobility platforms a clear path to AVs at commercial scale, empowering a safer, richer, and more connected future.&lt;/p&gt;
&lt;h2 style=&quot;line-height: 1.2;&quot;&gt;&lt;strong&gt;About the Team&lt;/strong&gt;&lt;/h2&gt;
&lt;p style=&quot;line-height: 1.2;&quot;&gt;The Talent Acquisition team is composed of Sourcing, Recruiting and Coordination, and serves as a strategic partner to all of Nuro’s functions, encompassing engineering and autonomy, as well as operations and business. We combine data-driven insights with deep market expertise to ensure Nuro continues to attract and hire exceptional talent. Our recruiters and sourcers are builders at heart, partnering closely with leadership and hiring teams to deliver a candidate experience that reflects Nuro’s mission and values.&lt;/p&gt;
&lt;h2 style=&quot;line-height: 1.2;&quot;&gt;&lt;strong&gt;About the Role&lt;/strong&gt;&lt;/h2&gt;
&lt;p style=&quot;line-height: 1.2;&quot;&gt;We’re seeking a Head of Talent Acquisition to lead and scale Nuro’s recruiting and sourcing organization through our next phase of growth and commercialization. This role will oversee both the recruiting teams and the dedicated sourcing team responsible for hiring across Nuro, including the technology, engineering, business, and operations functions.&lt;/p&gt;
&lt;p style=&quot;line-height: 1.2;&quot;&gt;You’ll partner closely with senior executives and functional VPs to design capacity-driven hiring plans, leverage data to guide staffing decisions, and ensure our recruiting teams have the strategy, systems, and infrastructure needed to execute with excellence. This leader will also drive key executive searches, serving as a hands-on partner to Nuro’s leadership team to attract world-class talent in AI, ML, autonomy, and robotics.&lt;/p&gt;
&lt;h2 style=&quot;line-height: 1.2;&quot;&gt;&lt;strong&gt;About the Work&lt;/strong&gt;&lt;/h2&gt;
&lt;ul&gt;
&lt;li&gt;Lead and scale Nuro’s recruiting and sourcing organization, managing managers and senior ICs across technical, business, and operations hiring.&lt;/li&gt;
&lt;li&gt;Partner with executives across Autonomy, Infrastructure, and Vehicle Engineering &amp;amp; Hardware to build data-driven hiring strategies and sourcing models that attract world-class AI, ML, robotics, and research engineering talent.&lt;/li&gt;
&lt;li&gt;Build and operationalize capacity models, pipeline analytics, and productivity metrics to optimize recruiter bandwidth, time to hire, and forecast hiring velocity.&lt;/li&gt;
&lt;li&gt;Drive and personally manage key executive and leadership searches, crafting compelling equity narratives and pre-IPO value propositions.&lt;/li&gt;
&lt;li&gt;Mentor, coach, and develop high-performing recruiting and sourcing teams, fostering a culture of urgency, accountability, and continuous improvement.&lt;/li&gt;
&lt;li&gt;Partner with People, Finance, and business leaders to align headcount plans, forecast capacity, and ensure execution against hiring goals.&lt;/li&gt;
&lt;li&gt;Maintain exceptional candidate experience and employer brand integrity across all touchpoints.&lt;/li&gt;
&lt;li&gt;Contribute to operational excellence by driving process innovation, recruiting enablement, and systems improvements.&lt;/li&gt;
&lt;/ul&gt;
&lt;h2 style=&quot;line-height: 1.2;&quot;&gt;&lt;strong&gt;About You&lt;/strong&gt;&lt;/h2&gt;
&lt;ul&gt;
&lt;li&gt;5+ years in a recruiting leadership role, experience leading recruiting and sourcing teams in high-growth technology environments.&lt;/li&gt;
&lt;li&gt;Experience managing managers and developing high-performing teams.&lt;/li&gt;
&lt;li&gt;Proven success hiring across complex technical and engineering functions; AI/ML or research engineering experience strongly preferred.&lt;/li&gt;
&lt;li&gt;Highly analytical, with expertise in building and interpreting recruiting dashboards, capacity models, and performance metrics to inform decisions.&lt;/li&gt;
&lt;li&gt;Strong executive presence and ability to partner effectively with senior leaders across the organization.&lt;/li&gt;
&lt;li&gt;Hands-on experience in leadership and executive recruiting, including crafting compelling equity and pre-IPO narratives.&lt;/li&gt;
&lt;li&gt;Exceptional communication skills and a data-driven, strategic mindset.&lt;/li&gt;
&lt;li&gt;Comfortable navigating startup-scale growth and balancing strategic planning with operational execution.&lt;/li&gt;
&lt;li&gt;Experience with ATS and HRIS systems, such as GreenHouse and WorkDay.&lt;/li&gt;
&lt;/ul&gt;
&lt;h2 style=&quot;line-height: 1.2;&quot;&gt;&lt;strong&gt;Bonus Points&lt;/strong&gt;&lt;/h2&gt;
&lt;ul&gt;
&lt;li&gt;Experience managing large-scale operations or volume hiring programs alongside technical recruiting.&lt;/li&gt;
&lt;li&gt;Previous experience leading recruiting for robotics, ML/AI, or deep-tech organizations.&lt;/li&gt;
&lt;li&gt;Demonstrated success in driving diversity and inclusion through recruiting programs and outreach initiatives.&lt;/li&gt;
&lt;/ul&gt;
&lt;p style=&quot;line-height: 1.2;&quot;&gt;&amp;nbsp;&lt;/p&gt;
&lt;p style=&quot;line-height: 1.2;&quot;&gt;&lt;span style=&quot;font-weight: 400;&quot;&gt;&lt;em&gt;At Nuro, your base pay is one part of your total compensation package. For this position, the reasonably expected pay range is between $176,400- $264,600/year for the level at which this job has been scoped. Your base pay will depend on several factors, including your experience, qualifications, education, location, and skills. In the event that you are considered for a different level, a higher or lower pay range would apply. This position is also eligible for an annual performance bonus, equity, and a competitive benefits package.&lt;/em&gt;&lt;/span&gt;&lt;/p&gt;
&lt;p style=&quot;line-height: 1.2;&quot;&gt;&lt;span style=&quot;font-weight: 400;&quot;&gt;&lt;em&gt;At Nuro, we celebrate differences and are committed to a diverse workplace that fosters inclusion and psychological safety for all employees. Nuro is proud to be an equal opportunity employer and expressly prohibits any form of workplace discrimination based on race, color, religion, gender, sexual orientation, gender identity or expression, national origin, age, genetic information, disability, veteran status, or any other legally protected characteristics.&lt;/em&gt;&lt;/span&gt;&lt;/p&gt;",US,"Mountain View, California (HQ)",https://nuro.ai/careersitem?gh_jid=7569799,"2026-01-29T12:29:58-05:00",Full Time,2026-09-01 15:11:44.538 +0700,17
689,greenhouse,Gatik,Autonomous Vehicle Test Driver,"&lt;h3&gt;&lt;span style=&quot;font-family: &#39;times new roman&#39;, times, serif;&quot;&gt;Who we are&lt;/span&gt;&lt;/h3&gt;
&lt;div&gt;
&lt;p style=&quot;text-align: justify;&quot;&gt;&lt;span style=&quot;font-family: &#39;times new roman&#39;, times, serif;&quot;&gt;Gatik, the leader in autonomous middle-mile logistics, is revolutionizing the B2B supply chain with its autonomous transportation-as-a-service (ATaaS) solution and prioritizing safe, consistent deliveries while streamlining freight movement by reducing congestion. The company focuses on short-haul, B2B logistics for Fortune 500 retailers and in 2021 launched the world’s first fully driverless commercial transportation service with Walmart. Gatik&#39;s Class 3-7 autonomous trucks are commercially deployed across major markets, including Texas, Arkansas, and Ontario, Canada, driving innovation in freight transportation.&amp;nbsp;&lt;/span&gt;&lt;/p&gt;
&lt;p style=&quot;text-align: justify;&quot;&gt;&lt;span style=&quot;font-family: &#39;times new roman&#39;, times, serif;&quot;&gt;The company&#39;s proprietary Level 4 autonomous technology, Gatik Carrier™, is custom-built to transport freight safely and efficiently between pick-up and drop-off locations on the middle mile. With robust capabilities in both highway and urban environments, Gatik Carrier™ serves as an all-encompassing solution that integrates advanced software and hardware powering the fleet, facilitating effortless integration into customers&#39; logistics operations.&amp;nbsp;&lt;/span&gt;&lt;/p&gt;
&lt;/div&gt;
&lt;h3&gt;&lt;span style=&quot;font-family: &#39;times new roman&#39;, times, serif;&quot;&gt;About the role&lt;/span&gt;&lt;/h3&gt;
&lt;p data-start=&quot;20&quot; data-end=&quot;285&quot;&gt;&lt;span style=&quot;font-family: &#39;times new roman&#39;, times, serif;&quot;&gt;Join &lt;span class=&quot;hover:entity-accent entity-underline inline cursor-pointer align-baseline&quot;&gt;&lt;span class=&quot;whitespace-normal&quot;&gt;Gatik&lt;/span&gt;&lt;/span&gt; in &lt;strong data-start=&quot;66&quot; data-end=&quot;81&quot;&gt;Denison, TX&lt;/strong&gt; and help support the future of autonomous trucking. In this role, you will operate CDL or box trucks while working alongside advanced vehicle technology that powers Gatik’s middle-mile logistics network.&lt;/span&gt;&lt;/p&gt;
&lt;p data-start=&quot;287&quot; data-end=&quot;453&quot; data-is-last-node=&quot;&quot; data-is-only-node=&quot;&quot;&gt;&lt;span style=&quot;font-family: &#39;times new roman&#39;, times, serif;&quot;&gt;We’re looking for experienced,&amp;nbsp;&lt;strong&gt;safety-focused drivers&lt;/strong&gt; who are comfortable with new technology and excited to be part of the next generation of freight transportation.&lt;/span&gt;&lt;/p&gt;
&lt;div class=&quot;css-1dhd1xm eu4oa1w0&quot;&gt;
&lt;div class=&quot;jd-appended-job-description&quot;&gt;
&lt;div class=&quot;jd-section-employer&quot;&gt;
&lt;div class=&quot;jd-description-text&quot;&gt;
&lt;p&gt;&lt;span style=&quot;font-family: &#39;times new roman&#39;, times, serif;&quot;&gt;&lt;strong&gt;What You’ll Do&lt;/strong&gt;&lt;/span&gt;&lt;/p&gt;
&lt;ul&gt;
&lt;li style=&quot;font-family: &#39;times new roman&#39;, times, serif;&quot;&gt;&lt;strong data-path-to-node=&quot;4,0,0&quot; data-index-in-node=&quot;0&quot;&gt;Drive &amp;amp; Test:&lt;/strong&gt; Safely operate &lt;strong&gt;26–30 ft box trucks&lt;/strong&gt;, monitor diagnostic screens, and execute test runs.&lt;/li&gt;
&lt;li style=&quot;font-family: &#39;times new roman&#39;, times, serif;&quot;&gt;&lt;strong data-path-to-node=&quot;4,1,0&quot; data-index-in-node=&quot;0&quot;&gt;Maintain Vehicle Standards:&lt;/strong&gt; Proactively manage vehicle upkeep, coordinate vendor repairs, and ensure no truck returns to service with unresolved defects.&lt;/li&gt;
&lt;li style=&quot;font-family: &#39;times new roman&#39;, times, serif;&quot;&gt;&lt;strong data-path-to-node=&quot;4,2,0&quot; data-index-in-node=&quot;0&quot;&gt;Rigorous DVIRs:&lt;/strong&gt; Complete accurate pre- and post-trip Driver Vehicle Inspection Reports (DVIRs) to catch and document issues before hit the road.&lt;/li&gt;
&lt;li style=&quot;font-family: &#39;times new roman&#39;, times, serif;&quot;&gt;&lt;strong data-path-to-node=&quot;4,3,0&quot; data-index-in-node=&quot;0&quot;&gt;Engineering Feedback:&lt;/strong&gt; Record software and hardware behavior clearly to help refine autonomous technology.&lt;/li&gt;
&lt;li style=&quot;font-family: &#39;times new roman&#39;, times, serif;&quot;&gt;&lt;strong data-path-to-node=&quot;4,4,0&quot; data-index-in-node=&quot;0&quot;&gt;Proactive Ownership:&lt;/strong&gt; Escalate risks early, follow through on maintenance requests, and take full responsibility for vehicle readiness.&lt;/li&gt;
&lt;/ul&gt;
&lt;p&gt;&lt;span style=&quot;font-family: &#39;times new roman&#39;, times, serif;&quot;&gt;&lt;strong&gt;What We’re Looking For&lt;/strong&gt;&lt;/span&gt;&lt;/p&gt;
&lt;ul&gt;
&lt;li style=&quot;font-family: &#39;times new roman&#39;, times, serif;&quot;&gt;&lt;strong&gt;Experience&lt;/strong&gt;: &lt;strong&gt;3+ years&lt;/strong&gt; of professional driving experience, including &lt;strong&gt;1+ year in 26–30 ft box trucks&lt;/strong&gt; (Required).&lt;/li&gt;
&lt;li style=&quot;font-family: &#39;times new roman&#39;, times, serif;&quot;&gt;&lt;strong&gt;Licensing:&lt;/strong&gt; Valid CDL and clean Motor Vehicle Record (Required).&lt;/li&gt;
&lt;li style=&quot;font-family: &#39;times new roman&#39;, times, serif;&quot;&gt;&lt;strong&gt;Safety &amp;amp; Ownership Mindset:&lt;/strong&gt; Commitment to prioritizing safety and fleet integrity over speed.&lt;/li&gt;
&lt;li style=&quot;font-family: &#39;times new roman&#39;, times, serif;&quot;&gt;&lt;strong&gt;Tech Proficiency:&lt;/strong&gt; Comfortable with Samsara ELD, timecard tools, Slack, email, and diagnostic apps.&lt;/li&gt;
&lt;li style=&quot;font-family: &#39;times new roman&#39;, times, serif;&quot;&gt;&lt;strong&gt;Communication&lt;/strong&gt;: Clear report writing, precise DVIR record-keeping, and strong vendor communication skills.&lt;/li&gt;
&lt;li style=&quot;font-family: &#39;times new roman&#39;, times, serif;&quot;&gt;&lt;strong&gt;Physical Ability:&lt;/strong&gt; Able to mount/dismount trucks using three points of contact and react quickly in tight seating spaces.&lt;/li&gt;
&lt;li style=&quot;font-family: &#39;times new roman&#39;, times, serif;&quot;&gt;&lt;strong&gt;Requirements:&lt;/strong&gt; Variable/rotating shift availability; must pass background check and drug screening; open to working through agency partners.&lt;/li&gt;
&lt;/ul&gt;
&lt;p&gt;&lt;span style=&quot;font-family: &#39;times new roman&#39;, times, serif;&quot;&gt;&lt;strong&gt;Why You’ll Love Working With Us&lt;/strong&gt;&lt;/span&gt;&lt;/p&gt;
&lt;ul&gt;
&lt;li style=&quot;font-family: &#39;times new roman&#39;, times, serif;&quot;&gt;&lt;span style=&quot;font-family: &#39;times new roman&#39;, times, serif;&quot;&gt;Local routes — home daily&lt;/span&gt;&lt;/li&gt;
&lt;li style=&quot;font-family: &#39;times new roman&#39;, times, serif;&quot;&gt;&lt;span style=&quot;font-family: &#39;times new roman&#39;, times, serif;&quot;&gt;Weekly pay&lt;/span&gt;&lt;/li&gt;
&lt;li style=&quot;font-family: &#39;times new roman&#39;, times, serif;&quot;&gt;&lt;span style=&quot;font-family: &#39;times new roman&#39;, times, serif;&quot;&gt;Competitive wages&lt;/span&gt;&lt;/li&gt;
&lt;li style=&quot;font-family: &#39;times new roman&#39;, times, serif;&quot;&gt;&lt;span style=&quot;font-family: &#39;times new roman&#39;, times, serif;&quot;&gt;Solid benefits package&lt;/span&gt;&lt;/li&gt;
&lt;li style=&quot;font-family: &#39;times new roman&#39;, times, serif;&quot;&gt;&lt;span style=&quot;font-family: &#39;times new roman&#39;, times, serif;&quot;&gt;Unlimited opportunities for growth&lt;/span&gt;&lt;/li&gt;
&lt;li style=&quot;font-family: &#39;times new roman&#39;, times, serif;&quot;&gt;Drive at the forefront of autonomous trucking.&lt;/li&gt;
&lt;/ul&gt;
&lt;/div&gt;
&lt;/div&gt;
&lt;/div&gt;
&lt;/div&gt;
&lt;div class=&quot;css-1dhd1xm eu4oa1w0&quot;&gt;
&lt;div class=&quot;jd-appended-job-description&quot;&gt;
&lt;div class=&quot;jd-section-job-work-location&quot;&gt;
&lt;p data-start=&quot;0&quot; data-end=&quot;48&quot;&gt;&lt;span style=&quot;font-family: &#39;times new roman&#39;, times, serif;&quot;&gt;&lt;strong data-start=&quot;0&quot; data-end=&quot;48&quot;&gt;Interested in Shaping the Future of Freight?&lt;/strong&gt;&lt;/span&gt;&lt;/p&gt;
&lt;p data-start=&quot;50&quot; data-end=&quot;247&quot;&gt;&lt;span style=&quot;font-family: &#39;times new roman&#39;, times, serif;&quot;&gt;Apply today and bring your driving expertise to the world of autonomous technology. &lt;span class=&quot;hover:entity-accent entity-underline inline cursor-pointer align-baseline&quot;&gt;&lt;span class=&quot;whitespace-normal&quot;&gt;Gatik&lt;/span&gt;&lt;/span&gt; is growing rapidly, and this is an opportunity to grow your career with us.&lt;/span&gt;&lt;/p&gt;
&lt;p data-start=&quot;249&quot; data-end=&quot;301&quot;&gt;&lt;span style=&quot;font-family: &#39;times new roman&#39;, times, serif;&quot;&gt;&lt;strong data-start=&quot;249&quot; data-end=&quot;262&quot;&gt;Job Type:&lt;/strong&gt; Full-time&lt;/span&gt;&lt;br data-start=&quot;272&quot; data-end=&quot;275&quot;&gt;&lt;span style=&quot;font-family: &#39;times new roman&#39;, times, serif;&quot;&gt;&lt;strong data-start=&quot;275&quot; data-end=&quot;283&quot;&gt;Pay:&lt;/strong&gt; $27.00 - $31.00 per hour&lt;/span&gt;&lt;/p&gt;
&lt;h3&gt;&lt;span style=&quot;font-family: &#39;times new roman&#39;, times, serif;&quot;&gt;More about Gatik&lt;/span&gt;&lt;/h3&gt;
&lt;p&gt;&lt;span style=&quot;font-family: &#39;times new roman&#39;, times, serif;&quot;&gt;Founded in 2017 by experts in autonomous vehicle technology, Gatik has rapidly expanded its presence to Mountain View, Dallas-Fort Worth, Arkansas, and Toronto. As the &lt;em&gt;first and only&lt;/em&gt; company to achieve fully driverless middle-mile commercial deliveries, Gatik holds a unique and defensible position in the AV industry, with a clear trajectory toward sustainable growth and profitability.&lt;/span&gt;&lt;/p&gt;
&lt;p&gt;&lt;span style=&quot;font-family: &#39;times new roman&#39;, times, serif;&quot;&gt;We have delivered complete, proprietary AV technology - an integration of software and hardware - to enable earlier successes for our clients in constrained Level 4 autonomy.&amp;nbsp; By choosing the middle mile – with defined point-to-point delivery, we have simplified some of the more complex AV challenges, enabling us to achieve full autonomy ahead of competitors. Given extensive knowledge of Gatik’s well-defined, fixed route ODDs and hybrid architecture, we are able to hyper-optimize our models with exponentially less data, establish gate-keeping mechanisms to maintain explainability, and ensure continued safety of the system for unmanned operations.&lt;/span&gt;&lt;/p&gt;
&lt;p&gt;&lt;span style=&quot;font-family: &#39;times new roman&#39;, times, serif;&quot;&gt;Visit us at &lt;span style=&quot;text-decoration: underline;&quot;&gt;&lt;a href=&quot;http://gatik.ai/&quot;&gt;Gatik&lt;/a&gt;&lt;/span&gt; for more company information and &lt;span style=&quot;text-decoration: underline;&quot;&gt;&lt;a href=&quot;https://gatik.ai/careers/&quot;&gt;Careers at Gatik&lt;/a&gt;&lt;/span&gt; for more open roles.&lt;/span&gt;&lt;/p&gt;
&lt;h3&gt;&lt;span style=&quot;font-family: &#39;times new roman&#39;, times, serif;&quot;&gt;Notable News&lt;/span&gt;&lt;/h3&gt;
&lt;ul&gt;
&lt;li style=&quot;font-family: &#39;times new roman&#39;, times, serif;&quot;&gt;&lt;span style=&quot;font-family: &#39;times new roman&#39;, times, serif;&quot;&gt;Bloomberg: &lt;span style=&quot;text-decoration: underline;&quot;&gt;&lt;a href=&quot;https://www.bloomberg.com/news/articles/2026-01-27/autonomous-trucking-firm-gatik-inks-contracts-worth-600-million&quot;&gt;Autonomous Trucking Firm Gatik Inks Contracts Worth $600 Million&lt;/a&gt;&lt;/span&gt;&lt;/span&gt;&lt;/li&gt;
&lt;li style=&quot;font-family: &#39;times new roman&#39;, times, serif;&quot;&gt;&lt;span style=&quot;font-family: &#39;times new roman&#39;, times, serif;&quot;&gt;Forbes: &lt;span style=&quot;text-decoration: underline;&quot;&gt;&lt;a href=&quot;https://www.forbes.com/sites/alanohnsman/2026/01/28/hundreds-of-gatik-robot-delivery-trucks-headed-for-us-roads/?utm_campaign=ForbesMainLI&amp;amp;utm_source=ForbesMainLinkedIn&amp;amp;utm_medium=social&quot;&gt;Hundreds’ Of Gatik Robot Delivery Trucks Headed For U.S. Roads&lt;/a&gt;&lt;/span&gt;&lt;/span&gt;&lt;/li&gt;
&lt;li style=&quot;font-family: &#39;times new roman&#39;, times, serif;&quot;&gt;&lt;span style=&quot;font-family: &#39;times new roman&#39;, times, serif;&quot;&gt;Forbes:&lt;a href=&quot;https://www.forbes.com/sites/richardbishop1/2025/09/23/gatik-and-loblaw-announce-largest-commercial-deployment-of-av-trucks/&quot;&gt;&lt;span style=&quot;text-decoration: underline;&quot;&gt;Gatik And Loblaw Announce Largest Commercial Deployment Of AV Trucks&lt;/span&gt;&lt;/a&gt;&lt;/span&gt;&lt;/li&gt;
&lt;li style=&quot;font-family: &#39;times new roman&#39;, times, serif;&quot;&gt;&lt;span style=&quot;font-family: &#39;times new roman&#39;, times, serif;&quot;&gt;Forbes:&amp;nbsp;&lt;span style=&quot;text-decoration: underline;&quot;&gt;&lt;a href=&quot;https://www.forbes.com/sites/alanohnsman/2023/09/05/forget-robotaxis-upstart-gatik-sees-middle-mile-deliveries-as-the-path-to-profitable-avs/?sh=52b7a7866e61&quot;&gt;Forget robotaxis. Upstart Gatik sees middle-mile deliveries as the path to profitable AVs&lt;/a&gt;&lt;/span&gt;&lt;/span&gt;&lt;/li&gt;
&lt;li style=&quot;font-family: &#39;times new roman&#39;, times, serif;&quot;&gt;&lt;span style=&quot;font-family: &#39;times new roman&#39;, times, serif;&quot;&gt;Tech Brew: &lt;span style=&quot;text-decoration: underline;&quot;&gt;&lt;a href=&quot;https://www.emergingtechbrew.com/stories/2024/09/06/gatik-ai-richard-steiner-regulations-av-industry&quot;&gt;Gatik AI exec unpacks the regulations that could shape the AV industry&lt;/a&gt;&lt;/span&gt;&lt;/span&gt;&lt;/li&gt;
&lt;li style=&quot;font-family: &#39;times new roman&#39;, times, serif;&quot;&gt;&lt;span style=&quot;font-family: &#39;times new roman&#39;, times, serif;&quot;&gt;Business Wire: &lt;span style=&quot;text-decoration: underline;&quot;&gt;&lt;a href=&quot;https://www.businesswire.com/news/home/20241008155613/en/Gatik-Paves-the-Way-for-Safe-Driverless-Operations-%E2%80%98Freight-Only%E2%80%99-at-Scale-with-Industry-First-Third-Party-Safety-Assessment-Framework&quot;&gt;Gatik Paves the Way for Safe Driverless Operations (‘Freight-Only’) at Scale with Industry-First Third-Party Safety Assessment Framework&lt;/a&gt;&lt;/span&gt;&lt;/span&gt;&lt;/li&gt;
&lt;li style=&quot;font-family: &#39;times new roman&#39;, times, serif;&quot;&gt;&lt;span style=&quot;font-family: &#39;times new roman&#39;, times, serif;&quot;&gt;Auto Futures: &lt;span style=&quot;text-decoration: underline;&quot;&gt;&lt;a href=&quot;https://www.autofutures.tv/news-features/autonomous-trucking-group-gatik-secures-investment-from-nippon-express-holdings/s/e125e5df-220b-42b6-b2df-754f54d602a9&quot;&gt;Autonomous Trucking Group Gatik Secures Investment From NIPPON EXPRESS HOLDINGS&lt;/a&gt;&lt;/span&gt;&lt;/span&gt;&lt;/li&gt;
&lt;li style=&quot;font-family: &#39;times new roman&#39;, times, serif;&quot;&gt;&lt;span style=&quot;font-family: &#39;times new roman&#39;, times, serif;&quot;&gt;Automotive News: &lt;span style=&quot;text-decoration: underline;&quot;&gt;&lt;a href=&quot;https://www.autonews.com/mobility-report/gatik-prepares-launch-self-driving-trucks-scale&quot;&gt;Gatik foresees hundreds of self-driving trucks on road soon, and that&#39;s just the beginning&lt;/a&gt;&lt;/span&gt;&lt;/span&gt;&lt;/li&gt;
&lt;li style=&quot;font-family: &#39;times new roman&#39;, times, serif;&quot;&gt;&lt;span style=&quot;font-family: &#39;times new roman&#39;, times, serif;&quot;&gt;Forbes: &lt;span style=&quot;text-decoration: underline;&quot;&gt;&lt;a href=&quot;https://www.forbes.com/sites/richardbishop1/2024/05/30/isuzu-and-gatik-go-all-in-to-scale-up-driverless-freight-services/&quot;&gt;Isuzu And Gatik Go All In To Scale Up Driverless Freight Services&lt;/a&gt;&lt;/span&gt;&lt;/span&gt;&lt;/li&gt;
&lt;li style=&quot;font-family: &#39;times new roman&#39;, times, serif;&quot;&gt;&lt;span style=&quot;font-family: &#39;times new roman&#39;, times, serif;&quot;&gt;Bloomberg: &lt;span style=&quot;text-decoration: underline;&quot;&gt;&lt;a href=&quot;https://www.bloomberg.com/news/newsletters/2024-05-24/autonomous-vehicle-startup-takes-off-by-picking-off-easier-routes&quot;&gt;Autonomous Vehicle Startup Takes Off by Picking Off Easier Routes&lt;/a&gt;&lt;/span&gt;&lt;/span&gt;&lt;/li&gt;
&lt;li style=&quot;font-family: &#39;times new roman&#39;, times, serif;&quot;&gt;&lt;span style=&quot;font-family: &#39;times new roman&#39;, times, serif;&quot;&gt;Reuters: &lt;span style=&quot;text-decoration: underline;&quot;&gt;&lt;a href=&quot;https://www.reuters.com/technology/driverless-vehicles-limited-routes-bump-along-despite-us-robotaxi-scrutiny-2023-12-13/&quot;&gt;Driverless vehicles on limited routes bump along despite US robotaxi scrutiny&lt;/a&gt;&lt;/span&gt;&lt;/span&gt;&lt;/li&gt;
&lt;/ul&gt;
&lt;h3&gt;&lt;span style=&quot;font-family: &#39;times new roman&#39;, times, serif;&quot;&gt;Taking care of our team&lt;/span&gt;&lt;/h3&gt;
&lt;p style=&quot;text-align: justify;&quot;&gt;&lt;span style=&quot;font-family: &#39;times new roman&#39;, times, serif;&quot;&gt;At Gatik, we connect people of extraordinary talent and experience to an opportunity to create a more resilient supply chain and contribute to our environment’s sustainability. We are diverse in our backgrounds and perspectives yet united by a bold vision and shared commitment to our values. Our culture emphasizes the importance of collaboration, respect and agility.&lt;/span&gt;&lt;/p&gt;
&lt;p style=&quot;text-align: justify;&quot;&gt;&lt;span style=&quot;font-family: &#39;times new roman&#39;, times, serif;&quot;&gt;We at Gatik strive to create a diverse and inclusive environment where everyone feels they have opportunities to succeed and grow because we know that together we can do great things. We are committed to an inclusive and diverse team. We do not discriminate based on race, color, ethnicity, ancestry, national origin, religion, sex, gender, gender identity, gender expression, sexual orientation, age, disability, veteran status, genetic information, marital status or any legally protected status.&lt;/span&gt;&lt;/p&gt;
&lt;/div&gt;
&lt;/div&gt;
&lt;/div&gt;
&lt;h3&gt;&amp;nbsp;&lt;/h3&gt;",US,"Denison, TX",https://boards.greenhouse.io/gatikaiinc/jobs/4448530006?gh_jid=4448530006,"2025-02-21T17:30:29-05:00",Full Time,2026-09-01 15:11:44.538 +0700,18
975,greenhouse,Nuro,"Senior Software Engineer, Behavior Planning","&lt;p&gt;&lt;strong&gt;Who We Are&amp;nbsp;&lt;/strong&gt;&lt;/p&gt;
&lt;p&gt;Nuro believes self-driving vehicles are the most immediate and profound opportunity for AI to drive positive change in the physical world. Safer streets, more time for what matters, and easier access to the world around us, that’s why we’re building a universal autonomy platform: self-driving for all roads and all rides.&lt;br&gt;&lt;br&gt;Founded in 2016, Nuro is a physical AI company developing Level 4 autonomous driving technology for a wide range of vehicles, use cases, and markets. Powered by the Nuro Driver™, our universal autonomy platform enables the global mobility ecosystem to deploy autonomy at scale, from robotaxis and logistics fleets to personal vehicles.&lt;br&gt;With years of real-world deployment experience and a flexible, partner-led business model, Nuro is working toward a future where millions of autonomous vehicles powered by our technology help make everyday life safer, easier, and more connected.&lt;br&gt;&lt;br&gt;Nuro has raised over $2B in capital from Uber, NVIDIA, Google, Softbank, Fidelity, T. Rowe Price, and other leading investors.&lt;/p&gt;
&lt;p&gt;&lt;strong&gt;About the Role&lt;br&gt;&lt;br&gt;&lt;/strong&gt;The behavior team at Nuro develops the Nuro Driver’s prediction and planning systems to enable safe, driverless autonomy. We are looking for strong software engineers to research, develop, and implement technologies for Nuro’s planning stack to empower all rides on all roads.&lt;br&gt;This encompasses building a generalizable and scalable ML planner that can power L4 driving for robotaxi applications as well as serve as an L2 solution for the largest auto manufacturers in the world. Operating domains of the Nuro Driver™ vary from structured surface streets and highways to more unstructured areas such as parking lot driving, parking and multi-point turns in busy traffic situations.&lt;br&gt;You’ll be developing state-of-the-art algorithms to enable the Nuro Driver to safely and reliably plan and navigate complex situations in a human-like manner. You will work on intelligent strategies on how to leverage diverse data to have the biggest impact in our learned behavior stack. If you want to implement cutting-edge robotics and machine learning technologies in a collaborative environment with immediate impact, come and join us!&lt;/p&gt;
&lt;p&gt;&lt;strong&gt;About the Work&lt;br&gt;&lt;/strong&gt;&lt;/p&gt;
&lt;ul&gt;
&lt;li&gt;Design and implement novel robotics and machine learning technologies for the Nuro Driver.&lt;/li&gt;
&lt;li&gt;Work cross-functionally with engineers across behavior, perception, mapping, and ML research to advance the state-of-the-art in autonomous driving.&lt;/li&gt;
&lt;li&gt;Implement practical solutions with production-ready software, to deploy new technologies on real vehicle platforms in a safe, performant, and scalable way.&lt;/li&gt;
&lt;li&gt;Provide technical guidance and mentorship to junior members of the behavior team&lt;/li&gt;
&lt;/ul&gt;
&lt;p&gt;&lt;strong&gt;About You&lt;br&gt;&lt;/strong&gt;&lt;/p&gt;
&lt;ul&gt;
&lt;li&gt;PhD or Masters Degree in robotics, computer science, mechanical/aerospace engineering, electrical engineering, mathematics, or related field.&lt;/li&gt;
&lt;li&gt;Robotics expertise in areas such as path planning, motion planning, trajectory generation, behavior planning, optimal control.&lt;/li&gt;
&lt;li&gt;Machine learning experience with techniques such as deep learning, reinforcement learning, imitation learning, transformers, and diffusion models.&lt;/li&gt;
&lt;li&gt;Experience in optimizing model performance through efficient processing, visualization, and analysis of large datasets.&lt;/li&gt;
&lt;li&gt;Strong software development skills and Python/C++ coding proficiency.&lt;/li&gt;
&lt;li&gt;Ability to collaborate within and across teams and derive best solutions from cross-functional interactions.&lt;/li&gt;
&lt;li&gt;Desire to work at the edge of research and development, bringing algorithms from research into production.&lt;/li&gt;
&lt;li&gt;Bonus: hands-on experience developing software for safety-critical systems, distributed training, or inference optimization.&lt;/li&gt;
&lt;/ul&gt;
&lt;p&gt;&amp;nbsp;&lt;/p&gt;
&lt;p&gt;&lt;em&gt;&lt;span style=&quot;font-weight: 400;&quot;&gt;At Nuro, we celebrate differences and are committed to a diverse workplace that fosters inclusion and psychological safety for all employees. Nuro is proud to be an equal opportunity employer and expressly prohibits any form of workplace discrimination based on race, color, religion, gender, sexual orientation, gender identity or expression, national origin, age, genetic information, disability, veteran status, or any other legally protected characteristics.&amp;nbsp;&lt;br&gt;&lt;br&gt;At Nuro, your base pay is one part of your total compensation package. For this position, the reasonably expected pay range is between $193,930 and $291,150/year for the level at which this job has been scoped. Your base pay will depend on several factors, including your experience, qualifications, education, location, and skills. In the event that you are considered for a different level, a higher or lower pay range would apply. This position is also eligible for an annual performance bonus, equity, and a competitive benefits package.&lt;br&gt;&lt;/span&gt;&lt;/em&gt;&lt;/p&gt;",US,"Mountain View, California (HQ)",https://nuro.ai/careersitem?gh_jid=6953540,"2025-06-05T12:55:11-04:00",Full Time,2026-09-01 15:11:44.538 +0700,19
514,greenhouse,Avride,Senior Frontend Engineer – Engineering Productivity Systems,"&lt;h2&gt;About the team&lt;/h2&gt;
&lt;p&gt;Our team is responsible for building the internal systems for the whole engineering team. Our goal is to help engineers navigate across all produced data, investigate problems, and create ad hoc analytics. Our services are used daily across the company: by QA engineers verifying component-level quality, by autonomy engineers investigating unexpected behavior, by ML teams validating new model versions, by safety analysts and data scientists who analyze thousands of scenarios and metrics to assess system readiness, and by release engineers who test our products on public roads.&lt;/p&gt;
&lt;h2&gt;About the role&lt;/h2&gt;
&lt;p&gt;We’re looking for a&amp;nbsp;&lt;strong&gt;Senior Frontend Engineer&lt;/strong&gt;&amp;nbsp;to help us push the boundaries of what web interfaces can do. You’ll be responsible for developing several projects. For example, we have the Simulator as a service. This service helps engineers to reproduce scenarios from real-world rides and calculate metrics. You will build tools to help with mining scenarios, organize them, track simulations, and collect metrics. Another example is the fleet-tracking service. It handles our cars’ and robots’ locations, their building progress, installed equipment, and configuring autopilot to work properly according to the setup. You will develop a system that allows us to safely update the hardware and software setup of our production fleet.&lt;/p&gt;
&lt;h2&gt;&lt;strong&gt;What You&#39;ll Do&lt;/strong&gt;&lt;/h2&gt;
&lt;ul&gt;
&lt;li&gt;Architecting and implementing React/Typescript applications for different purposes.&lt;/li&gt;
&lt;li&gt;Collaborating with simulation engineers, the analytics team, and operations teams to ensure robust integration and shape APIs and flows for reliability under edge conditions.&lt;/li&gt;
&lt;li&gt;Ship fast, iterate often, and deliver responsive, intuitive tools that boost our engineers’ productivity.&lt;/li&gt;
&lt;/ul&gt;
&lt;h2&gt;What you&#39;ll need&lt;/h2&gt;
&lt;ul&gt;
&lt;li&gt;3+ years of experience developing in production environments.&lt;/li&gt;
&lt;li&gt;Strong React and TypeScript skills — proven track record building fast, maintainable apps.&lt;/li&gt;
&lt;li&gt;UI intuition&amp;nbsp;— you care about interface design and performance, and you know how to debug slow or janky UIs.&lt;/li&gt;
&lt;li&gt;System thinking&amp;nbsp;— you know how frontend fits into the bigger picture, and you write code that holds up under load.&lt;/li&gt;
&lt;/ul&gt;
&lt;h2&gt;Nice to have&lt;/h2&gt;
&lt;ul&gt;
&lt;li&gt;Familiarity with telemetry, maps, or robotics/vehicle systems&lt;/li&gt;
&lt;li&gt;Basic Python or Go skills for debugging backend issues&lt;/li&gt;
&lt;/ul&gt;
&lt;p&gt;#LI-MS1&lt;/p&gt;
&lt;p&gt;&amp;nbsp;&lt;/p&gt;&lt;div class=&quot;content-conclusion&quot;&gt;&lt;p&gt;&lt;em class=&quot;italic-text&quot;&gt;Candidates are required to be authorized to work in the U.S. The employer is not offering relocation, sponsorship, and remote work options are not available.&lt;/em&gt;&lt;/p&gt;
&lt;p&gt;&lt;em class=&quot;italic-text&quot;&gt;Avride is an equal opportunity employer and committed to providing reasonable accommodations to qualified applicants and employees with disabilities to ensure they have equal access to employment opportunities. Avride complies with the Americans with Disabilities Act (ADA), if you need a reasonable accommodation to assist with the application or hiring process, or to perform the essential functions of a job, please email &lt;a href=&quot;mailto:jobs@avride.ai&quot; target=&quot;_blank&quot;&gt;jobs@avride.ai&lt;/a&gt;.&lt;/em&gt;&lt;/p&gt;&lt;/div&gt;",RU,"Austin, Texas",https://job-boards.greenhouse.io/avride/jobs/4300720009,"2026-06-29T11:05:03-04:00",Full Time,2026-09-01 15:11:44.538 +0700,20
830,greenhouse,Latitude AI (Ford),Senior Software Engineer - High Level OS ,"&lt;p&gt;&lt;span style=&quot;font-weight: 300; font-family: arial, helvetica, sans-serif;&quot;&gt;&lt;span style=&quot;font-weight: 400;&quot;&gt;Latitude AI (&lt;/span&gt;&lt;a href=&quot;https://lat.ai/&quot;&gt;&lt;span style=&quot;font-weight: 400;&quot;&gt;lat.ai&lt;/span&gt;&lt;/a&gt;&lt;span style=&quot;font-weight: 400;&quot;&gt;) develops automated driving technologies, including L3, for Ford vehicles at scale. We’re driven by the opportunity to reimagine what it’s like to drive and make travel safer, less stressful, and more enjoyable for everyone. &lt;/span&gt;&amp;nbsp;&lt;/span&gt;&lt;/p&gt;
&lt;p&gt;&lt;span style=&quot;font-family: arial, helvetica, sans-serif;&quot;&gt;&lt;span style=&quot;font-weight: 300;&quot;&gt;When you join the Latitude team, you’ll work alongside leading experts across machine learning and robotics, cloud platforms, mapping, sensors and compute systems, test operations, systems and safety engineering – &lt;/span&gt;&lt;strong&gt;&lt;em&gt;all dedicated to making a real, positive impact on the driving experience for millions of people.&amp;nbsp;&lt;/em&gt;&lt;/strong&gt;&lt;/span&gt;&lt;/p&gt;
&lt;p&gt;&lt;span style=&quot;font-weight: 300; font-family: arial, helvetica, sans-serif;&quot;&gt;As a Ford Motor Company subsidiary, we operate independently to develop automated driving technology at the speed of a technology startup. Latitude is headquartered in Pittsburgh with engineering centers in Dearborn, Mich., and Palo Alto, Calif.&lt;/span&gt;&lt;/p&gt;
&lt;p&gt;&lt;span style=&quot;font-family: arial, helvetica, sans-serif;&quot;&gt;&lt;strong&gt;Meet the team:&lt;/strong&gt;&lt;/span&gt;&lt;/p&gt;
&lt;p&gt;The Onboard Platform - High Level OS team is an embedded software team which is responsible for managing OS bring-up and maintenance including but not limited to bootloader, kernel/device tree, rootfs, runtime configs, firmware/secure-world interfaces, and secure boot for onboard/secondary systems.&lt;/p&gt;
&lt;p&gt;&lt;span style=&quot;font-family: arial, helvetica, sans-serif;&quot;&gt;&lt;strong&gt;What you’ll do:&amp;nbsp;&lt;/strong&gt;&lt;/span&gt;&lt;/p&gt;
&lt;ul&gt;
&lt;li&gt;Produce, test, and maintain Board Support Packages for a variety of platforms&amp;nbsp;&lt;/li&gt;
&lt;li&gt;Develop a custom bootchain for the platform&lt;/li&gt;
&lt;li&gt;Develop and maintain the custom Linux OS running on our ADAS platforms&lt;/li&gt;
&lt;li&gt;Implement secure boot mechanisms&amp;nbsp;&lt;/li&gt;
&lt;li&gt;Implement recovery boot workflows&lt;/li&gt;
&lt;li&gt;Manage CVEs throughout the lifecycle of the platform&lt;/li&gt;
&lt;li&gt;Configure IPC mechanisms to enable communication between Real-Time and Application domains&lt;/li&gt;
&lt;li&gt;Work closely with a multidisciplinary team of hardware, software and system engineers to ensure the success of our product&lt;/li&gt;
&lt;/ul&gt;
&lt;p&gt;&lt;span style=&quot;font-family: arial, helvetica, sans-serif;&quot;&gt;&lt;strong&gt;What you&#39;ll need to succeed:&lt;/strong&gt;&lt;/span&gt;&lt;/p&gt;
&lt;ul&gt;
&lt;li&gt;Bachelor&#39;s degree in Computer Engineering, Computer Science, Electrical Engineering, Robotics or a related field and 4+ years of relevant experience (or Master&#39;s degree and 2+ years of relevant experience, or PhD)&lt;/li&gt;
&lt;li&gt;Experience with Yocto/OpenEmbedded, buildroot, or similar Linux packaging technologies&lt;/li&gt;
&lt;li&gt;Experience developing Linux device drivers for Ethernet, GPU, PCIE or flash devices like UFS, eMMC, OSPI&lt;/li&gt;
&lt;li&gt;Bootloader experience, including but not limited to U-Boot or UEFI.&amp;nbsp;&lt;/li&gt;
&lt;li&gt;Experience with Secure Boot, DMVerity, FSCrypt, and other production-security technologies&lt;/li&gt;
&lt;li&gt;Strong experience developing embedded applications and systems using C++&lt;/li&gt;
&lt;li&gt;Track record of technical leadership in automotive or related fields taking products to production&lt;/li&gt;
&lt;li&gt;Strong communication, organizational, and soft leadership skills&lt;/li&gt;
&lt;/ul&gt;
&lt;p&gt;&lt;span style=&quot;font-family: arial, helvetica, sans-serif;&quot;&gt;&lt;strong&gt;Nice to have:&lt;/strong&gt;&lt;span style=&quot;font-weight: 300;&quot;&gt;&amp;nbsp;&lt;/span&gt;&lt;/span&gt;&lt;/p&gt;
&lt;ul&gt;
&lt;li&gt;5+ years of experience designing and developing system-level or embedded-level software in software-heavy projects&lt;/li&gt;
&lt;li&gt;Experience with OPTEE Trusted Applications, and Arm Trusted Firmware&lt;/li&gt;
&lt;li&gt;Experience in working with Multi-Processor/Heterogeneous SoC Platforms&lt;/li&gt;
&lt;li&gt;Experience using the gtest framework for unit test development&lt;/li&gt;
&lt;li&gt;Development and support of software tools and infrastructure that improve developer experience&lt;/li&gt;
&lt;li&gt;Expertise in Linux-based software development and related technologies including Python, Bazel, and Docker&lt;/li&gt;
&lt;/ul&gt;
&lt;p&gt;&lt;span style=&quot;font-family: arial, helvetica, sans-serif;&quot;&gt;&lt;strong&gt;What we offer you:&lt;/strong&gt;&lt;/span&gt;&lt;/p&gt;
&lt;ul&gt;
&lt;li style=&quot;font-weight: 300;&quot;&gt;&lt;span style=&quot;font-weight: 300; font-family: arial, helvetica, sans-serif;&quot;&gt;Competitive compensation packages&lt;/span&gt;&lt;/li&gt;
&lt;li style=&quot;font-weight: 300;&quot;&gt;&lt;span style=&quot;font-weight: 300; font-family: arial, helvetica, sans-serif;&quot;&gt;High-quality individual and family medical, dental, and vision insurance&lt;/span&gt;&lt;/li&gt;
&lt;li style=&quot;font-weight: 300;&quot;&gt;&lt;span style=&quot;font-weight: 300; font-family: arial, helvetica, sans-serif;&quot;&gt;Health savings account with available employer match&lt;/span&gt;&lt;/li&gt;
&lt;li style=&quot;font-weight: 300;&quot;&gt;&lt;span style=&quot;font-weight: 300; font-family: arial, helvetica, sans-serif;&quot;&gt;Employer-matched 401(k) retirement plan with immediate vesting&lt;/span&gt;&lt;/li&gt;
&lt;li style=&quot;font-weight: 300;&quot;&gt;&lt;span style=&quot;font-weight: 300; font-family: arial, helvetica, sans-serif;&quot;&gt;Employer-paid group term life insurance and the option to elect voluntary life insurance&lt;/span&gt;&lt;/li&gt;
&lt;li style=&quot;font-weight: 300;&quot;&gt;&lt;span style=&quot;font-weight: 300; font-family: arial, helvetica, sans-serif;&quot;&gt;Paid parental leave&lt;/span&gt;&lt;/li&gt;
&lt;li style=&quot;font-weight: 300;&quot;&gt;&lt;span style=&quot;font-weight: 300; font-family: arial, helvetica, sans-serif;&quot;&gt;Paid medical leave&lt;/span&gt;&lt;/li&gt;
&lt;li style=&quot;font-weight: 300;&quot;&gt;&lt;span style=&quot;font-weight: 300; font-family: arial, helvetica, sans-serif;&quot;&gt;Unlimited vacation&lt;/span&gt;&lt;/li&gt;
&lt;li style=&quot;font-weight: 300;&quot;&gt;&lt;span style=&quot;font-weight: 300; font-family: arial, helvetica, sans-serif;&quot;&gt;15 paid holidays&lt;/span&gt;&lt;/li&gt;
&lt;li&gt;Daily lunches, snacks, and beverages available in all office locations&lt;/li&gt;
&lt;li style=&quot;font-weight: 300;&quot;&gt;&lt;span style=&quot;font-weight: 300; font-family: arial, helvetica, sans-serif;&quot;&gt;Pre-tax spending accounts for healthcare and dependent care expenses&lt;/span&gt;&lt;/li&gt;
&lt;li style=&quot;font-weight: 300;&quot;&gt;&lt;span style=&quot;font-weight: 300; font-family: arial, helvetica, sans-serif;&quot;&gt;Pre-tax commuter benefits&lt;/span&gt;&lt;/li&gt;
&lt;li style=&quot;font-weight: 300;&quot;&gt;&lt;span style=&quot;font-weight: 300; font-family: arial, helvetica, sans-serif;&quot;&gt;Monthly wellness stipend&lt;/span&gt;&lt;/li&gt;
&lt;li style=&quot;font-weight: 300;&quot;&gt;&lt;span style=&quot;font-weight: 300; font-family: arial, helvetica, sans-serif;&quot;&gt;Adoption/Surrogacy support program&lt;/span&gt;&lt;/li&gt;
&lt;li style=&quot;font-weight: 300;&quot;&gt;&lt;span style=&quot;font-weight: 300; font-family: arial, helvetica, sans-serif;&quot;&gt;Backup child and elder care program&lt;/span&gt;&lt;/li&gt;
&lt;li style=&quot;font-weight: 300;&quot;&gt;&lt;span style=&quot;font-weight: 300; font-family: arial, helvetica, sans-serif;&quot;&gt;Professional development reimbursement&lt;/span&gt;&lt;/li&gt;
&lt;li style=&quot;font-weight: 300;&quot;&gt;&lt;span style=&quot;font-weight: 300; font-family: arial, helvetica, sans-serif;&quot;&gt;Employee assistance program&lt;/span&gt;&lt;/li&gt;
&lt;li style=&quot;font-weight: 300;&quot;&gt;&lt;span style=&quot;font-weight: 300; font-family: arial, helvetica, sans-serif;&quot;&gt;Discounted programs that include legal services, identity theft protection, pet insurance, and more&lt;/span&gt;&lt;/li&gt;
&lt;li style=&quot;font-weight: 300;&quot;&gt;&lt;span style=&quot;font-weight: 300; font-family: arial, helvetica, sans-serif;&quot;&gt;Company and team bonding outlets: employee resource groups, quarterly team activity stipend, and wellness initiatives&lt;/span&gt;&lt;/li&gt;
&lt;/ul&gt;
&lt;p&gt;&lt;span style=&quot;font-weight: 300; font-family: arial, helvetica, sans-serif;&quot;&gt;&lt;span style=&quot;font-weight: 400;&quot;&gt;Learn more about Latitude’s team, mission and career opportunities at &lt;/span&gt;&lt;a href=&quot;https://lat.ai/&quot;&gt;&lt;span style=&quot;font-weight: 400;&quot;&gt;lat.ai&lt;/span&gt;&lt;/a&gt;&lt;span style=&quot;font-weight: 400;&quot;&gt;!&lt;/span&gt;&lt;/span&gt;&lt;/p&gt;
&lt;p&gt;&lt;span style=&quot;font-weight: 300; font-family: arial, helvetica, sans-serif;&quot;&gt;&lt;span style=&quot;font-weight: 400;&quot;&gt;The expected base salary range for this full-time position in California is $179,200 - $268,800 USD. Actual starting pay will be based on job-related factors, including exact work location, experience, relevant training and education, and skill level. Latitude employees are also eligible to participate in Latitude’s annual bonus programs, equity compensation, and generous Company benefits program, subject to eligibility requirements.&lt;/span&gt;&lt;/span&gt;&lt;/p&gt;
&lt;p&gt;Candidates for positions with Latitude AI must be legally authorized to work in the United States on a permanent basis. Verification of employment eligibility will be required at the time of hire. Visa sponsorship is available for this position.&lt;/p&gt;
&lt;p&gt;We are an Equal Opportunity Employer committed to a culturally diverse workforce. All qualified applicants will receive consideration for employment without regard to race, religion, color, age, sex, national origin, sexual orientation, gender identity, disability status or protected veteran status.&lt;/p&gt;
&lt;h6&gt;&amp;nbsp;&lt;span style=&quot;color: rgb(255, 255, 255);&quot;&gt;#LI-CG1&lt;/span&gt;&lt;/h6&gt;",US,"Pittsburgh, PA, Palo Alto, CA, Detroit, MI",https://job-boards.greenhouse.io/latitude/jobs/8119482,"2026-08-17T10:12:12-04:00",Full Time,2026-09-01 15:11:44.538 +0700,21
1167,greenhouse,Vay,"Senior Software Engineer, Connectivity, C++","&lt;div class=&quot;content-intro&quot;&gt;&lt;p&gt;Ever imagined saying, “I helped launch the future of transportation”?&lt;/p&gt;
&lt;p&gt;We’re rewriting the rules of urban mobility. At Vay, customers tap a button and a car arrives - with no one inside - powered by our world-first Remote Driving technology on real public streets.&lt;/p&gt;
&lt;p&gt;We’re live in Las Vegas and scaling fast, powered by a strategic investment of up to $410 million from &lt;a href=&quot;https://www.grab.com/sg/&quot;&gt;Grab&lt;/a&gt;. Our mission is simple: replace private car ownership with a faster, cleaner, door-to-door mobility model. If you want to build something real, visible, and genuinely transformative, you’ll feel right at home here.&lt;/p&gt;
&lt;p&gt;&lt;strong&gt;Curious to experience Vay yourself? Use the code &lt;em data-start=&quot;289&quot; data-end=&quot;303&quot;&gt;VAYCANDIDATE&lt;/em&gt; for $10 off your first trip in Las Vegas! Download the &quot;Vay&quot; app from the Apple or Google Play store &amp;amp; off you go!&amp;nbsp;&lt;/strong&gt;&lt;/p&gt;
&lt;h4&gt;&lt;strong&gt;What’s happening at Vay&lt;/strong&gt;&lt;/h4&gt;
&lt;ul&gt;
&lt;li&gt;First to roll out vehicles in both Europe and the USA on public roads without a human being inside &amp;amp; currently the 2nd largest commercial, driverless car fleet in the Western World.&lt;/li&gt;
&lt;li&gt;We&#39;ve partnered with &lt;a href=&quot;https://kodiak.ai/&quot;&gt;Kodiak&lt;/a&gt; to bring remote-driving technology to autonomous trucks in the US, showcasing our ability to integrate our system into heavy-duty commercial vehicles and expand the applications of our tech across the US.&lt;/li&gt;
&lt;li&gt;We’ve completed 10’s of thousands of trips so far and are busy multiplying our Las Vegas fleet just to meet demand!&lt;/li&gt;
&lt;li&gt;&lt;strong&gt;...And soon we’ll be expanding across the US &amp;amp; Europe 🚀&lt;/strong&gt;&lt;/li&gt;
&lt;/ul&gt;&lt;/div&gt;&lt;h4&gt;&lt;em&gt;&lt;strong&gt;Why this role is exciting&lt;/strong&gt;&lt;/em&gt;&lt;/h4&gt;
&lt;p data-start=&quot;1056&quot; data-end=&quot;1563&quot;&gt;&lt;strong data-start=&quot;1056&quot; data-end=&quot;1195&quot;&gt;As a Senior Software Engineer, Connectivity at Vay, you’ll help build and optimize the networking backbone that makes remote driving possible.&lt;/strong&gt; Our Connectivity team owns the low-latency real-time video streaming and data transport systems that connect our vehicles with our telestations across cellular and satellite networks. This is a hands-on engineering role where performance, reliability, and safety matter every day, and where your work will directly shape the quality of the remote driving experience.&lt;/p&gt;
&lt;p data-start=&quot;1565&quot; data-end=&quot;1789&quot;&gt;You’ll work on a latency-sensitive distributed system, test your solutions on state-of-the-art hardware, and use real production data to investigate incidents, improve performance, and keep pushing our network stack forward.&lt;/p&gt;
&lt;h4&gt;&lt;em&gt;&lt;strong&gt;What you&#39;ll be driving&lt;/strong&gt;&lt;/em&gt;&lt;/h4&gt;
&lt;ul&gt;
&lt;li&gt;Develop, optimize, and maintain high-performance network stack used to transport data (video, audio, control, telemetry) between the vehicle and the telestation with a strong emphasis on clarity, maintainability, and efficiency.&lt;/li&gt;
&lt;li&gt;Integrate the Vay network stack into various target hardware and software platforms.&lt;/li&gt;
&lt;li&gt;Extend and maintain network testbeds and CI infrastructure.&lt;/li&gt;
&lt;li&gt;Profile and optimize the performance of the system.&lt;/li&gt;
&lt;li&gt;Triage incidents from the production system and create fixes/improvements.&lt;/li&gt;
&lt;/ul&gt;
&lt;h4&gt;&lt;strong&gt;&lt;em&gt;What are we looking for&lt;/em&gt;&lt;/strong&gt;&lt;/h4&gt;
&lt;ul&gt;
&lt;li&gt;Strong proficiency in modern C++ (C++17 or later), with a focus on high-performance, multi-threaded applications.&lt;/li&gt;
&lt;li&gt;Experience working in Linux-based environments.&lt;/li&gt;
&lt;li&gt;Solid understanding of networking fundamentals and protocols (TCP, UDP).&lt;/li&gt;
&lt;li&gt;Ability to analyze and optimize systems.&lt;/li&gt;
&lt;li&gt;Strong problem-solving skills and a research-oriented mindset.&lt;/li&gt;
&lt;li&gt;Experience working on distributed systems.&lt;/li&gt;
&lt;li&gt;Good interpersonal and communication (oral and written) skills&lt;/li&gt;
&lt;/ul&gt;
&lt;p&gt;Nice to have:&lt;/p&gt;
&lt;ul&gt;
&lt;li&gt;Understanding of networking and wireless technologies, including LTE/5G, WiFi, Starlink, and experience with tools like Wireshark for traffic analysis.&lt;/li&gt;
&lt;li&gt;Hands-on experience with streaming protocols, such as RTP/RTCP/RTMP/SRT, and media frameworks, such as GStreamer, FFmpeg, or DirectShow.&lt;/li&gt;
&lt;li&gt;Familiarity with congestion control algorithms and network simulation environments.&lt;/li&gt;
&lt;li&gt;Experience with building and deployment (e.g. CMake, Docker, Yocto), and scripting languages such as Python or Lua.&lt;/li&gt;
&lt;li&gt;Experience in real-time or embedded systems development, with knowledge of modem configuration via AT commands.&lt;/li&gt;
&lt;li&gt;Background in performance analysis and debugging, using tools like perf, perfetto; and graphical UIs like ImGui.&lt;/li&gt;
&lt;/ul&gt;
&lt;h4&gt;&lt;strong&gt;&lt;em&gt;Why choose Vay&lt;/em&gt;&lt;/strong&gt;&lt;/h4&gt;
&lt;p&gt;💪 A global team of smart, motivated people from 30+ countries who love tackling hard problems and turning bold ideas into reality&lt;/p&gt;
&lt;p&gt;🌍 Huge scope for impact in a fast paced environment&lt;/p&gt;
&lt;p&gt;💰 ESOP stock options: A stake in Vay’s future - not just a salary&lt;/p&gt;
&lt;p&gt;🌴 Unlimited Paid Vacation Days&lt;/p&gt;
&lt;p&gt;🎫 Subsidised Deutschland ticket (Berlin)&lt;/p&gt;
&lt;p&gt;🏋️‍♂️ Subsidised Urban Sports Club or FitX Membership&amp;nbsp;&lt;/p&gt;
&lt;p&gt;🚗 All Vay team members receive 30% off their Vay rides&lt;/p&gt;
&lt;p&gt;🛍️ Exclusive external discounts&lt;/p&gt;
&lt;p&gt;💼 €350 Home Office Set-up&amp;nbsp;&lt;/p&gt;
&lt;p&gt;✈️ Relocation financial assistance when relocating to Berlin&amp;nbsp;&lt;/p&gt;
&lt;p&gt;📚 Fully funded German Lessons&amp;nbsp;&lt;/p&gt;
&lt;p&gt;🎊 Regular team events throughout the year&lt;/p&gt;
&lt;p class=&quot;p1&quot;&gt;&amp;nbsp;&lt;/p&gt;&lt;div class=&quot;content-conclusion&quot;&gt;&lt;p class=&quot;p1&quot;&gt;For more information on Vay’s physical demands, working environments and safety requirements, you can review this&amp;nbsp;&lt;a href=&quot;https://docs.google.com/document/d/1swEohclBwsOgx37G4NHE2szYCA6avS_aQX_WSJ7Ih8k/edit?tab=t.0#heading=h.6dlrur2mwcd9&quot;&gt;link&lt;/a&gt;. We’ll also cover anything specific to this role during the first interview.&lt;/p&gt;
&lt;p class=&quot;p1&quot;&gt;We’d love to stay connected for future opportunities, so feel free to include your LinkedIn profile when you apply.&lt;/p&gt;
&lt;p class=&quot;p1&quot;&gt;We welcome applications from all backgrounds and experiences. If you’re excited about shaping something truly groundbreaking, we’d be happy to hear from you.&lt;/p&gt;
&lt;h4 class=&quot;job-modal__content-heading&quot;&gt;&amp;nbsp;&lt;/h4&gt;&lt;/div&gt;",DE,"Berlin, Germany (Hybrid)",https://job-boards.eu.greenhouse.io/vay/jobs/4850390101,"2026-05-08T07:16:35-04:00",Full Time,2026-09-01 15:11:44.538 +0700,22
1459,greenhouse,Waymo,Silicon Emulation Engineer,"&lt;div class=&quot;content-intro&quot;&gt;&lt;p&gt;Waymo is an autonomous driving technology company with the mission to be the world&#39;s most trusted driver. Since its start as the Google Self-Driving Car Project in 2009, Waymo has focused on building the Waymo Driver—The World&#39;s Most Experienced Driver™—to improve access to mobility while saving thousands of lives now lost to traffic crashes. The Waymo Driver powers Waymo’s fully autonomous ride-hail service and can also be applied to a range of vehicle platforms and product use cases. The Waymo Driver has provided over ten million rider-only trips, enabled by its experience autonomously driving over 100 million miles on public roads and tens of billions in simulation across 15+ U.S. states.&lt;/p&gt;&lt;/div&gt;&lt;p data-pm-slice=&quot;1 1 []&quot;&gt;&lt;em&gt;&lt;span data-sheets-root=&quot;1&quot;&gt;Waymo&#39;s Compute Team is tasked with a critical and exciting mission: We deliver the compute platform responsible for running the fully autonomous vehicle’s software stack. To achieve our mission, we architect and create high-performance custom silicon; we develop system-level compute architectures that push the boundaries of performance, power, and latency; and we collaborate closely with many other teammates to ensure we design and optimize hardware and software for maximum performance. We are a multidisciplinary team seeking curious and talented teammates to work on one of the world’s highest performance automotive compute platforms. &lt;/span&gt;&lt;/em&gt;&lt;/p&gt;
&lt;p data-pm-slice=&quot;1 1 []&quot;&gt;&lt;em&gt;This role follows a hybrid work schedule and you will report to a Silicon Engineering Lead.&lt;/em&gt;&lt;/p&gt;
&lt;p&gt;&lt;strong&gt;You will:&lt;/strong&gt;&lt;/p&gt;
&lt;ul&gt;
&lt;li&gt;Collaborate with the Design, Verification, and Software teams to simulate future silicon designs and software on an emulation platform, targeting functional and performance validation and left-shift of software development&lt;/li&gt;
&lt;li&gt;Design, implement, and optimize emulation testbenches, balancing performance and debug capabilities based on user needs and hardware constraints&lt;/li&gt;
&lt;li&gt;Write end-to-end synthesizable transactors to interact with emulated designs through software APIs and C-DPI&lt;/li&gt;
&lt;li&gt;Triage and root-cause failures alongside emulation users, leveraging waveforms, software logging, and custom-built emulation monitors&lt;/li&gt;
&lt;li&gt;Assist with post-silicon bring-up, debug, and characterization&lt;/li&gt;
&lt;li&gt;Build infrastructure to support the emulation user base, including tools for model build, regression, automation, continuous integration, data analysis, and training&lt;/li&gt;
&lt;/ul&gt;
&lt;p&gt;&lt;strong&gt;You have:&lt;/strong&gt;&lt;/p&gt;
&lt;ul&gt;
&lt;li&gt;BS degree in Computer Science / Electrical Engineering or related field and 5 years of silicon development experience.&lt;/li&gt;
&lt;li&gt;Experience with at least one major hardware emulation platform (Palladium, Zebu, Veloce, Protium, HAPS).&lt;/li&gt;
&lt;li&gt;High level of proficiency with one or more of the following emulation approaches: virtual prototyping, testbench acceleration, hybrid emulation, in-circuit emulation (speed bridge), QEMU, or VirtualBox&lt;/li&gt;
&lt;li&gt;Experience with SystemVerilog and design verification methodologies&lt;/li&gt;
&lt;li&gt;Programming and scripting (C++, Python, or TCL) for automation, test development, debug flows, and release process.&lt;/li&gt;
&lt;li&gt;Strong debug and problem-solving ability across hardware and software&lt;/li&gt;
&lt;/ul&gt;
&lt;p&gt;&lt;strong&gt;We prefer:&lt;/strong&gt;&lt;/p&gt;
&lt;ul&gt;
&lt;li&gt;Experience with AXI/AMBA, PCIe, DRAM, and Ethernet interfaces&lt;/li&gt;
&lt;li&gt;Performance and power analysis techniques&lt;/li&gt;
&lt;li&gt;Experience with JTAG, DFT, UART, SPI, GPIO and other test/low-speed interfaces&lt;/li&gt;
&lt;li&gt;Knowledge of advanced design verification methods (coverage, gate-level simulation, assertions, and UVM).&lt;/li&gt;
&lt;li&gt;Post-silicon debug software (e.g. Trace32, OpenOCD, TARMAC) and lab bench tools (analyzers, scopes, meters)&lt;/li&gt;
&lt;li&gt;Understanding of bare metal programming, embedded systems, Linux internals, operating systems, boot loaders, drivers, and firmware&lt;/li&gt;
&lt;/ul&gt;
&lt;p&gt;&amp;nbsp;&lt;/p&gt;&lt;div class=&quot;content-pay-transparency&quot;&gt;&lt;div class=&quot;pay-input&quot;&gt;&lt;div class=&quot;description&quot;&gt;&lt;p&gt;&lt;span style=&quot;font-weight: 400;&quot;&gt;The expected base salary range for this full-time position across US locations is listed below. Actual starting pay will be based on job-related factors, including exact work location, experience, relevant training and education, and skill level. Your recruiter can share more about the specific salary range for the role location or, if the role can be performed remote, the specific salary range for your preferred location, during the hiring process.&amp;nbsp;&lt;/span&gt;&lt;/p&gt;
&lt;p&gt;&lt;span style=&quot;font-weight: 400;&quot;&gt;Waymo employees are also eligible to participate in Waymo’s discretionary annual bonus program, equity incentive plan, and generous Company benefits program, subject to eligibility requirements.&amp;nbsp;&lt;/span&gt;&lt;/p&gt;&lt;/div&gt;&lt;div class=&quot;title&quot;&gt;Salary Range&lt;/div&gt;&lt;div class=&quot;pay-range&quot;&gt;&lt;span&gt;$175,000&lt;/span&gt;&lt;span class=&quot;divider&quot;&gt;&amp;mdash;&lt;/span&gt;&lt;span&gt;$215,000 USD&lt;/span&gt;&lt;/div&gt;&lt;/div&gt;&lt;/div&gt;",US,"Mountain View, CA, USA",https://careers.withwaymo.com/jobs?gh_jid=8004234,"2026-06-15T15:52:03-04:00",Full Time,2026-09-01 15:11:44.538 +0700,23
835,greenhouse,Latitude AI (Ford),Senior Embedded Software Engineer (C++) - Hardware Safety ,"&lt;p&gt;&lt;span style=&quot;font-weight: 300; font-family: arial, helvetica, sans-serif;&quot;&gt;&lt;span style=&quot;font-weight: 400;&quot;&gt;Latitude AI (&lt;/span&gt;&lt;a href=&quot;https://lat.ai/&quot;&gt;&lt;span style=&quot;font-weight: 400;&quot;&gt;lat.ai&lt;/span&gt;&lt;/a&gt;&lt;span style=&quot;font-weight: 400;&quot;&gt;) develops automated driving technologies, including L3, for Ford vehicles at scale. We’re driven by the opportunity to reimagine what it’s like to drive and make travel safer, less stressful, and more enjoyable for everyone. &lt;/span&gt;&amp;nbsp;&lt;/span&gt;&lt;/p&gt;
&lt;p&gt;&lt;span style=&quot;font-family: arial, helvetica, sans-serif;&quot;&gt;&lt;span style=&quot;font-weight: 300;&quot;&gt;When you join the Latitude team, you’ll work alongside leading experts across machine learning and robotics, cloud platforms, mapping, sensors and compute systems, test operations, systems and safety engineering – &lt;/span&gt;&lt;strong&gt;&lt;em&gt;all dedicated to making a real, positive impact on the driving experience for millions of people.&amp;nbsp;&lt;/em&gt;&lt;/strong&gt;&lt;/span&gt;&lt;/p&gt;
&lt;p&gt;&lt;span style=&quot;font-weight: 300; font-family: arial, helvetica, sans-serif;&quot;&gt;As a Ford Motor Company subsidiary, we operate independently to develop automated driving technology at the speed of a technology startup. Latitude is headquartered in Pittsburgh with engineering centers in Dearborn, Mich., and Palo Alto, Calif.&lt;/span&gt;&lt;/p&gt;
&lt;p&gt;&lt;span style=&quot;font-family: arial, helvetica, sans-serif;&quot;&gt;&lt;strong&gt;Meet the team:&lt;/strong&gt;&lt;/span&gt;&lt;/p&gt;
&lt;p&gt;The Embedded Software team develops foundational platform software critical to development across the company. The Hardware Safety &amp;amp; Power Systems group specializes in the real-time firmware that orchestrates safe system behavior during fault conditions, power transitions, and thermal events.&lt;/p&gt;
&lt;p&gt;We develop FreeRTOS and SafeRTOS-based drivers, state machines, and diagnostic frameworks for power management, thermal monitoring, voltage supervision, and hardware watchdog systems on TDA4 (Jacinto 7) embedded targets. Projects often require deep collaboration with hardware teams (PMIC vendors, SoC architects), safety engineers (ISO 26262 compliance), and system integration teams across the company.&lt;/p&gt;
&lt;p&gt;&lt;span style=&quot;font-family: arial, helvetica, sans-serif;&quot;&gt;&lt;strong&gt;What you’ll do:&amp;nbsp;&lt;/strong&gt;&lt;/span&gt;&lt;/p&gt;
&lt;ul&gt;
&lt;li&gt;&lt;strong&gt;Own the end-to-end architecture&lt;/strong&gt; of hardware safety and power management systems: design safe-state strategies, power sequencing across multiple cores and PMICs, thermal throttling, and watchdog orchestration. Your designs must meet ASIL-B/C safety goals&lt;/li&gt;
&lt;li&gt;&lt;strong&gt;Implement low-level drivers and firmware&lt;/strong&gt; for safety-critical integrated circuits (PMIC, voltage supervisor, thermal monitor) directly from datasheets and the TDA4 Functional Safety Manual. These drivers run on bare metal and FreeRTOS; they must be bug-free and testable&lt;/li&gt;
&lt;li&gt;&lt;strong&gt;Lead the development of hardware-software safety diagnostic frameworks&lt;/strong&gt; — integrate TI Safety Diagnostic Library (LBIST, PBIST, ECC, DCC, ESM) into the firmware; ensure diagnostic coverage maps to ISO 26262 hardware fault metrics; mentor engineers on coverage traceability&lt;/li&gt;
&lt;li&gt;&lt;strong&gt;Consistently perform deep-dive code reviews&lt;/strong&gt; across all hardware safety modules. Ensure PRs are simple, bug-free, and adhere to unified architectural vision (clean driver interfaces, consistent error handling, testable design patterns). Root out assumptions that could lead to latent ASIL-rated failures&lt;/li&gt;
&lt;li&gt;&lt;strong&gt;Serve as the SME for hardware-firmware-safety interfaces.&lt;/strong&gt; Navigate ambiguity in hardware requirements (PMIC sequencing, watchdog timing, thermal limits, voltage thresholds). Mediate disagreements in technical approach through evidence-based influence and clear understanding of safety constraints&lt;/li&gt;
&lt;li&gt;&lt;strong&gt;Mentor engineers on embedded safety patterns&lt;/strong&gt; — code review discipline, hardware driver architecture, RTOS integration, ISO 26262 traceability, and functional safety reasoning. Build capability across the team&lt;/li&gt;
&lt;/ul&gt;
&lt;p&gt;&lt;span style=&quot;font-family: arial, helvetica, sans-serif;&quot;&gt;&lt;strong&gt;What you&#39;ll need to succeed:&lt;/strong&gt;&lt;/span&gt;&lt;/p&gt;
&lt;ul&gt;
&lt;li&gt;&lt;strong&gt;Bachelor&#39;s degree in Computer Engineering, Computer Science, Electrical Engineering, Robotics or a related field and 4+ years of relevant experience (or Master&#39;s degree and 2+ years of relevant experience, or PhD)&lt;/strong&gt;&lt;/li&gt;
&lt;li&gt;&lt;strong&gt;Experience in embedded C/C++&lt;/strong&gt; with deep understanding of advanced language features, design paradigms, and embedded constraints (no exceptions, no RTTI, careful memory management). Proven ability to design clean abstractions and interface-based code for testability&lt;/li&gt;
&lt;li&gt;&lt;strong&gt;Proven expertise in ARM-based SoC architectures&lt;/strong&gt;, specifically ARM Cortex-R5F: memory-mapped I/O, interrupt controllers (VIM), MPU configuration, cache behavior, and memory barriers. Experience debugging at the register level using datasheets&lt;/li&gt;
&lt;li&gt;&lt;strong&gt;Direct experience configuring MPUs and hardware-level firewalls&lt;/strong&gt; to enforce spatial and temporal isolation in multi-core, safety-critical environments&lt;/li&gt;
&lt;li&gt;&lt;strong&gt;Experience building or significantly refactoring Hardware Abstraction Layers (HAL)&lt;/strong&gt; to support multiple hardware targets, RTOS environments, or variant configurations. Understands the role of HAL in isolating driver complexity and enabling testing&lt;/li&gt;
&lt;li&gt;&lt;strong&gt;Ability to root-cause complex system failures&lt;/strong&gt; — power sequencing hangs, missed watchdog feeds, thermal throttle race conditions, interrupt latency issues — involving shared memory, RTOS task scheduling, and hardware peripherals without supervision&lt;/li&gt;
&lt;li&gt;&lt;strong&gt;Ability to see potential pitfalls in low-level designs&lt;/strong&gt; (e.g., power rail ordering dependencies, watchdog timeout misconfiguration, voltage threshold hysteresis). Can express designs in sufficient detail (state diagrams, timing requirements, register-level sequences) for rapid, correct implementation&lt;/li&gt;
&lt;li&gt;&lt;strong&gt;Expert-level use of embedded debugging tools&lt;/strong&gt; (JTAG, on-target debugging, logic analyzers) to verify low-level hardware-software interactions and timing-critical behavior&lt;/li&gt;
&lt;li&gt;&lt;strong&gt;Deep understanding of Real-Time Operating Systems&lt;/strong&gt; — FreeRTOS and/or SafeRTOS: task lifecycle, inter-task synchronization, interrupt handling, timing constraints, and periodic task patterns. Comfortable reasoning about task preemption, priority inversion, and stack requirements&lt;/li&gt;
&lt;li&gt;&lt;strong&gt;Direct experience developing drivers for safety-critical integrated circuits&lt;/strong&gt; (PMIC, voltage supervisor, thermal sensor, or equivalent) from datasheet: SPI/I2C protocol implementation, register-level configuration, fault handling, and diagnostic integration&lt;/li&gt;
&lt;li&gt;&lt;strong&gt;Foundational knowledge of ISO 26262 ASIL-B/C functional safety concepts&lt;/strong&gt; — safe-state strategies, diagnostic coverage, hardware/software fault tolerance allocation, and traceability. Ability to map code behavior to safety requirements without constant guidance&lt;/li&gt;
&lt;/ul&gt;
&lt;p&gt;&lt;span style=&quot;font-family: arial, helvetica, sans-serif;&quot;&gt;&lt;strong&gt;Nice to have:&lt;/strong&gt;&lt;span style=&quot;font-weight: 300;&quot;&gt;&amp;nbsp;&lt;/span&gt;&lt;/span&gt;&lt;/p&gt;
&lt;ul&gt;
&lt;li&gt;&lt;strong&gt;Direct experience with TDA4 / J784S4 (Jacinto 7) or other TI automotive SoCs&lt;/strong&gt; — familiarity with TI PSDK, SDL (Safety Diagnostic Library), register maps, and peripheral architecture significantly accelerates ramp-up&lt;/li&gt;
&lt;li&gt;&lt;strong&gt;Expertise in Linux-based embedded software development&lt;/strong&gt; including gtests, Python scripting, Bazel build system, and Docker containerization for embedded CI/CD&lt;/li&gt;
&lt;li&gt;&lt;strong&gt;Prior involvement in ISO 26262 functional safety audits or certification&lt;/strong&gt; — experience with Jama requirements traceability, FMEA/HARA, and safety case argumentation&lt;/li&gt;
&lt;li&gt;&lt;strong&gt;Experience with hardware diagnostic frameworks&lt;/strong&gt; — LBIST (Logic BIST), PBIST (Programmable BIST), ECC integration, or other ISO 26262 diagnostic mechanisms&lt;/li&gt;
&lt;li&gt;&lt;strong&gt;Proficiency with advanced embedded debugging tools&lt;/strong&gt; — Tracealyzer for RTOS visualization, logic analyzers for protocol decoding, or in-circuit emulators&lt;/li&gt;
&lt;li&gt;&lt;strong&gt;Prior automotive or safety-critical domain experience&lt;/strong&gt; — body control, powertrain, medical devices, industrial control, or aerospace/defense&lt;/li&gt;
&lt;/ul&gt;
&lt;p&gt;&lt;span style=&quot;font-family: arial, helvetica, sans-serif;&quot;&gt;&lt;strong&gt;What we offer you:&lt;/strong&gt;&lt;/span&gt;&lt;/p&gt;
&lt;ul&gt;
&lt;li style=&quot;font-weight: 300;&quot;&gt;&lt;span style=&quot;font-weight: 300; font-family: arial, helvetica, sans-serif;&quot;&gt;Competitive compensation packages&lt;/span&gt;&lt;/li&gt;
&lt;li style=&quot;font-weight: 300;&quot;&gt;&lt;span style=&quot;font-weight: 300; font-family: arial, helvetica, sans-serif;&quot;&gt;High-quality individual and family medical, dental, and vision insurance&lt;/span&gt;&lt;/li&gt;
&lt;li style=&quot;font-weight: 300;&quot;&gt;&lt;span style=&quot;font-weight: 300; font-family: arial, helvetica, sans-serif;&quot;&gt;Health savings account with available employer match&lt;/span&gt;&lt;/li&gt;
&lt;li style=&quot;font-weight: 300;&quot;&gt;&lt;span style=&quot;font-weight: 300; font-family: arial, helvetica, sans-serif;&quot;&gt;Employer-matched 401(k) retirement plan with immediate vesting&lt;/span&gt;&lt;/li&gt;
&lt;li style=&quot;font-weight: 300;&quot;&gt;&lt;span style=&quot;font-weight: 300; font-family: arial, helvetica, sans-serif;&quot;&gt;Employer-paid group term life insurance and the option to elect voluntary life insurance&lt;/span&gt;&lt;/li&gt;
&lt;li style=&quot;font-weight: 300;&quot;&gt;&lt;span style=&quot;font-weight: 300; font-family: arial, helvetica, sans-serif;&quot;&gt;Paid parental leave&lt;/span&gt;&lt;/li&gt;
&lt;li style=&quot;font-weight: 300;&quot;&gt;&lt;span style=&quot;font-weight: 300; font-family: arial, helvetica, sans-serif;&quot;&gt;Paid medical leave&lt;/span&gt;&lt;/li&gt;
&lt;li style=&quot;font-weight: 300;&quot;&gt;&lt;span style=&quot;font-weight: 300; font-family: arial, helvetica, sans-serif;&quot;&gt;Unlimited vacation&lt;/span&gt;&lt;/li&gt;
&lt;li style=&quot;font-weight: 300;&quot;&gt;&lt;span style=&quot;font-weight: 300; font-family: arial, helvetica, sans-serif;&quot;&gt;15 paid holidays&lt;/span&gt;&lt;/li&gt;
&lt;li&gt;Daily lunches, snacks, and beverages available in all office locations&lt;/li&gt;
&lt;li style=&quot;font-weight: 300;&quot;&gt;&lt;span style=&quot;font-weight: 300; font-family: arial, helvetica, sans-serif;&quot;&gt;Pre-tax spending accounts for healthcare and dependent care expenses&lt;/span&gt;&lt;/li&gt;
&lt;li style=&quot;font-weight: 300;&quot;&gt;&lt;span style=&quot;font-weight: 300; font-family: arial, helvetica, sans-serif;&quot;&gt;Pre-tax commuter benefits&lt;/span&gt;&lt;/li&gt;
&lt;li style=&quot;font-weight: 300;&quot;&gt;&lt;span style=&quot;font-weight: 300; font-family: arial, helvetica, sans-serif;&quot;&gt;Monthly wellness stipend&lt;/span&gt;&lt;/li&gt;
&lt;li style=&quot;font-weight: 300;&quot;&gt;&lt;span style=&quot;font-weight: 300; font-family: arial, helvetica, sans-serif;&quot;&gt;Adoption/Surrogacy support program&lt;/span&gt;&lt;/li&gt;
&lt;li style=&quot;font-weight: 300;&quot;&gt;&lt;span style=&quot;font-weight: 300; font-family: arial, helvetica, sans-serif;&quot;&gt;Backup child and elder care program&lt;/span&gt;&lt;/li&gt;
&lt;li style=&quot;font-weight: 300;&quot;&gt;&lt;span style=&quot;font-weight: 300; font-family: arial, helvetica, sans-serif;&quot;&gt;Professional development reimbursement&lt;/span&gt;&lt;/li&gt;
&lt;li style=&quot;font-weight: 300;&quot;&gt;&lt;span style=&quot;font-weight: 300; font-family: arial, helvetica, sans-serif;&quot;&gt;Employee assistance program&lt;/span&gt;&lt;/li&gt;
&lt;li style=&quot;font-weight: 300;&quot;&gt;&lt;span style=&quot;font-weight: 300; font-family: arial, helvetica, sans-serif;&quot;&gt;Discounted programs that include legal services, identity theft protection, pet insurance, and more&lt;/span&gt;&lt;/li&gt;
&lt;li style=&quot;font-weight: 300;&quot;&gt;&lt;span style=&quot;font-weight: 300; font-family: arial, helvetica, sans-serif;&quot;&gt;Company and team bonding outlets: employee resource groups, quarterly team activity stipend, and wellness initiatives&lt;/span&gt;&lt;/li&gt;
&lt;/ul&gt;
&lt;p&gt;&lt;span style=&quot;font-weight: 300; font-family: arial, helvetica, sans-serif;&quot;&gt;&lt;span style=&quot;font-weight: 400;&quot;&gt;Learn more about Latitude’s team, mission and career opportunities at &lt;/span&gt;&lt;a href=&quot;https://lat.ai/&quot;&gt;&lt;span style=&quot;font-weight: 400;&quot;&gt;lat.ai&lt;/span&gt;&lt;/a&gt;&lt;span style=&quot;font-weight: 400;&quot;&gt;!&lt;/span&gt;&lt;/span&gt;&lt;/p&gt;
&lt;p&gt;&lt;span style=&quot;font-weight: 300; font-family: arial, helvetica, sans-serif;&quot;&gt;&lt;span style=&quot;font-weight: 400;&quot;&gt;The expected base salary range for this full-time position in California is $160,000 - $240,000 USD. Actual starting pay will be based on job-related factors, including exact work location, experience, relevant training and education, and skill level. Latitude employees are also eligible to participate in Latitude’s annual bonus programs, equity compensation, and generous Company benefits program, subject to eligibility requirements.&lt;/span&gt;&lt;/span&gt;&lt;/p&gt;
&lt;p&gt;Candidates for positions with Latitude AI must be legally authorized to work in the United States on a permanent basis. Verification of employment eligibility will be required at the time of hire. Visa sponsorship is available for this position.&lt;/p&gt;
&lt;p&gt;We are an Equal Opportunity Employer committed to a culturally diverse workforce. All qualified applicants will receive consideration for employment without regard to race, religion, color, age, sex, national origin, sexual orientation, gender identity, disability status or protected veteran status.&lt;/p&gt;
&lt;h6&gt;&lt;span style=&quot;color: rgb(255, 255, 255);&quot;&gt;&lt;strong&gt;#LI-CG1&lt;/strong&gt;&lt;/span&gt;&lt;/h6&gt;",US,"Pittsburgh, PA, Palo Alto, CA, Detroit, MI, Remote",https://job-boards.greenhouse.io/latitude/jobs/8133998,"2026-08-19T13:02:10-04:00",Full Time,2026-09-01 15:11:44.538 +0700,24
961,greenhouse,Motional,Virtual Test Engineer,"&lt;p&gt;&lt;strong&gt;Primary Purpose: &lt;/strong&gt;The Virtual Testing team at Motional is responsible for validating the safety, functionality, and performance of our self-driving technology through rigorous, system-level testing. As a Test Engineer, you will play a hands-on role in the end-to-end verification of AV features—spanning perception, planning, and control—using virtual modalities including simulation and Hardware-in-the-Loop (HIL).&lt;/p&gt;
&lt;p&gt;You will contribute to test strategy, scenario creation, and infrastructure development. Collaborating with cross-functional teams, you will help translate engineering requirements into comprehensive test plans, automated test cases, and measurable outcomes. Your efforts will support iterative development, fault injection analysis, and safety-critical system evaluation, ensuring that every release meets the highest standards for quality and reliability.&lt;/p&gt;
&lt;p&gt;&lt;strong&gt;Essential Duties:&lt;/strong&gt;&lt;/p&gt;
&lt;ul&gt;
&lt;li&gt;Contribute to a high-performing team that prioritizes quality, continuous improvement, and robust validation throughout the development lifecycle.&lt;/li&gt;
&lt;li&gt;Design and execute test campaigns for self-driving vehicle features, with a focus on perception, planning, and control systems, across both virtual and on-vehicle environments.&lt;/li&gt;
&lt;li&gt;Develop and maintain detailed test plans, cases, and automation scripts using Python and Bash/Shell.&lt;/li&gt;
&lt;li&gt;Leverage Software-in-the-Loop (SIL), Hardware-in-the-Loop (HIL), and scenario-based simulation platforms—such as Applied Intuition—for feature validation and regression testing.&lt;/li&gt;
&lt;li&gt;Create synthetic and resimulation scenarios to support iterative development, root-cause analysis, and large-scale release validation.&lt;/li&gt;
&lt;li&gt;Analyze logs and data to assess system behavior and conduct root-cause investigations, collaborating cross-functionally with perception, planning, hardware, and safety teams.&lt;/li&gt;
&lt;li&gt;Participate in recursive testing cycles, contributing to QA and release efforts throughout the AV software development lifecycle (SDLC).&lt;/li&gt;
&lt;li&gt;Document test procedures, results, and technical findings using tools like Confluence, Jira, and GitLab, ensuring traceability and alignment with quality standards.&lt;/li&gt;
&lt;li&gt;Ensure testing practices comply with industry standards such as ISO26262, ISO21448 (SOTIF), and ISO9001.&lt;/li&gt;
&lt;li&gt;Continuously adapt test strategies to evolving AV stacks and fast-paced development cycles.&lt;/li&gt;
&lt;li&gt;Support flexible testing schedules, including late meetings as required by fleet operations or global team collaboration.&lt;/li&gt;
&lt;li&gt;Collaborate across multiple projects and disciplines, gaining exposure to diverse engineering challenges and contributing to system-level integration milestones.&lt;/li&gt;
&lt;li&gt;Enhance tools and processes for integrated testing workflows, including system integration, simulation-based validation, and track-based testing.&lt;/li&gt;
&lt;li&gt;Show initiative and thrive in an innovative, fast-paced environment that encourages collaboration and creative problem solving.&lt;/li&gt;
&lt;li&gt;Contribute to the development of new tools, processes, and solutions that shape the future of safe, autonomous mobility.&lt;/li&gt;
&lt;li&gt;Additional duties as assigned.&lt;/li&gt;
&lt;li&gt;Willingness to travel domestically as needed.&lt;/li&gt;
&lt;/ul&gt;
&lt;p&gt;&lt;strong&gt;Qualifications:&lt;/strong&gt;&lt;/p&gt;
&lt;ul&gt;
&lt;li&gt;Education: Bachelor’s degree or higher in Engineering, Robotics, ECE, Computer Science, or a relevant technical field.&lt;/li&gt;
&lt;li&gt;Experience: 2+ years in software QA, systems testing, or mechatronic system validation, preferably within ADAS or autonomous systems.&lt;/li&gt;
&lt;li&gt;Technical Skills:&amp;nbsp;&lt;/li&gt;
&lt;ul&gt;
&lt;li&gt;Proficiency in Linux and programming/scripting languages such as Python, C++, or Bash/Shell.&lt;/li&gt;
&lt;li&gt;Experience writing and developing comprehensive test cases and test plans.&lt;/li&gt;
&lt;/ul&gt;
&lt;li&gt;Domain Expertise (One or more of the following):&lt;/li&gt;
&lt;ul&gt;
&lt;li&gt;Virtual/Simulation: Proficiency with AV simulation platforms (e.g., Applied Intuition, IPG Carmaker, NVIDIA DRIVE Sim).&lt;/li&gt;
&lt;li&gt;HIL/Hardware: Hands-on experience with Hardware-in-the-Loop (HIL) environments and automotive communication protocols (CAN, LIN, Ethernet).&lt;/li&gt;
&lt;li&gt;Field/Track: Experience with track-based testing and mechatronic system integration.&lt;/li&gt;
&lt;/ul&gt;
&lt;li&gt;Problem Solving: Demonstrated ability to troubleshoot, debug, and think logically to remove bias from problem evaluation.&lt;/li&gt;
&lt;li&gt;Adaptability: Ability to operate effectively amid ambiguity and interpret evolving system requirements in a fast-paced environment.&lt;/li&gt;
&lt;li&gt;Understanding of industry standards such as ISO26262, ISO21448, and ISO9001 is preferred.&lt;/li&gt;
&lt;/ul&gt;
&lt;p&gt;&lt;strong&gt;Physical Demands&lt;/strong&gt;&lt;/p&gt;
&lt;p&gt;While performing the duties of this job, the employee is frequently required to sit, talk, or hear. The employee is occasionally required to stand and at times for long periods; walk; use hands to finger, handle, or feel; reach with hands and arms. The employee must occasionally lift and move up to 50 pounds.&lt;/p&gt;
&lt;p&gt;&lt;strong&gt;Working Environment&lt;/strong&gt;&lt;/p&gt;
&lt;p&gt;The work environment characteristics described here represent those a team member encounters while performing the essential functions of this job.&amp;nbsp; Reasonable accommodation may be made to enable individuals with disabilities to perform the essential functions.&lt;/p&gt;
&lt;p&gt;While performing the duties of this job, the team member is regularly exposed to outside weather conditions, road conditions, and pedestrian traffic.&amp;nbsp; The team member is regularly exposed to mechanical and computer parts. The team member is occasionally exposed to fumes and airborne particles.&amp;nbsp; The noise level in the environment is low to moderate.&lt;/p&gt;
&lt;p&gt;&amp;nbsp;&lt;/p&gt;
&lt;p&gt;Motional AD LLC is an Equal Employment Opportunity employer, and we welcome all qualified applicants.&amp;nbsp; All applicants will receive impartial consideration regarding race, sex, color, national origin, age, disability, veteran status, genetic data, religion, gender identity, sexual orientation, or another legally protected status.&amp;nbsp; Motional AD LLC is a Drug-free workplace.&lt;/p&gt;&lt;div class=&quot;content-pay-transparency&quot;&gt;&lt;div class=&quot;pay-input&quot;&gt;&lt;div class=&quot;description&quot;&gt;&lt;p&gt;&lt;span style=&quot;font-weight: 400;&quot;&gt;The salary range for this role is an estimate based on a wide range of compensation factors including but not limited to specific skills, experience and expertise, role location, certifications, licenses, and business needs. The estimated compensation range listed in this job posting reflects base salary only. This role may include additional forms of compensation such as a bonus or company equity. The recruiter assigned to this role can share more information about the specific compensation and benefit details associated with this role during the hiring process.&amp;nbsp;&lt;/span&gt;&lt;/p&gt;
&lt;p&gt;&lt;span style=&quot;font-weight: 400;&quot;&gt;Candidates for certain positions are eligible to participate in Motional’s benefits program. Motional’s benefits include but are not limited to medical, dental, vision, 401k with a company match, health saving accounts, life insurance, pet insurance, and more.&lt;/span&gt;&lt;/p&gt;&lt;/div&gt;&lt;div class=&quot;title&quot;&gt;Salary Range&lt;/div&gt;&lt;div class=&quot;pay-range&quot;&gt;&lt;span&gt;$98,000&lt;/span&gt;&lt;span class=&quot;divider&quot;&gt;&amp;mdash;&lt;/span&gt;&lt;span&gt;$129,500 USD&lt;/span&gt;&lt;/div&gt;&lt;/div&gt;&lt;div class=&quot;pay-input&quot;&gt;&lt;div class=&quot;description&quot;&gt;&lt;p&gt;&lt;span style=&quot;font-weight: 400;&quot;&gt;The salary range for this role is an estimate based on a wide range of compensation factors including but not limited to specific skills, experience and expertise, role location, certifications, licenses, and business needs. The estimated compensation range listed in this job posting reflects base salary only. This role may include additional forms of compensation such as a bonus or company equity. The recruiter assigned to this role can share more information about the specific compensation and benefit details associated with this role during the hiring process.&amp;nbsp;&lt;/span&gt;&lt;/p&gt;
&lt;p&gt;&lt;span style=&quot;font-weight: 400;&quot;&gt;Candidates for certain positions are eligible to participate in Motional’s benefits program. Motional’s benefits include but are not limited to medical, dental, vision, 401k with a company match, health saving accounts, life insurance, pet insurance, and more.&lt;/span&gt;&lt;/p&gt;&lt;/div&gt;&lt;div class=&quot;title&quot;&gt;Salary Range&lt;/div&gt;&lt;div class=&quot;pay-range&quot;&gt;&lt;span&gt;$98,000&lt;/span&gt;&lt;span class=&quot;divider&quot;&gt;&amp;mdash;&lt;/span&gt;&lt;span&gt;$129,500 USD&lt;/span&gt;&lt;/div&gt;&lt;/div&gt;&lt;/div&gt;&lt;div class=&quot;content-conclusion&quot;&gt;&lt;p&gt;&lt;strong&gt;Motional is a driverless technology company making autonomous vehicles a safe, reliable, and accessible reality. We’re driven by something more.&lt;/strong&gt;&lt;/p&gt;
&lt;p&gt;&lt;strong&gt;Our journey is always people first.&lt;/strong&gt;&lt;/p&gt;
&lt;p&gt;We aren&#39;t just developing driverless cars; we&#39;re creating safer roadways, more equitable transportation options, and making our communities better places to live, work, and connect. Our team is made up of engineers, researchers, innovators, dreamers and doers, who are creating a technology with the potential to transform the way we move.&lt;/p&gt;
&lt;p&gt;&lt;strong&gt;Higher purpose, greater impact.&lt;/strong&gt;&lt;/p&gt;
&lt;p&gt;We’re creating first-of-its-kind technology that will transform transportation. To do so successfully, we must design for everyone in our cities and on our roads. We believe in building a great place to work through a progressive, global culture that is diverse, inclusive, and ensures people feel valued at every level of the organization. Diversity helps us to see the world differently; it’s not only good for our business, it’s the right thing to do.&amp;nbsp;&amp;nbsp;&lt;/p&gt;
&lt;p&gt;&lt;strong&gt;Scale up, not starting up.&lt;/strong&gt;&lt;/p&gt;
&lt;p&gt;Our team is behind some of the industry&#39;s largest leaps forward, including the first fully-autonomous cross-country drive in the U.S, the launch of the world&#39;s first robotaxi pilot, and operation of the world&#39;s longest-standing public robotaxi fleet. We’re driven to scale; we’re moving towards commercialization of our technology, and we need team members who are ready to embrace change and challenges.&lt;/p&gt;
&lt;p&gt;Formed as a joint venture between Hyundai Motor Group and Aptiv, Motional is fundamentally changing how people move through their lives. Headquartered in Boston, Motional has operations in the U.S and Asia. For more information, visit&amp;nbsp; &lt;a href=&quot;https://c212.net/c/link/?t=0&amp;amp;l=en&amp;amp;o=3300142-1&amp;amp;h=1642745316&amp;amp;u=https%3A%2F%2Fc212.net%2Fc%2Flink%2F%3Ft%3D0%26l%3Den%26o%3D3253528-1%26h%3D3781125006%26u%3Dhttps%253A%252F%252Fc212.net%252Fc%252Flink%252F%253Ft%253D0%2526l%253Den%2526o%253D3089636-1%2526h%253D3468778127%2526u%253Dhttps%25253A%25252F%25252Fc212.net%25252Fc%25252Flink%25252F%25253Ft%25253D0%252526l%25253Den%252526o%25253D2881693-1%252526h%25253D646020682%252526u%25253Dhttps%2525253A%2525252F%2525252Furldefense.com%2525252Fv3%2525252F__http%2525253A%2525252Fwww.motional.com%2525252F__%2525253B!!KT8c38mO!j78LjnhAm2VK7Fu23VO6KlwqDXvVTQFMzmyzieKQqZDQksh2tpWEseK4to8eKzwsEwI%25252524%252526a%25253Dwww.Motional.com%2526a%253Dwww.Motional.com%26a%3Dwww.Motional.com&amp;amp;a=www.Motional.com&quot;&gt;www.Motional.com&lt;/a&gt; and follow us on &lt;a href=&quot;https://twitter.com/motionaldrive&quot;&gt;Twitter&lt;/a&gt;, &lt;a href=&quot;https://www.linkedin.com/company/67123512/&quot;&gt;LinkedIn&lt;/a&gt;,&amp;nbsp;&lt;a href=&quot;https://www.instagram.com/motionaldrive/&quot;&gt;Instagram&lt;/a&gt; and &lt;a href=&quot;https://www.youtube.com/channel/UCr__mGPkBb-KMoYWbSGuA9w&quot;&gt;YouTube&lt;/a&gt;.&lt;/p&gt;
&lt;p&gt;&lt;em&gt;Motional AD Inc. is an EOE. We celebrate diversity and are committed to creating an inclusive environment for all employees. To comply with Federal Law, we participate in E-Verify. All newly-hired employees are queried through this electronic system established by the DHS and the SSA to verify their identity and employment eligibility.&lt;/em&gt;&lt;/p&gt;&lt;/div&gt;",US,"Las Vegas, Nevada, United States; Pittsburgh, Pennsylvania, United States",https://motional.com/open-positions/?gh_jid=7898697003#/7898697003,"2026-08-24T15:47:48-04:00",Full Time,2026-09-01 15:11:44.538 +0700,25
1792,lever,WeRide,Perception Engineer – Singapore,"Established in 2017, WeRide (NASDAQ: WRD) is a leading global commercial-stage company that develops autonomous driving technologies from Level 2 to Level 4. WeRide is the only tech company in the world that holds driverless permits in China, the UAE, Singapore and the US, conducting autonomous driving R&D, tests and operations in over 30 cities of 9 countries around the world. WeRide has operated a self-driving fleet for more than 1,800 days.
 
WeRide (Singapore) is looking for world class coders to work on transforming mobility by solving some of the most challenging AI and robotics problems. You will work with world-class experts in the field of mobility solutions and advance the state of the art in areas such as computer vision, sensor fusion, machine learning, object tracking, and motion planning.
",CN,One-north,https://jobs.lever.co/weride/b8b43aa0-7138-4b85-82ba-04d569376b8b,"1738642834371",onsite,2026-09-01 15:11:44.538 +0700,1
1260,lever,Waabi,Training Specialist - Vehicle Operator,"Waabi, founded by AI visionary Raquel Urtasun, is the leader in Physical AI. With a world-class team, we're unlocking the next era of autonomous transportation with technology that's powering commercial autonomous trucks and robotaxis. Waabi is backed by and partners with world leaders in AI, automotive, logistics, and deep tech.
 
With offices in Toronto, San Francisco, Dallas, and Pittsburgh, Waabi is growing quickly and looking for diverse, innovative and collaborative candidates who want to impact the world in a positive way. To learn more visit: www.waabi.ai


You will…
Partner with the Training Manager to design, develop, and update technical learning materials, SOPs, job aids, interactive modules, and assessment using established instructional design methodologies (e.g., ADDIE, SAM).
Directly conduct new-hire onboarding for Vehicle Operators, executing the full training curriculum from classroom instruction through field certification.
Deliver structured instruction across all VO and FS phases.
Administer JJ Keller compliance modules, Mixed Reality Training (MRT) scenarios, and driving assessments as directed by the Training Manager.
Guide VO trainees to meet all proficiency thresholds.
Conduct routine ridealongs and provide immediate, constructive, and documented feedback using the VO performance scale.
Translate engineering and safety updates into clear, practical on-road instruction, ensuring VOs understand and can execute changes to autonomous system behavior.
Execute the continuous learning framework by delivering refresher training and recertification following new SOPs, software updates, truck upfits, and feature releases.
Utilize the Daily Training Tracker and Jira update processes to formally log and monitor VO trainee progress and development activities.
Support the Training Manager in maintenance, version control, and distribution of up-to-date VO training materials and documentation.
Mentor high-performing VOs through the Senior VO Trainer (Train-the-Trainer) program and support delivery of the Demo Readiness Certification.
Support the Training Manager in overseeing training schedules, tracking completion metrics, managing LMS records, and driving continuous improvement across all VO learning programs.
 
Qualifications:
Minimum of 3+ years of direct experience as a Vehicle Operator or in a comparable professional driving role within transportation, logistics, or the autonomous vehicle industry.
Valid CDL (Commercial Driver’s License) with a clean driving record; direct experience operating Class 8 vehicles required.
Demonstrated ability to deliver structured, safety-critical training and conduct performance assessments in a hands-on, on-road environment.
Strong interpersonal and communication skills with the ability to provide clear, constructive feedback to operators at all experience levels.
Strong organizational skills and meticulous attention to detail, including consistent and accurate record-keeping in LMS or tracking systems.
Passion for self-driving technologies, solving hard problems, and building a culture of safety and operational excellence.
Occasional travel to other operational sites may be required.
 
Bonus:
Experience with Learning Management Systems (LMS) and training record administration.
Prior experience delivering formal training, coaching, or mentorship to peers or new hires in a technical field operations environment.
Familiarity with autonomous vehicle systems, Mixed Reality Training (MRT), or Platform Shakeout procedures.
Experience as a certified trainer or assessor, including participation in a Train-the-Trainer or similar instructor certification program.
",CA,"Dallas, TX",https://jobs.lever.co/waabi/f4922585-10cf-49bc-a4f0-e8d9527f0c25,"1787243525782",onsite,2026-09-01 15:11:44.538 +0700,2
1216,lever,Waabi,Senior / Staff Perception Engineer,"Waabi, founded by AI visionary Raquel Urtasun, is the leader in Physical AI. With a world-class team, we're unlocking the next era of autonomous transportation with technology that's powering commercial autonomous trucks and robotaxis. Waabi is backed by and partners with world leaders in AI, automotive, logistics, and deep tech.

With offices in Toronto, San Francisco, Dallas, and Pittsburgh, Waabi is growing quickly and looking for diverse, innovative and collaborative candidates who want to impact the world in a positive way. To learn more visit: www.waabi.ai


As a Senior Perception Engineer, you will be at the forefront of advancing and deploying perception algorithms for our self-driving vehicles. You will work closely with our team of world-renowned scientists and engineers specializing in deep learning, computer vision, and self-driving technologies to develop cutting-edge solutions that enable our vehicles to perceive the world around them. We value originality, innovation, and a commitment to rigorous experimental validation and code quality as we strive to bring research ideas into production and push the boundaries of self-driving technology.
 
You will...
- Prototype, evaluate, and iterate on perception algorithms, using real-world data and simulations, to improve the accuracy, robustness, and safety of our self-driving technology. This includes working on 3D detection and tracking of traffic agents as well as semantic understanding of various traffic scenes.
- Formulate problems and propose pragmatic and long-term solutions based on research insights, leveraging your expertise in deep learning, computer vision, and self-driving.
- Support productizing and deploying perception algorithms to our self-driving vehicles, collaborating closely with platform teams to ensure seamless integration of research findings into our self-driving system.
- Champion engineering excellence, ensuring high-quality, well structured and tested code.
- Collaborate in a multidisciplinary team solving problems related to perception, motion forecasting, planning, traffic modeling and sensor simulation, integrating research findings into our self-driving system and contributing to the development of a unified self-driving platform.
- Stay up-to-date with the latest advancements in the field of artificial intelligence, machine learning, computer vision, and self-driving technologies, and apply insights from the literature.
- Work with large datasets from various sources as well as Waabi World, our high-fidelity simulator.
- Contribute to the publication of research findings in conferences as well as Waabi's blog.
 
Qualifications:
- MS/PhD or Bachelors degree with a minimum of 4 years of industry experience in Computer Science, Machine Learning and/or similar technical field(s) of study.
- Experience working on applied research projects and shipping machine learning features/models into production.
- Experience driving projects on 3D detection, tracking of traffic agents and/or semantic understanding of various traffic scenes.
- Passion for taking research ideas and turning them into practical solutions for real-world applications.
- Solid understanding of computing fundamentals, including code efficiency.
- Proficient in Python programming with a focus on writing high-quality, well-structured, and tested code.
- Comfortable working with large datasets for machine learning applications.
- Strong grasp of machine learning and computer vision literature, including current trends and state-of-the-art techniques.
- Open-minded and collaborative team player with the willingness to help others.
- Experience and excitement in supporting a fast-paced high-growth environment.
- Passionate about being part of an organization solving self-driving technologies.
 
Bonus/nice to have:
- Previous experience in multimodal sensor fusion. 
- Previous experience in self-driving technology or related fields.
- Publications in top-tier conferences or journals related to computer vision, machine learning, or robotics.
- Experience in working with platform teams and collaborating with research teams to implement and validate deep learning models.
- Proficiency in Pytorch, Rust, C++ and/or CUDA.
",CA,Remote US & Canada,https://jobs.lever.co/waabi/70c7e203-8ab2-4e00-a8df-ddc9250fdeb8,"1682598116284",hybrid,2026-09-01 15:11:44.538 +0700,3
1983,lever,Zoox,"Staff Electrical Engineer, Compute","Zoox's Advanced Hardware Engineering team is responsible for the design, development, and innovation of sensor technology and the compute platform for our vehicles. In this role, you will work within a multi-disciplinary engineering team to have end to end ownership of high-speed digital designs and embedded systems in accordance with industry standards, best practices, and requirements 
",US,"Foster City, CA",https://jobs.lever.co/zoox/a3de2d89-7acb-41a9-9435-ea4d56edb47e,"1775576739648",onsite,2026-09-01 15:11:44.538 +0700,4
1987,lever,Zoox,Senior Technical Program Manager - Vehicle Platform & Autonomy Integration,"Zoox has embarked on a highly ambitious journey to develop a full-stack autonomous mobility solution for our cities. We’re looking for a technical program manager to lead the integration effort that brings together perception, planning, controls, simulation, and vehicle platform teams into a single coherent release. You'll be the connective tissue across the autonomy stack, driving the program from architecture and integration milestones through on-road validation and readiness for deployment. You'll own program strategy, execution, and risk management across hardware, embedded software, and systems integration teams, working closely with hardware engineering, PMO, perception, and platform software groups to ship on schedule.
",US,"Foster City, CA",https://jobs.lever.co/zoox/a8a99e08-ac9d-4cfd-98cb-50eae1e96675,"1785968309536",hybrid,2026-09-01 15:11:44.538 +0700,5
2018,lever,Zoox,Senior/Staff Technical Program Manager - Autonomy Behaviors," Zoox has embarked on a highly ambitious journey to develop a full-stack autonomous mobility solution for our cities. As a technical program manager, you will work cross-functionally with engineering leaders across software, hardware, vehicle engineering, product and beyond to drive our corporate strategy into tactical and detailed road maps that facilitate effective execution at each stage of our growth curve. You will work with each engineering team to develop program schedules, identify milestones, flag risks, estimate budgets, and clearly communicate ongoing progress.
",US,"Foster City, CA",https://jobs.lever.co/zoox/c8894e25-83b0-4200-a2ab-9f5764bab7ae,"1787604630796",hybrid,2026-09-01 15:11:44.538 +0700,6
1767,lever,WeRide,"New Grads 2026 - General Software Engineer (Beijing/Guangzhou/Shanghai, China)","WeRide is a smart mobility start-up whose mission is to transform mobility with autonomous driving. We are committed to build better transportation experience that’s safe, efficient, affordable and joyful. We have an elite team of entrepreneurs and technologists who share the same passion and pursue continuous excellence in their work.

This NG position is based in Beijing, Guangzhou, or Shanghai, China.
",CN,China,https://jobs.lever.co/weride/012d6448-fa8c-4a68-8767-d99f4d1b9bea,"1781305288368",onsite,2026-09-01 15:11:44.538 +0700,7
2034,lever,Zoox,"Staff Software Engineer, HPC","Zoox is looking for an experienced Staff Software Engineer to build, scale, and operate our custom High-Performance Computing infrastructure. As Zoox scales its autonomous vehicle development, our HPC platform must keep pace with rapidly growing compute, storage, and scheduling demands across the company. You will modernize our HPC platform—built on industry-leading technologies like Ray.io, SLURM, and Kubernetes—with a focus on reliability, scalability, and world-class developer velocity.
 
These HPC services form the backbone of development workflows across all Zoox software teams, from data engineering to training our AI models in Perception, Planner, Prediction, to Simulation, and more. You will have a direct impact on the productivity and effectiveness of every engineering team at Zoox.
 
The position comes with a high degree of independence and the opportunity to define Zoox's HPC platform strategy, both technically and organizationally. You will work closely with stakeholders in Autonomy and Software teams to understand their workload requirements and translate them into robust, scalable infrastructure.
",US,"Foster City, CA",https://jobs.lever.co/zoox/de43fa7a-1cf2-41b9-ba99-244f699e3870,"1786387833986",hybrid,2026-09-01 15:11:44.538 +0700,8
2043,lever,Zoox,Staff Electrical Architecture System Engineer,"Zoox is seeking a Staff Electrical Architecture System Engineer to join our Electrical Architecture team. Led by the Principal Architect, The Zoox Electrical Architecture Team is responsible for developing the power distribution, network topology and logical organization of ECUs to create the optimal autonomous robotaxi. In this role you will help develop electrical and electronic system architecture designs, best practices, and validation procedures for Zoox's ground-up autonomous vehicles. You will work with engineering leaders from various domains to capture their needs for low-voltage loads, system management and integrate these designs into the robotaxi. Collaboration with cross-functional teams is essential, as you'll work with vehicle integration, firmware, and vehicle component development teams to deliver solutions.
We are looking for an engineer that is passionate about developing a ground breaking Robotaxi, has a strong system engineering background, has extensive experience in vehicle network, power distribution, power modes and ECU function distribution. Strong system problem-solving skills, organizational talent and a commitment to deliver on time are also required.
",US,"Foster City, CA",https://jobs.lever.co/zoox/eb2177de-ca5e-43de-9e70-e2b597747f9d,"1787253380779",onsite,2026-09-01 15:11:44.538 +0700,9
1068,lever,Plus AI,Software Engineer - Data,"PlusAI is a Physical AI company pioneering AI-based virtual driver software for factory-built autonomous trucks. Headquartered in Silicon Valley with operations in the United States and Europe, Plus was named by Fast Company as one of the World’s Most Innovative Companies. Partners including TRATON GROUP’s Scania, MAN, and International brands, Hyundai Motor Company, Iveco Group, Bosch, and DSV are working with Plus to accelerate the deployment of next-generation autonomous trucks. If you’re ready to make a huge impact and drive the future of autonomy, Plus is looking for talented individuals to join its fast-growing teams.
",US,"Santa Clara, CA",https://jobs.lever.co/plus-2/083142f4-70ed-40f4-8726-a5f99ea52e36,"1781301088381",hybrid,2026-09-01 15:11:44.538 +0700,10
2007,lever,Zoox,Senior Staff / Principal Software Engineer - Freeway Autonomy,"",US,"Foster City, CA",https://jobs.lever.co/zoox/bea6c1d0-09dc-47db-9fff-ed2f33151763,"1788207190748",hybrid,2026-09-01 15:11:44.538 +0700,11
1956,lever,Zoox,Senior Commercial Operations Analyst,"As a Commercial Operations Analyst at Zoox, you will help build and run the operational engine that drives our commercial P&L. Sitting at the center of our commercial business, you will turn pricing, promotions, and demand signals into the day-to-day and week-to-week decisions that move our growth and profitability targets—and stand up the rigor and rhythm that lets us manage those levers as we scale.
This is a high-ownership role for someone who is equally comfortable in the data and in the operating cadence of a fast-moving business. You will partner closely with Product, Data Science, Fleet Operations, and Finance to translate complex commercial dynamics into clear actions, while helping establish the foundational processes that a growing Central Market Management team will be built on. It is ideal for a technical, structured operator who is energized by ambiguity and excited to shape how an autonomous mobility business is run. 
",US,"Foster City, CA",https://jobs.lever.co/zoox/85ac55ee-0fdf-4b17-b57f-b09ce0defebe,"1782939557640",hybrid,2026-09-01 15:11:44.538 +0700,12
1793,lever,WeRide,"New Grads 2026 - Algorithm Software Engineer (Beijing/Guangzhou/Shanghai, China)","WeRide is a smart mobility start-up whose mission is to transform mobility with autonomous driving. We are committed to build better transportation experience that’s safe, efficient, affordable and joyful. We have an elite team of entrepreneurs and technologists who share the same passion and pursue continuous excellence in their work.

This NG position is based in Beijing, Guangzhou, or Shanghai, China.
",CN,China,https://jobs.lever.co/weride/d31d6d11-be09-4469-a361-2f31de92eafa,"1781287013624",onsite,2026-09-01 15:11:44.538 +0700,13
1212,lever,Waabi,Senior / Staff Supplier Quality Engineer,"Waabi, founded by AI visionary Raquel Urtasun, is the leader in Physical AI. With a world-class team, we're unlocking the next era of autonomous transportation with technology that's powering commercial autonomous trucks and robotaxis. Waabi is backed by and partners with world leaders in AI, automotive, logistics, and deep tech.
 
With offices in Toronto, San Francisco, Dallas, and Pittsburgh, Waabi is growing quickly and looking for diverse, innovative and collaborative candidates who want to impact the world in a positive way. To learn more visit: www.waabi.ai


You will...
- Lead Supplier Qualification and Onboarding: Conduct technical audits of potential and existing suppliers to evaluate their manufacturing maturity, quality management systems (QMS), and alignment with IATF 16949 or ISO 9001 standards.
- Manage the Supplier Life Cycle: Serve as the primary technical point of contact for a portfolio of suppliers, managing all quality activities from initial sourcing through Start of Production (SOP) and into service-life support.
- Partner with internal Engineering teams during the DFM (Design for Manufacturing) phase to ensure that complex mechanical designs are optimized for high-yield production and assembly at the vendor site.
- Supplier and CM APQP/PPAP Ownership, leading the Advanced Product Quality Planning (APQP) process. Owning the delivery of the PPAP (Production Part Approval Process) package, ensuring every component is validated before Start of Production (SOP).
- Lead the development of Supplier PPAP deliverables, including PFMEAs, Process Flow Diagrams, and Control Plans, ensuring the supplier has identified and mitigated all assembly-related risks with ""Poka-Yoke"" (error-proofing) solutions.
- Be responsible for supplier mechanical assembly, test, and integration of sensors, compute, and actuation systems, defining the special characteristic (SC/CC) steps for the manufacturing process.
- Work closely with the internal teams to define, deploy, and validate hardware End-of-Line (EOL) testers and calibration requirements.
- Support Process Verification (PV) Testing, conducting run-at-rate studies to prove supplier manufacturing lines can sustain quality targets at full production speed.
- Interface with Product Quality to analyze field performance data, identifying hardware trends and driving corrective actions back to the supplier.
- Lead the RCCA (Root Cause Corrective Action) process for all supplier-related non-conformances, utilizing the 8D methodology to move from initial containment to long-term systemic prevention.
- Be QMS responsible for supporting and improving the quality management system relative to suppliers, CMs, and Tier 1s.
 
Qualifications:
- Bachelors of Science in Mechanical Engineering, Electrical Engineering, or a related technical field.
- Deep understanding of APQP, PPAP, including FMEA, MSA, Gage R&R, and SPC.
- Advanced APQP & PPAP Management: Proven experience driving the 5 phases of APQP, managing design maturity milestones, and ensuring all 18 elements of PPAP are met for safety-critical components.
- Problem-Solving Expert: Mastery of 8D, 5-Why, and Fishbone (Ishikawa) analysis. Must have a proven track record of implementing RCCA that successfully prevents the recurrence of complex electromechanical failures.
- Proficient with Solidworks or similar 3D CAD and CAE software tools for design review, fixture development, and tolerance stack-up analysis.
- Experience with technical drawing tolerancing (e.g. GD&T) for various manufacturing operations to ensure clear communication of design intent to vendors.
- Experience with various manufacturing processes (e.g. printed circuit board, PCBA, wire harness, sheet metal, injection molding, stamping, die casting, and CNC machining).
- Experience with Finite Element Analysis (FEA) to evaluate supplier DFMs, as well as supplier-proposed design changes or material substitutions.
- Experience with PLM tools and document revision control to manage Engineering Change Orders (ECO) across the supply base.
- Experience with automotive standards (e.g. ISO 9001, IATF 16949 or ISO26262).
- Travel Expectations: Approximately 25-50% travel required. This is objective-based and fluctuates according to APQP program milestones, such as on-site supplier audits, process validations (PV), and production ramp-ups.
 
Bonus Qualifications:
- Automotive, Aerospace, Autonomous Vehicle (AV) or EV industry experience is highly preferred.
- IPC/WHMA-A-620 and IPC-A-610 knowledge for acceptance of wire harness assemblies and electronic assemblies.
- Certified Quality Engineer (CQE) or Six Sigma Green/Black Belt is highly preferred.
",CA,"Pittsburgh, PA",https://jobs.lever.co/waabi/5e0e0eea-c5a4-4c6b-99c4-03b275961ebe,"1787163858057",onsite,2026-09-01 15:11:44.538 +0700,14
1185,lever,Waabi,Research Internship/Co-op,"Waabi, founded by AI visionary Raquel Urtasun, is the leader in Physical AI. With a world-class team, we're unlocking the next era of autonomous transportation with technology that's powering commercial autonomous trucks and robotaxis. Waabi is backed by and partners with world leaders in AI, automotive, logistics, and deep tech.

With offices in Toronto, San Francisco, Dallas, and Pittsburgh, Waabi is growing quickly and looking for diverse, innovative and collaborative candidates who want to impact the world in a positive way. To learn more visit: www.waabi.ai


Waabi, founded by AI pioneer and visionary Raquel Urtasun, is an AI company building the next generation of self-driving technology. With a world class team and an innovative approach that unleashes the power of AI to “drive” safely in the real world, Waabi is bringing the promise of self-driving closer to commercialization than ever before. Waabi is backed by best-in-class investors across the technology, logistics and the Canadian innovation ecosystem.

With offices in Toronto and San Francisco, Waabi is growing quickly and looking for diverse, innovative and collaborative candidates who want to impact the world in a positive way. To learn more visit: www.waabi.ai 

You will...
- Be part of a team of multidisciplinary Research Scientists and Engineers using an AI-first approach to enable safe self-driving at scale.
- Lead or Contribute to an AI research project, pushing the frontiers of the field by developing new algorithms for Autonomous Vehicle (AV). This includes topics such as perception, prediction, motion planning, controls, simulation, mapping, localization, core AI, etc.
- Design, implement, train, and optimize novel algorithms on self-driving vehicles and various production systems. 
- Be encouraged to submit and publish work externally at top machine learning, computer vision, and robotics conferences (NeurIPS, ICLR, ICML, CVPR, etc.), post to our company blog, and release open source projects.

Qualifications:
- Bachelors or MS/PhD degree in Computer Science, Engineering, AI, Machine Learning, Computer Vision, Robotics and/or similar technical field(s) of study.
- Demonstrated research/software engineering experience: through previous internships, work experience, coding competitions, and/or research projects and papers.
- Strong quantitative background and coursework in or working knowledge of linear algebra, calculus, and probability.
- Proficient in reading and coding in Python and/or C++..
- Open-minded and collaborative team player with willingness to help others.
- Passionate about self-driving technologies, solving hard problems, and creating innovative solutions.

Application Instructions:
- To be considered for an internship/co-op, please add your most up to date academic transcripts alongside with your resume for further review.
",CA,"Toronto, ON",https://jobs.lever.co/waabi/0fd4e30b-9bd1-4b53-9043-6088457363cb,"1766095735237",hybrid,2026-09-01 15:11:44.538 +0700,15
2021,lever,Zoox,"Senior / Staff Program Manager, Operations Cost Analytics","Zoox is marching toward commercialization of our ride-hail service, and we are laying the foundation to dramatically scale our fleet operations. We need a highly analytical, data-driven program manager to lead our cost control program: identifying where cost is being lost in current operations, quantifying the size of the opportunity, and driving cross-functional teams to close the gap.
As the Senior / Staff Program Manager, Operations Cost Analytics, you will own the end-to-end lifecycle of our cost reduction efforts, managing the full lifecycle: analyzing operations, building visibility tools, defining problem statements, setting up improvement plans, and delivering measurable cost impact. You will work closely with Operations, Engineering, Data Science, Finance, and Product teams to translate operational data into clear, actionable cost-reduction programs.
This role requires strong analytical rigor and program execution skills. You must be comfortable getting into the details of operational and cost data, building or specifying tools that make that data visible to the teams who can act on it, and running the structured, cross-functional process required to turn an identified cost driver into a delivered improvement. You should be highly self-motivated, proactive, and able to manage multiple analytical and cross-functional workstreams in a fast-paced environment.
",US,"Foster City, CA",https://jobs.lever.co/zoox/c91fe4d4-7b55-4a0d-8577-1699fd3d5a6b,"1784052078850",hybrid,2026-09-01 15:11:44.538 +0700,16
1938,lever,Zoox,Contract Student Worker - Machine Learning Engineer - Data Mining & VLM (Full-time),"About Zoox
Zoox is an autonomous ridehailing company building the world's first purpose-built robotaxi — fully electric, bidirectional, with no steering wheel or driver's seat. Backed by Amazon and founded to make transportation safer, cleaner, and more accessible, Zoox designs its vehicles entirely around the rider. We're currently operating in Las Vegas and San Francisco, with Austin and Miami on the horizon, and testing underway across seven U.S. markets.
About Our Part-Time Student Worker Program
Zoox's part-time student worker program puts you at the center of one of the most ambitious challenges in transportation. You'll contribute to real projects, work alongside engineers and researchers pushing the boundaries of autonomous technology, and gain experience that goes well beyond the classroom. We're looking for students who bring strong academic foundations, curiosity that doesn't stop at coursework, and a drive to be part of something that matters.
Role Overview
Support Zoox's Rules of the Road (RotR) program, where a miner + LLM/VLM tooling method automatically mines and triages potential road-rule violation events from simulation and fleet data. The student will be helping create or improve the data miners that generate the candidate events, help develop and evaluate the VLM triagers — curating golden datasets, measuring precision/recall against expert triage, and extending automation to new regulations and data sources. 
",US,"Foster City, CA",https://jobs.lever.co/zoox/7206fd97-14e4-43a0-b903-ba65dfeee53e,"1786129481809",hybrid,2026-09-01 15:11:44.538 +0700,17
1247,lever,Waabi,"V&V Engineer, Electrical","Waabi, founded by AI visionary Raquel Urtasun, is the leader in Physical AI. With a world-class team, we're unlocking the next era of autonomous transportation with technology that's powering commercial autonomous trucks and robotaxis. Waabi is backed by and partners with world leaders in AI, automotive, logistics, and deep tech.
With offices in Toronto, San Francisco, Dallas, and Pittsburgh, Waabi is growing quickly and looking for diverse, innovative and collaborative candidates who want to impact the world in a positive way. To learn more visit: www.waabi.ai


You Will…
V&V Execution and Quality Assurance 
Characterize the vehicle and derive electrical requirements, decomposing them to module and component level with bidirectional traceability to test evidence.
Own the electrical DVP&R - plan and execute functional and performance testing, including EMC/EMI, and electrical stress and robustness testing, on prototypes and production-intent hardware. Build and maintain custom fixturing as necessary.
Identify and troubleshoot electrical functionality, compatibility, and performance issues; lead root cause analysis and drive corrective actions to closure.
Cross-Functional Collaboration 
Partner with design, systems, quality and software engineers to integrate electrical V&V and Design for Test (DfT) into the wider program.
Document and present test results and recommendations to design teams and program leadership to drive improvements.
Regulatory Compliance and Certification 
Manage all aspects of Compliance Testing and Certification while adhering to ISO 26262 and UL 4600.
Plan and execute critical compliance tests in accordance with standards such as ISO 16750, 11451/11452, UL, CE, IEC and various OEM standards.
Certification Management 
Coordinate with external accredited laboratories for pre-compliance and formal certification testing.
Oversee the analysis of test failures, perform root cause analysis on non-compliance issues, and maintain all detailed test reports, compliance logs, and documentation required for certification.
Process and Toolchain Development 
Build and evolve Waabi's electrical V&V methodology, lab capability, and toolchain.
Assess a new OEM's DV/PV process quickly and advise leadership on level of effort, complexity, and cost relative to Waabi's.
Qualifications:
5 + years in an Electrical V&V role, preferably automotive or heavy vehicle.
Minimum of a Bachelor’s of Science in Engineering.
Understand all aspects of an automotive DV/PV process.
Deep understanding of the automotive PPAP process.
Working knowledge with automotive APQP.
Experience working directly with Automotive OEMs, Tier 1 & 2 suppliers.
“On your feet” knowledge of International automotive environmental and EMC standards, including SAE J1455, ISO 11451 / 11452, or MIL-STD-810.
Working knowledge of AEC standards.
Ability to adjust V&V Process to support various OEMs.
Direct experience characterizing vehicles to set environmental and EMC requirements for new projects or OEMs.
Bonus/nice to have:
Experience working in an Agile/Scrum environment.
Technical experience in developing self-driving vehicles.
Experience with the NRTL (UL) and CE certification.
Experience with SolidWorks, ANSYS, Polarion.
Experience designing and building HIL test benches and automating regression testing.
Accelerated life testing, HALT/HASS, and Weibull or reliability demonstration analysis.
Ability to perform risk analysis and prevention, FMEA, FTA, RCA.
Experience with CANbus, Python, Shell, Unix OS, SPICE.
",CA,"Pittsburgh, PA",https://jobs.lever.co/waabi/c4309c3b-91a3-4415-b53b-2993937c88ce,"1787069492534",onsite,2026-09-01 15:11:44.538 +0700,18
1928,lever,Zoox,Procurement Operations Manager,"The Procurement & Strategic Partnerships (PSP) team at Zoox builds the sourcing, contracting, and supplier relationships that keep our autonomous vehicle mission moving forward. We work at the intersection of operations, finance, and technology, bringing the same rigor and care to procurement that we bring to the vehicles we build. You'll join a team that values ownership, clear communication, and continuous improvement.
 
As Zoox scales, so does the complexity of sourcing and managing the services that support our business. In this role, you'll take on a variety of responsibilities, from supporting the deployment of a new business process outsourcing (BPO) relationship to helping drive the process improvements that make procurement work better for everyone at Zoox. You'll have the opportunity to build from the ground up, deepen your knowledge of enterprise procurement operations, and grow your program and project management skills along the way.
",US,"Foster City, CA",https://jobs.lever.co/zoox/68996f74-85e8-435d-9369-906438670794,"1784587567194",hybrid,2026-09-01 15:11:44.538 +0700,19
1194,lever,Waabi,Senior / Staff Manufacturing Engineer (NPI),"Waabi, founded by AI visionary Raquel Urtasun, is the leader in Physical AI. With a world-class team, we're unlocking the next era of autonomous transportation with technology that's powering commercial autonomous trucks and robotaxis. Waabi is backed by and partners with world leaders in AI, automotive, logistics, and deep tech.
With offices in Toronto, San Francisco, Dallas, and Pittsburgh, Waabi is growing quickly and looking for diverse, innovative and collaborative candidates who want to impact the world in a positive way. To learn more visit: www.waabi.ai


You will...
- Drive APQP Program Management at CM/Tier 1 sites, owning APQP to ensure a flawless Start of Production (SOP) and obtain PPAP deliverables.
- Design for Manufacturing (DFM) & Assembly (DFA): Provide design maturity feedback during APQP Phase 2, ensuring that the hardware can be built repeatedly with the CM’s specific tooling and equipment.
- Support Supplier Quality Engineering (SQE) by validating that component-level PPAPs from sub-tier vendors are integrated correctly into the CM’s assembly process.
- Be responsible for the mechanical assembly, test, and integration of sensors, compute, and actuation systems, defining the special characteristic (SC/CC) steps for the manufacturing process.
- Work closely with cross-functional teams to define, deploy, and validate End-of-Line (EOL) testers and calibration routines that confirm the ""digital health"" of the hardware.
- Lead the development of Process PPAP deliverables, including PFMEAs, Process Flow Diagrams, Control Plans, and Work Instructions ensuring the CM has identified and mitigated all assembly-related risks with ""Poka-Yoke"" (error-proofing) solution, and has established a robust manufacturing process.
- Design and qualify manufacturing equipment, tooling and gauges, ensuring that manufacturing process controls are in place. Providing assurance that GD&T and/or general specification and tolerance requirements are consistently met through MSA (Measurement Systems Analysis) and Gage R&R.
- Support Process Verification (PV) Testing, conducting ""Run-at-Rate"" studies to prove the manufacturing line can sustain quality targets at full production speed.
- Lead internal and CM-based RCCA (Root Cause Corrective Action) using the 8D methodology to resolve technical assembly failures during manufacturing.
- Manage Metrology and Measurement Systems Analysis (MSA), ensuring that all gauges and inspection fixtures at the CM are qualified via Gage R&R before production use.
- Collaborate with Field Quality teams to update manufacturing Control Plans based on real-world performance data and feedback from OEM partners.
 
Qualifications:
- Bachelors of Science in Mechanical Engineering or similar fields.
- NPI & CM Oversight Experience: Proven track record of launching automotive or high-tech hardware at Tier 1 or Contract Manufacturers using structured quality gates.
- Technical ownership of the launch cycle, specifically focusing on the transition from prototype to a production-validated manufacturing line.
- Advanced APQP & PPAP Management: Mastery of Control Plans, Process Flows, and Gage R&R, with a specific focus on manufacturing process stability (Cpk). Experience managing the transition from Design Verification (DV) to Process Verification (PV) and overseeing full PPAP submissions for complex electromechanical systems.
- Proficient with Solidworks for reviewing assembly fixtures, pallets, and inspection jigs.
- Expertise in GD&T & Metrology: Deep understanding of how to verify complex mechanical tolerances in a production environment using CMM, OMM, or vision systems.
- Problem-Solving Expert: Mastery of 8D and RCCA, with the ability to lead high-pressure technical resolution activities during a production ramp.
- Experience with PLM tools and document revision control to manage Engineering Change Orders (ECOs) and ensure BOM accuracy during the APQP cycle.
- Experience with various manufacturing processes such as precision torque, thermal interface material (TIM) dispensing, and high-stakes sensor calibration.
- Present manufacturing readiness to cross-functional teams, using data-driven insights to justify the move from APQP Phase 3 to Phase 4.
 
Bonus Qualifications:
- Automotive, Aerospace, Autonomous Vehicle (AV) or EV industry experience is highly preferred.
- IPC/WHMA-A-620 and IPC-A-610 knowledge for acceptance of wire harness assemblies and electronic assemblies.
- Experience with Robotic Workcells or automated assembly systems.
- Certified Quality Engineer (CQE) or Six Sigma Green/Black Belt.
",CA,"Pittsburgh, PA",https://jobs.lever.co/waabi/22ac1531-8c88-4a4e-b05e-e8fc4cc2dd4a,"1787163970257",onsite,2026-09-01 15:11:44.538 +0700,20
1257,lever,Waabi,Senior / Staff ML Training Optimization Engineer,"Waabi, founded by AI visionary Raquel Urtasun, is the leader in Physical AI. With a world-class team, we're unlocking the next era of autonomous transportation with technology that's powering commercial autonomous trucks and robotaxis. Waabi is backed by and partners with world leaders in AI, automotive, logistics, and deep tech.

With offices in Toronto, San Francisco, Dallas, and Pittsburgh, Waabi is growing quickly and looking for diverse, innovative and collaborative candidates who want to impact the world in a positive way. To learn more visit: www.waabi.ai


You will...
- Build standardized distributed training frameworks for research and production, drive our training towards new levels of stability and efficiency.
- Comprehensively profile model runtime and memory to pinpoint performance bottlenecks.
- Identify and evaluate emerging technologies that can be adopted into Waabi’s training and inference frameworks. Examples include designing new CUDA kernels, quantization-aware training and inference, and compilation/deployment techniques.
- Work with researchers and ML engineers on best-practices for optimal resource usage.
- Create and improve tooling and dashboards to ensure broad adoption of your work.
 
Qualifications:
- MS/PhD or Bachelors degree with a minimum of 4 years of industry experience in Computer Science, Robotics and/or similar technical field(s) of study.
- Solid coding proficiency in a variety of coding languages including Python, C++ or Rust.
- Experience in deep learning frameworks such as PyTorch or Jax.
- Skilled in profiling CPU and GPU code using tools such as PyTorch Profiler and NVIDIA Nsight.
- Open-minded and collaborative team player with willingness to help others.
- Passionate about self-driving technologies, solving hard problems, and creating innovative solutions.
 
Bonus/nice to have:
- Experience in identifying when custom CUDA kernels are needed, and implementing them.
- Experience in Bazel in a monorepo environment, and integrating third party packages into dev environments.
- Experience with Kubernetes-based training platforms.
 
",CA,Remote US & Canada,https://jobs.lever.co/waabi/eedaf111-0efd-4f8f-9c2d-ce829b5cb0eb,"1778259092241",hybrid,2026-09-01 15:11:44.538 +0700,21
1879,lever,Zoox,"Chassis Controls Engineer, Brakes & Steering","BEFORE PROCEEDING, PLEASE REMEMBER TO ADD THE CORRECT TAGS! (See tags list below)

About the Role
Tell potential applicants about the team’s core values. This will help ensure candidates who share Zoox’s values apply. Highlight the broader impact of the team and Zoox. Quality applicants are drawn to work that is meaningful. How will a candidate be contributing and making a difference? Communicate that there are opportunities for learning and growth. Great candidates seek out companies that support growth and learning. 

Remember: Candidates are looking for cues about whether or not they will fit in at Zoox, so make sure your  language is balanced and inclusive.

Example:
The Autonomous Driving Software Integration team at Zoox is responsible for bringing together the computer science world with the automotive world in order to create an amazing product for everyone. Our team has a collaborative culture marked by openness and supportive risk-taking. You’ll be part of a passionate team dedicated to making cities safer, smarter and more sustainable. 

Together with the team, you will define the driving experience of the robot by engineering application software responsible for decision making, trajectory planning, and controls. We are looking for an engineer who is excited to traverse the autonomous driving compute stack, loves to learn new things, and likes to take ownership of major software components. If you like to work close to the robot platform and enjoy experiencing your developed software in the robot, we would like to hear from you.

TAGS
- Data Science
- Communications
- Design and Product
 - Operations
- Finance
- Procurement
- Hardware Engineering
- Product Security
- Human Resources
 - Program Management
- Information Technology
 - Quality
- Legal and Policy
- Software Engineering
- Manufacturing Operations
- Supply Chain
- Systems and Safety
",US,"Foster City, CA",https://jobs.lever.co/zoox/341859c7-6449-482b-a6ef-1717bd97ea78,"1786987754747",onsite,2026-09-01 15:11:44.538 +0700,22
1221,lever,Waabi,Sensors Team Lead,"Waabi, founded by AI visionary Raquel Urtasun, is the leader in Physical AI. With a world-class team, we're unlocking the next era of autonomous transportation with technology that's powering commercial autonomous trucks and robotaxis. Waabi is backed by and partners with world leaders in AI, automotive, logistics, and deep tech.
 
With offices in Toronto, San Francisco, Dallas, and Pittsburgh, Waabi is growing quickly and looking for diverse, innovative and collaborative candidates who want to impact the world in a positive way. To learn more visit: www.waabi.ai


You will...
Sensor Development
Responsible for driving the technical direction and creating the overall strategy/roadmap for Waabi.
Developing a technical plan that aligns with the development of the Waabi Driver over multiple generations and stages of maturity for different verticals.
Sensor Evaluation and Requirements
Maintain strategic technical relationships with all sensor vendors to stay informed on the latest technologies and options.
Lead the comprehensive testing and evaluation of new sensor samples utilizing test fixtures and the Sensor Mule vehicle along with the development of the related tooling to support.
Drive the development of Waabi Sensor Requirements in collaboration with the Systems and Hardware Systems teams.
Integration and Optimization
Oversee the entire sensor integration pipeline, ensuring raw data is correctly ingested into the compute platform.
Manage sensor configuration to align with optimized settings (resolution, frame rate, FOV) provided by the Autonomy & AI team.
Health, Reliability, and Safety
Implement systems for monitoring data integrity, identifying issues such as corrupt data, latency, or environmental interference.
Define standards for what constitutes a ‘clean sensor’ and develop validation methods, supporting the development of event-based cleaning triggers in coordination with Autonomy & AI.
Work closely with Autonomy & AI on application-level monitoring of data quality to support overall autonomy performance.
Cross-Functional Leadership
Collaborate with the Sim team to build accurate sensor simulation models and validate them through rigorous testing.
Provide technical direction and leadership to the team, ensuring cohesion and alignment with the overarching technical strategy.
Qualifications:
10+ years of experience in related hands-on experience with Lidar, Radar and Camera, preferably in autonomous vehicles or robotics.
5+ years in a leadership role
Bachelor’s of Science in Mechanical Engineering, Optical Engineering, Electrical Engineering, Physics, Mechatronics, Computer Science, or a related field.
Proven experience in leading technical teams in sensor development, validation, or integration for complex systems.
Deep technical knowledge of automotive or robotics sensors (Lidar, Radar, Cameras).
Demonstrated ability to drive technical strategy and roadmap development.
Experience in developing sensor requirements and managing vendor relationships.
Strong problem-solving skills and meticulous attention to detail.
Excellent written and verbal communication skills.
Ability to work independently and collaboratively in a fast-paced, dynamic environment.
Open-minded and collaborative team player with a willingness to assist others.
Passionate about self-driving technologies, tackling complex problems, and creating innovative solutions.
Bonus/nice to have:
Experience with GNSS and/or IMU.
Technical experience in developing self-driving vehicles.
",CA,Remote US,https://jobs.lever.co/waabi/80ba4ee8-21c9-4e44-a6b4-72677d814fca,"1781114993344",hybrid,2026-09-01 15:11:44.538 +0700,23
2041,lever,Zoox,Senior Technical Program Manager - Compute and Sensors,"
Zoox has embarked on a highly ambitious journey to develop a full-stack autonomous mobility solution for our cities. We’re looking for a technical program manager to drive cross-functional programs delivering our next-generation compute platform and sensor architecture — the hardware and software backbone of our autonomous vehicle stack. You'll own program strategy, execution, and risk management across hardware, embedded software, and systems integration teams, working closely with hardware engineering, perception, and platform software groups to ship on schedule.
",US,"Foster City, CA",https://jobs.lever.co/zoox/e93ca4b5-b327-40f1-886b-a72a251c33e2,"1785967762497",hybrid,2026-09-01 15:11:44.538 +0700,24
1789,lever,WeRide,Software Engineer - Mapping & Localization,"Established in 2017, WeRide (NASDAQ: WRD) is a leading global commercial-stage company that develops autonomous driving technologies from Level 2 to Level 4 and is the world's first publicly listed autonomous vehicle (AV) company. Its business footprint now spans more than 60 cities across 13 countries. Powered by the intelligent, versatile, and highly adaptable WeRide One platform, the company provides autonomous driving products and services ranging from Level 2 to Level 4, addressing mobility, logistics, and urban services.


WeRide.ai Silicon Valley team is looking for outstanding Software Engineers to lead our visual mapping and localization efforts. We're looking for an engineer with an advanced degree and experience building mapping and localization systems that work with real data in uncertain environments.
You will be responsible for:
Build state-of-the art mapping pipelines that combine data from a wide variety of sensors, as well as localization algorithms that make use of these maps in realtime.
",CN,"San Jose, CA",https://jobs.lever.co/weride/acb82703-595c-48bc-9b7c-815a70d0c5a9,"1588385472123",onsite,2026-09-01 15:11:44.538 +0700,25
582,smartrecruiters,Bosch,Kaufmännischer Sachbearbeiter (w/m/div.),"<p><strong>Möchtest du deine Ideen in nutzbringende und sinnvolle Technologien verwandeln? Ob im Bereich Mobility Solutions, Consumer Goods, Industrial Technology oder Energy and Building Technology – mit uns verbesserst du die Lebensqualität der Menschen auf der ganzen Welt. Willkommen bei Bosch.</strong>&#xa0;&#xa0;&#xa0;&#xa0;&#xa0;&#xa0;</p><p>Für unseren kaufmännischen Bereich am Standort Leipzig suchen wir zum nächstmöglichen Zeitpunkt Unterstützung als <strong>Kaufmännischer Sachbearbeiter (w/m/div.)</strong>.</p><p>Die Bosch Service Solutions Leipzig GmbH freut sich auf deine Bewerbung!</p>
<ul><li>Zu deinen Aufgaben zählen die Kontrolle und Pflege unserer Kundendaten in SAP.</li><li>Darüber hinaus überprüfst du den Warenbestand und nimmst eventuelle Bestandsanpassungen vor.</li><li>Die Erstellung von Rechnungen sowie Kundenanschreiben gehört ebenso zu deinem Aufgabenbereich.</li><li>Du kommunizierst sowohl telefonisch als auch schriftlich mit internen und externen Kunden oder Fachabteilungen.</li></ul>
<ul><li><strong>Ausbildung:</strong> kaufmännische Ausbildung wünschenswert</li><li><strong>Know-How:</strong> fundierte Erfahrung im Umgang mit SAP und Excel</li><li><strong>Arbeitsweise:</strong> zuverlässig, kundenorientiert und strukturiert</li><li><strong>Begeisterung:</strong> Freude an der Zusammenarbeit im Team</li><li><strong>Sprachen:</strong> sehr gute Deutschkenntnisse in Wort und Schrift</li></ul>
<ul><li><strong>Zentrumsnähe:</strong> Attraktiver Standort in der Innenstadt</li><li><strong>Verkehrsanbindung:</strong> Gute Anbindung an öffentliche Verkehrsmittel mit vergünstigtem Jobticket</li><li><strong>Sicherheit:</strong> Gute Arbeitsbedingungen mit langfristiger Beschäftigung</li><li><strong>Interne Entwicklungs- und Karrieremöglichkeiten</strong>: Teamleiter-Qualifikation, Talent Pool u.v.m.</li><li><strong>Vielfältige</strong> <strong>Weiterbildungsangebote</strong>: Sprach- und Excelkurse, Softskilltrainings, Kommunikationsseminare u.v.m.</li><li><strong>Betriebliches</strong> <strong>Gesundheitsmanagement</strong>: Grippeschutzimpfung, Gesundheitstage, gemeinsame Sportevents und -kurse</li><li><strong>Angenehme</strong> <strong>Arbeitsatmosphäre</strong>: Obst- und Gemüsetage, kostenfreier Kaffee und Tee</li><li><strong>Gesundheit: </strong>Betriebsarzt und betriebliche Sozialberatung</li><li><strong>Altersvorsorge: </strong>Zuschuss zur betrieblichen Altersvorsorge im Rahmen des Bosch-Pensionsfonds</li><li><strong>Mitarbeiterrabatte</strong>: Bosch-Produkte, Reisebuchungen, Konzerte, Freizeitangebote, Modehäuser, Job-Rad u.v.m.</li><li><strong>Mitarbeiterevents</strong>: Welcome-Day, Sommerffest, Diversity Day u.v.m.&#xa0;</li></ul><p>&#xa0;</p><p>Haben wir dein Interesse geweckt? Dann freuen wir uns auf deine Bewerbung!</p><p><strong>Dein Ansprechpartner bei Fragen zum Bewerbungsprozess:</strong></p><p>Maria Naumann<br>
+49 341 99193-928</p><p>&#xa0;</p>",DE,"Leipzig, SN, Germany",https://jobs.smartrecruiters.com/BoschGroup/744000146460419-kaufmannischer-sachbearbeiter-w-m-div-,"2026-08-31T12:31:26.078Z",Full-time,2026-09-01 15:11:44.538 +0700,1
569,smartrecruiters,Bosch,Energy Market & Business Analysis,"<p><strong>Do you want beneficial technologies being shaped by your ideas? Whether in the areas of mobility solutions, consumer goods, industrial technology or energy and building technology – with us, you will have the chance to improve quality of life all across the globe.</strong></p>
<ul><li>Market Monitoring: Assist in tracking and analysing regional wholesale electricity and natural gas markets, focusing on price drivers, capacity fees, and commodity trends.</li><li>Portfolio Support: Help track and support internal processes of invoicing and data transfers.</li><li>Data Management &amp; Digital Solutions</li><li>Data Processing &amp; Reporting: Clean, structure, and analyse large datasets from energy consumption logs and wholesale price feeds using advanced MS Excel and spreadsheet modelling.</li><li>Reporting Automation: Support the design, maintenance, and continuous improvement of automated dashboards (e.g., using Power BI or Tableau) to assist in executive decision-making.</li><li>Digital Transformation: Collaborate on developing automated solutions (using Python, SQL, or workflow scripting tools) to eliminate manual, repetitive reporting tasks.</li></ul>
<ul><li>Enrolled student in Economics, Finance, Business Informatics, IT, Digital Business, or similar.</li><li>Interest in economics, finance, digital solutions and IT-drive business processes.</li><li>Structured and analytical way of working.</li><li>High level of ownership and reliability.</li><li>Very good English skills (German is a plus).</li><li>Strong capabilities in advanced formulas, pivot tables, and structured data analysis.</li><li>Basic exposure to or high willingness to learn data visualization tools (Power BI), database structures (SQL), or data science programming languages (Python).</li><li>Weekly minimum 25&#xa0;hours.</li></ul>
<p><strong>Get to know our #LikeABosch benefits</strong></p><p>We would like to help you&#xa0;<strong>GROW</strong>, so we offer you:</p><ul><li><strong>Financial security &amp; recognition:&#xa0;</strong>We offer competitive base salary and referral bonus.</li><li><strong>Trainings and professional development:</strong>&#xa0;We believe in a&#xa0;Life-Long Learning&#xa0;approach, so you can take advantage of several technical and soft skill trainings.</li></ul><p><strong>We would like you to ENJOY</strong>&#xa0;the benefits of balancing your life and your work, so we pay attention to:</p><ul><li><strong>Your work life-balance:&#xa0;</strong>You can work from our activity-based&#xa0;<strong>offices</strong>&#xa0;designed for creativity and efficiency&#xa0;<strong>or from home</strong>&#xa0;while enjoying&#xa0;<strong>flexible working hours</strong>.</li><li><strong>Your health and well-being:&#xa0;</strong>We provide free professional consultants for any personal, legal, financial or health related issues.</li><li>We also offer you<strong>&#xa0;several perks and benefits:&#xa0;</strong>You can enjoy our&#xa0;<strong>onsite canteen,</strong>&#xa0;we&#xa0;<strong>support when you work from home</strong>&#xa0;and if you live far, we cover your&#xa0;<strong>commute costs</strong>.</li></ul><p><strong>You could join&#xa0;</strong>an&#xa0;<strong>INSPIRING</strong>&#xa0;community worth to belong:</p><ul><li>We are true to&#xa0;<strong>our values:</strong>&#xa0;We are committed to&#xa0;<strong>sustainability</strong>, we value that everyone is different and that&#xa0;<strong>diversity</strong>&#xa0;makes us truly successful. We also take&#xa0;<strong>social responsibility</strong>&#xa0;seriously and regularly organize charity actions, blood donations and support worthy causes.</li><li>Team building activites and&#xa0;<strong>community events</strong>&#xa0;are also part of our everydays. We like to come together for a good summer party or family day.</li></ul><p>Are you ready to work&#xa0;<strong>#LikeABosch</strong>?</p>",DE,"Budapest, , Hungary",https://jobs.smartrecruiters.com/BoschGroup/744000146439179-energy-market-business-analysis,"2026-08-31T10:23:27.739Z",Intern,2026-09-01 15:11:44.538 +0700,2
597,smartrecruiters,Bosch,Teamleitung Support (Produkt- und Portfoliomgmt) (w/m/div.),"<p><strong>Bei Bosch gestalten wir Zukunft mit hochwertigen Technologien und Dienstleistungen, die Begeisterung wecken und das Leben der Menschen verbessern. Unser Versprechen an unsere Mitarbeiterinnen und Mitarbeiter steht dabei felsenfest: Wir wachsen gemeinsam, haben Freude an unserer Arbeit und inspirieren uns gegenseitig. Willkommen bei Bosch.</strong></p><p>Gebäudelösungen für ein besseres Leben – hierfür steht Bosch Energy and Building Solutions. Viele Kunden unterschiedlicher Branchen vertrauen auf uns als langjährigen Partner und täglich werden es mehr! Daher sucht unsere hochmotivierte Mannschaft ein weiteres engagiertes Teammitglied mit Freude an einer vielfältigen Aufgabe.&#xa0;</p><p>Bosch Energy and Building Solutions freut sich auf Ihre Bewerbung!</p>
<p>Als Teamleitung Produkt-Support im Produkt- und Portfoliomanagement der Business Unit „Europe Building Solutions“ übernehmen Sie die fachliche Führung eines Teams von 8 Mitarbeitenden, das für die Sicherstellung der Qualität und Kundenzufriedenheit unserer Produkte und Services in der Business Unit verantwortlich ist. Ihr<br>
Verantwortungsbereich umfasst die Domänen Video, Zutrittskontrolle, Einbruchmeldetechnik, Management-Systeme und Gebäudeautomation. Sie agieren als Schnittstelle zwischen den Produkt- und Portfoliomanagern, unseren Partnern und weiteren Stakeholdern und treiben die operative Exzellenz im Support-Bereich maßgeblich voran. Als Teil unseres Produkt- und Portfolio-Management Teams treiben Sie den technologischen und kulturellen Wandel zum produktagnostischen Integrator voran und leiten strategische Projekte.</p><p><strong>• Fachliche Teamführung:&#xa0;</strong>Sie führen Ihr Team von 8 Personen fachlich. Dabei fördern Sie eine kunden-, service, - sowie lösungsorientierte Arbeitsweise und stellen sicher, dass alle Support-Anfragen effizient und zielgerichtet bearbeitet werden.<br>
<strong>• Sicherstellung der Servicequalität:</strong> Sie definieren und überwachen wichtige KPIs wie Lösungszeiten und Eskalationsraten, um eine exzellente Servicequalität zu gewährleisten und kontinuierlich zu verbessern.<br>
<strong>• Transformation, Prozessoptimierung und Excellence:</strong>&#xa0;Sie treiben den technologischen und kulturellen Wandel&#xa0;hin zu einem datengetriebenen, KI-unterstützten&#xa0;Competence Center&#xa0;voran.&#xa0;Sie konzipieren und&#xa0;leiten&#xa0;hierfür&#xa0;Excellence-Projekte, um durch den Einsatz von&#xa0;u.a.&#xa0;KI-gestützten Tools und Automatisierungslösungen die&#xa0;Effizienz&#xa0;zu&#xa0;steigern&#xa0;und manuelle Aufwände zu reduzieren.&#xa0;<br>
<strong>• Schnittstellenmanagement:</strong> Sie gewährleisten eine enge und effektive Zusammenarbeit mit zentralen Schnittstellen wie den Produkt- und PortfoliomanagerInnen, der technischen Realisierung, internen Service-<br>
Einheiten sowie externen Partnern und auch Kunden, um komplexe technische Probleme nachhaltig zu lösen.<br>
<strong>• Wissensmanagement und Kompetenzaufbau:</strong> Sie verantworten den Aufbau und die Weiterentwicklung einer zentralen Wissensdatenbank, um sowohl Mitarbeitenden als auch Technikern und weiteren Stakeholdern schnellen Zugriff auf relevante Informationen zu ermöglichen und die Kompetenz im Team stetig<br>
zu erweitern.<br>
<strong>• Kundenfokussiertes Eskalationsmanagement: </strong>Sie agieren als AnsprechpartnerIn für kritische Kundeneskalationen, analysieren die Ursachen und koordinieren die notwendigen Maßnahmen zur schnellen und zufriedenstellenden Lösung sowie zur langfristige Verbesserungen der Produkte und Services.<br>
<strong>• Testing neuer Produkte und Services:</strong> Sie koordinieren die Durchführung von Tests für neue Produkte und Services (u.a. Systemtests, PoCs, etc.), um diese ins Portfolio aufzunehmen und tragen damit wesentlich zur Umsetzung unserer Strategie zum produktagnostischen Integrator bei.</p><p><br>
<br>
&#xa0;</p>
<p><strong>• Ausbildung:&#xa0;</strong>abgeschlossenes Studium im Bereich Wirtschaftsingenieurwesen, Elektrotechnik, Informatik oder eine vergleichbare technische Qualifikation.<br>
<strong>• Erfahrungen und Know-how: </strong>mehrjährige Berufserfahrung im Umfeld der Gebäudeautomation und / oder Sicherheitstechnik. Erfahrung in einem technischen oder kundennahen Umfeld, idealerweise im technischen Produkt-Support oder ähnlichem. Expertise mit State-of-the-Art Technologien für digitales und effizientes Support-Management.<br>
<strong>• Persönlichkeit und Arbeitsweise:</strong>&#xa0;analytisches und strategisches<br>
Denkvermögen mit einer ausgeprägten Kundenorientierung. Ausgeprägte Kommunikations- und Präsentationsfähigkeiten.<br>
<strong>• Sprachen:</strong> Verhandlungssichere Deutsch- und Englischkenntnisse.</p>
<p>Wir bieten flexible Arbeitsmodelle: von unterschiedlichen Teilzeitmöglichkeiten über mobiles Arbeiten bis hin zum Jobsharing. Sprechen Sie uns gerne dazu an.</p><p>Vielfalt und Inklusion sind für uns keine Trends, sondern fest verankert in unserer Unternehmenskultur. Daher freuen wir uns über alle Bewerbungen: unabhängig von Geschlecht, Alter, Behinderung, Religion, ethnischer Herkunft oder sexueller Identität.</p><p>Dieses Stellenangebot gehört vertraglich zur Bosch Sicherheitssysteme GmbH.</p><p><strong>Sie haben Fragen zum Bewerbungsprozess?</strong><br>
Viet Tan Nguyen (Personalabteilung)<br>
+49 89 6290 2193</p><p><strong>#LI_Jobslot</strong></p>",DE,"München, BY, Germany",https://jobs.smartrecruiters.com/BoschGroup/744000146494291-teamleitung-support-produkt-und-portfoliomgmt-w-m-div-,"2026-08-31T15:21:26.798Z",Full-time,2026-09-01 15:11:44.538 +0700,3
612,smartrecruiters,Bosch,Territory Account Manager - Remote,"<p>Our ELPRO Division has supported the pharma, biotech, and healthcare industries with intelligent monitoring solutions—ensuring compliance, visibility, and safety from production to patient.&#xa0;ELPRO has been a trusted partner in compliant environmental monitoring. We’re committed to supporting your entire pharmaceutical supply chain—from production and storage to transport and delivery to the end user. With in-house developed hardware and software, GxP-compliant consulting, and global support services, we ensure data integrity, compliance, and peace of mind—every step of the way.</p>
<p>The Territory Account Manager (TAM) is responsible for business development within their assigned geographical territory. The TAM will focus region-ally on small/mid-level pharma, maintenance and growth of select established accounts, and channel partner relationships. As a member of the sales team, the TAM will be measured for overall growth of the territory. The TAM may also support the global Key Account Manager as needed for local business, and act as liaison between Inside Sales and the customer.</p>
<p> 4-year degree, technical equivalent, or related work experience (Masters desirable)<br>
 5+ years of highly successful related sales or account management experience<br>
 Datalogging and/or pharma industry experience<br>
 Strong writing and presentation skills<br>
 Experience in technical consultancy, project management in the context of sales processes</p>
<p> Independent, reliable, and accurate<br>
 Willing to travel (50%)<br>
 Strong customer orientation<br>
 Technical flair<br>
 Team player<br>
 Analytical and solution oriented</p><p>The TAM will focus regionally on small/mid-level pharma, maintenance and growth of select established accounts, and channel partner relationships &amp; Support the global Key Account Manager as needed for local business, an act as liaison between Inside Sales and the customer.</p><p>All your information will be kept confidential according to EEO guidelines.</p><p>The U.S. base salary range for this full-time position is $90,000 - $117,000. Within the range, individual pay is determined based on several factors, including, but not limited to, work experience and job knowledge, complexity of the role, job location, etc. Your Recruiter can share more details about the specific salary range for this position during the interview process.</p><p>Equal Opportunity Employer, including disability/veterans.</p><p>&#xa0;</p>",DE,"New York, NY, United States",https://jobs.smartrecruiters.com/BoschGroup/744000146539450-territory-account-manager-remote,"2026-08-31T19:28:34.817Z",Full-time,2026-09-01 15:11:44.538 +0700,4
623,smartrecruiters,Bosch,Motorsport Customer Application Engineer,"<p><strong>We Are Bosch.</strong></p><p>At Bosch, we shape the future by inventing high-quality technologies and services that spark enthusiasm and enrich people’s lives. Our areas of activity are every bit as diverse as our outstanding Bosch teams around the world. Their creativity is the key to innovation through connected living, mobility, or industry.</p><p>Let’s grow together, enjoy more, and inspire each other.&#xa0;<strong>Work #LikeABosch&#xa0;</strong></p><ul><li><strong>Reinvent yourself:&#xa0;</strong>At Bosch, you will evolve.</li><li><strong>Discover new directions:</strong>&#xa0;At Bosch, you will find your place.</li><li><strong>Balance your life:</strong>&#xa0;At Bosch, your job matches your lifestyle.</li><li><strong>Celebrate success:</strong>&#xa0;At Bosch, we celebrate you.</li><li><strong>Be yourself:</strong>&#xa0;At Bosch, we value values.</li><li><strong>Shape tomorrow:</strong>&#xa0;At Bosch, you change lives.</li></ul>
<p>Bosch Motorsport supplies electronics, sensors, actuators, and engineering services to racing series and teams worldwide. Bosch Motorsport North America provides a collaborative work environment in which employees support technical projects and business objectives.</p><p>As a member of the engineering team, this position supports application and development engineers on professional motorsport projects in North America. Responsibilities include contributing to the development, integration, and support of motorsport technologies in accordance with defined project requirements.</p><p><strong>What You Will Do</strong></p><p>The Motorsport Customer Application Engineer serves as a primary technical contact at customer facilities and race tracks, supporting the development, integration, validation, and optimization of motorsport electronic systems and software. The role requires the ability to perform the essential functions in fast-paced work environments and to travel domestically and internationally approximately 50–80 days per year.</p><ul><li><strong>Customer Application and Program Coordination</strong><br>
Provide on-site application engineering support for motorsport products, including engine controllers, vehicle control units, displays, power distribution units, and telemetry modules, at customer facilities and race tracks. Gather and document technical requirements, support project schedule development, and coordinate customer-facing track activities with internal development teams.</li><li><strong>Customer and Team Technical Support</strong><br>
Serve as a technical point of contact at track locations for supported race teams. Diagnose and resolve system-level issues within the scope of the role and coordinate with customers and internal teams regarding approved parameter changes.</li><li><strong>Controls and Hybrid Strategy Development</strong><br>
Develop and document control strategies for internal-combustion-engine and hybrid powertrains, including hybrid energy recovery systems, torque coordination, and related control algorithms.</li><li><strong>Vehicle Electrical Architecture</strong><br>
Develop and validate vehicle electrical and communication network topologies, including analog signals, digital signals, CAN, and Ethernet configurations, in accordance with defined technical requirements.</li><li><strong>Simulation and Virtual Development</strong><br>
Develop, maintain, and execute virtual simulation environments using Software-in-the-Loop, Hardware-in-the-Loop, and Driver-in-the-Loop methods to validate controls and support trackside system setup.</li><li><strong>Software Tools and Standards</strong><br>
Develop and maintain internal software tools and scripts using MATLAB, Python, C#, or comparable technologies. Contribute to documented coding standards and software architecture practices.</li><li><strong>Technical Knowledge Sharing</strong><br>
Provide job-related technical guidance, share documented best practices, and support knowledge transfer among engineering team members.</li><li><strong>Domestic and International Travel</strong><br>
Travel domestically and internationally approximately 50–80 days per year to provide application engineering support at customer facilities, test tracks, race tracks, and development locations.</li></ul>
<p><strong>Minimum Qualifications</strong></p><ul><li>Bachelor’s degree in Engineering, Computer Science, or a closely related field.</li><li>At least five years of job-related application engineering experience gained through professional, academic, or project-based work.</li><li>At least five years of job-related experience using data-acquisition and data-analysis tools to evaluate technical system performance.</li><li>Experience applying engineering principles in professional motorsport, Formula SAE, or another environment involving comparable vehicle systems, controls, data acquisition, and trackside or field support.</li></ul><p><strong>Preferred Qualifications</strong></p><ul><li><strong>Technical Account and Lifecycle Management</strong><br>
Experience in technical account management or another customer-facing technical role, including documenting customer requirements and supporting system application, issue resolution, and validation.</li><li><strong>Customer Communication</strong><br>
Ability to communicate job-related technical information clearly to customers, suppliers, and internal engineering teams.</li><li><strong>Controls Development</strong><br>
Experience with internal-combustion-engine, hybrid, or battery-electric powertrain controls or chassis-control development, such as traction control, torque vectoring, or energy-recovery-system integration.</li><li><strong>System Design and Analysis</strong><br>
Experience designing, applying, or troubleshooting vehicle systems and implementing solutions within established project or operational timelines.</li><li><strong>Network and Protocol Architecture</strong><br>
Knowledge of wired or wireless network architectures, including the design, configuration, or troubleshooting of CAN- and Ethernet-based systems.</li><li><strong>Testing and Prototyping Systems</strong><br>
Experience using prototyping, simulation, or test equipment, such as dSPACE or ETAS systems, oscilloscopes, or spectrum analyzers.</li><li><strong>Software Architecture and Tool Design</strong><br>
Experience designing or implementing software tools using MATLAB, Python, C#, or a comparable language for data processing, simulation, or test automation.</li><li><strong>Technical Guidance and Coordination</strong><br>
Experience providing job-related technical guidance, documenting best practices, or coordinating work across multidisciplinary engineering teams.</li></ul><p>&#xa0;</p><p><strong>&#xa0;Ideal Candidate Characteristics</strong></p><ul><li><strong>Calm and Decisive Under Pressure</strong><br>
Comfortable making high-stakes, real-time technical decisions with incomplete data under tight trackside timelines, demonstrating strong personal accountability for vehicle performance and reliability.</li><li><strong>Systemic and Anticipatory Problem Solving</strong><br>
Deconstructs highly complex, ambiguous vehicle system issues into distinct components, managing uncertainty and actively anticipating how changes in one system impact other vehicle interdependencies.</li><li><strong>Champion of Data-Driven Objectivity</strong><br>
Fosters a rigorous, data-driven team culture that values technical objectivity; remains highly adaptable and open to changing direction based on what the trackside data reveals.</li><li><strong>Entrepreneurial Ownership</strong><br>
Applies an entrepreneurial mindset to the complete customer journey, proactively identifying bottlenecks, designing more efficient processes, and championing continuous improvement.</li><li><strong>Strategic and Diplomatic Communicator</strong><br>
Masters the art of translating intricate technical data and complex failures into clear, concise, and actionable executive summaries for both internal engineering teams and customers.</li><li><strong>Cultivator of Collaborative Growth</strong><br>
Actively encourages peer development, pushing the boundaries of the team’s collective capabilities by mentoring entry to mid-level engineers and promoting continuous learning across all areas of responsibility.</li></ul><p>If you’re passionate about motorsport and thrive in a dynamic, collaborative environment, we encourage you to apply. Join Bosch Motorsport in shaping the future of racing technology.</p><p><strong>Our Motorsport Culture</strong></p><p><strong>Passion and Performance</strong>: At Bosch Motorsport North America, we are a close-knit team of dedicated professionals united by our unwavering passion for achieving peak performance, both on and off the track. Our shared commitment drives us to strive for nothing less than the top step of the podium in everything we undertake.</p><p><strong>Entrepreneurial Mindset and Innovation</strong>: Embracing an entrepreneurial mindset, we constantly challenge the conventional norms. Fueled by innovation and a thirst for progress, we fearlessly tackle technical and commercial challenges to pave the way for groundbreaking solutions.</p><p><strong>Communication</strong>: Building strong relationships internally and with our valued customers is paramount. Through open and transparent dialogue, we foster a culture of trust and collaboration, ensuring that we understand and meet the needs of everyone involved.</p><p><strong>Balance</strong>: While we relentlessly pursue victory, we recognize the importance of balance. We believe in working hard but also cherish the value of a healthy work-life balance. This equilibrium empowers our team members to maintain their passion and drive while enjoying personal well-being and growth.</p><p>Together, we embrace a culture that pushes boundaries, fosters innovation, and cultivates genuine connections. Our collective determination and relentless pursuit of excellence propel us forward as a winning team, setting new standards in the world of motorsport.</p>
<p>Your well-being matters at Bosch! We offer a competitive compensation and a benefits package designed to empower you in every area of your life. This includes premium health coverage, a 401(k) with generous matching, resources for financial planning and goal setting, ample paid time off, parental leave, and comprehensive life and disability protection. We're investing in your success!&#xa0;</p><p><strong>Equal Opportunity Employer, including disability / veterans</strong>&#xa0;</p><p>*Bosch adheres to Federal, State, and Local laws regarding drug-testing. Employment is contingent upon the successful completion of a drug screen and background check. Candidates who have been offered the position must pass both screenings before their start date.&#xa0;</p>",DE,"Farmington Hills, MI, United States",https://jobs.smartrecruiters.com/BoschGroup/744000146552652-motorsport-customer-application-engineer,"2026-08-31T20:55:50.747Z",Full-time,2026-09-01 15:11:44.538 +0700,5
574,smartrecruiters,Bosch,SME - Project Management Office,"<p><strong>Bosch Global Software Technologies Private Limited</strong>&#xa0;is a 100% owned subsidiary of Robert Bosch GmbH, one of the world's leading global supplier of technology and services, offering end-to-end Engineering, IT and Business Solutions. With over 27,000+ associates, it’s the largest software development center of Bosch, outside Germany, indicating that it is the Technology Powerhouse of Bosch in India with a global footprint and presence in the US, Europe and the Asia Pacific region.</p>
<p><strong>Responsibilities:</strong></p><ul><li><p>Working with Project and Quality Management Process and Tools.</p></li><li><p>Interaction with department leaders and project managers to ensure quality adherence.</p></li><li><p>Working with specific datasets and analyze the requirements based on customer needs.</p></li><li><p>Analyzing data and present data through reports.</p></li><li><p>Creation of reports in MS office. Maintenance of reports as per customer needs.</p></li><li><p>Work with users and team members at all levels for performance improvement and suggestions.</p></li></ul>
<p><strong><u>Educational qualification:</u></strong></p><p>Any Graduation</p><p><strong><u>Experience :</u></strong></p><p>3-5 Years experience</p><p><strong>Skills:</strong></p><ul><li><p>Good Overview on Project Management and Quality Related Process.</p></li><li><p>Knowledge on IT PEP process &amp; Quality Audit requirements.</p></li><li><p>Ability to interact with multiple stakeholders.</p></li><li><p>Knowledge on MS Office products.</p></li><li><p>Good communication and Client management skills.</p></li><li><p>Ability to learn and respond quickly to the fast-changing business environment.</p></li><li><p>Self-motivated and eager to learn.</p></li><li><p>Know-How on SAPS4HANA</p></li><li><p>Knowledge on Automotive process library will be an added advantage.</p></li></ul>
",DE,"coimbatore, , India",https://jobs.smartrecruiters.com/BoschGroup/744000146447129-sme-project-management-office,"2026-08-31T11:30:57.938Z",Full-time,2026-09-01 15:11:44.538 +0700,6
573,smartrecruiters,Bosch,Internship – Logistics Procurement Planning,"<p>Bosch Thermotechnology AB in Tranås develops, manufactures, and sells advanced heat pumps that harness energy from nature’s own resources – rock, water, and air.</p><p>In Tranås, you’ll find both our production unit and our competence and development center, where we constantly strive to stay at the forefront. Here we create smart solutions that simplify everyday life, contribute to a greener future, and provide our customers with safety and comfort</p><p>We believe in technology that makes a difference – technology that is Invented for life.</p>
<p><strong>Your contribution to something big</strong></p><ul><li>Support projects on Supply Chain Development with suppliers, such as lead time reduction, profiling etc.</li><li>Support material requirement planning and procurement acknowledge via Planning tools etc. EDI, Supply ON, Classic EDI</li><li>Collect and analyze data related to logistics and supply chain operations</li><li>Develop and maintain dashboards and reports to track key performance indicators (KPIs)</li><li>Collaborate with cross-functional teams to understand their data needs and provide support</li></ul>
<p>Required skills</p><ul><li>Currently studying Industrial Engineering, Business Administration, or similar</li><li>Fluent verbal and written communication skills in English, Swedish is an advantage</li><li>Working experience in Excel, PowerPoint and MS Teams</li><li>Ability to work independently, approach people easily and apply your own initiative to find solutions</li><li>Technical background is a plus</li><li>Willingness to learn while supporting in various areas</li></ul><p>Preferred skills</p><ul><li>Working experience with MS Power BI and data analytics</li><li>Working experience in logistics environment (e.g. supply chain planning, physical logistics)</li></ul>
<p><strong>What we offer you </strong></p><ul><li>Monetary compensation is included to support you during your internship</li><li>We can offer free accommodation in Tranås</li><li>To support your well-being, we provide a wellness contribution for use on fitness, sports, or wellness services</li><li>We cover your travel costs from your residence to Tranås, making relocation easier for you</li><li>You gain valuable experience working within an international company with global connections</li></ul><p><strong>Welcome to Tranås – the heart of Bosch Home Comfort in Sweden</strong></p><p>Tranås, beautifully located by the idyllic Lake Sommen and surrounded by forests and nature reserves, is home to Bosch Thermotechnology AB in Sweden. Here, more than 600 associates work in manufacturing and research &amp; development of innovative heating solutions for a sustainable future.</p><p>At Bosch, we care about you, our business, and the environment.</p><p>We offer more than a job – we help you grow in your career and as a person. Life is about balance, and we support your goals, whether they involve new challenges, development, or time for family and hobbies.</p><p>Join a workplace that values individuality, openness, and trust, where you can be yourself and be inspired by diverse perspectives from around the globe.</p><p>Join us in Tranås and be part of shaping tomorrow’s energy solutions – in a workplace where innovation meets quality of life.</p><p>Here, you’ll find not just a job – but a lifestyle. <a href=""https://www.linkedin.com/feed/hashtag/?keywords=%23LikeABosch"" rel=""noopener noreferrer"">#LikeABosch</a></p><p>&#xa0;</p>",DE,"Tranås, Jönköpings län, Sweden",https://jobs.smartrecruiters.com/BoschGroup/744000146445379-internship-logistics-procurement-planning,"2026-08-31T11:16:50.739Z",Full-time,2026-09-01 15:11:44.538 +0700,7
571,smartrecruiters,Bosch, 2ª FASE | Pós-Graduação em Compras Globais e Gestão da Cadeia de Abastecimento (f/m/div.),"<p>O Grupo Bosch tem mais de 400 000 colaboradores em todo o mundo, presentes em 60 países, e temos orgulho em ter um impacto na vida das pessoas e em trabalhar para um futuro mais sustentável.</p><p>A Bosch Car Multimedia, S.A. pertence à divisão Automotive Electronics e está focada em fazer dos veículos o nosso terceiro espaço de convivência. Cerca de 3.600 colaboradores estão comprometidos em desenvolver e produzir tecnologia de alta qualidade que promove a mudança na mobilidade em todo o mundo. O sucesso da empresa reside na sua equipa altamente especializada e inovadora e no know-how tecnológico que faz da Bosch o fornecedor líder no mercado automóvel.</p><p>Na Bosch, moldamos o futuro ao criarmos produtos e serviços de alta qualidade que geram entusiasmo e melhoram a vida das pessoas. A promessa que fazemos aos nossos colaboradores é sólida: crescemos juntos, desfrutamos do que fazemos e inspiramo-nos uns aos outros. Junta-te a nós e sente a diferença de mentalidades, culturas, gerações, identidades e perspetivas. Todos devem trazer a sua autenticidade e trabalhar juntos com respeito. A Bosch é um empregador que valoriza a diversidade e a igualdade de oportunidades. Acolhemos candidaturas de pessoas com deficiências e incapacidades, podemos providenciar adaptações razoáveis no decurso do processo de recrutamento e no desempenho da atividade profissional. A inclusão de todos e a garantia de igualdade de oportunidades permite-nos atingir o nosso verdadeiro potencial.</p>
<p><strong>2ª Fase de Candidaturas<br>
1 a 7 de setembro de 2026, para as vagas sobrantes da 1.ª fase.</strong></p><p>-&#xa0;Programa com a duração de&#xa0;<strong>10 meses</strong>&#xa0;(setembro de 2026 a maio de 2027);</p><p>- <strong>2 dias por semana</strong>&#xa0;de formação universitária e&#xa0;<strong>3 dias por semana</strong>&#xa0;de estágio remunerado nas equipas de Compras da Bosch;</p><p><u><strong>Oferecemos</strong>:&#xa0;</u></p><p><strong>- Bolsa de estudo de 7.090 €/ano.</strong></p><p>&#xa0;</p><p><strong><u>Desenvolvimento de competências em:</u></strong></p><p>- Comunicação, tomada de decisão e dinâmica organizacional;</p><p>- Economia global e gestão estratégica;</p><p>- Regulação e compliance;</p><p>- Gestão de fornecedores (Supply Management);</p><p>- Análise financeira e controlo de gestão;</p><p>- Gestão de projetos e risco;</p><p>- Sistemas de gestão para Procurement;</p><p>- Estruturação e análise de dados.</p><p>- Acompanhamento por profissionais experientes e aplicação prática dos conhecimentos adquiridos em contexto empresarial.</p>
<p><strong>O que te diferencia:</strong></p><p>-&#xa0;Estudantes e profissionais com formação ou experiência nas áreas da Gestão, Economia, Engenharia, Logística ou áreas afins;</p><p>- Candidatos que pretendam desenvolver ou aprofundar competências no domínio da gestão de compras, aprovisionamento e cadeia de abastecimento;</p><p>- Estudantes de 2.º ciclo, profissionais em início de carreira, gestores, quadros técnicos e decisores empresariais com responsabilidades ou interesse nestas áreas.</p><p>- Inglês (Obrigatório).</p>
<p><u><strong>Condições de Acesso:&#xa0;</strong></u></p><p>As candidaturas ao curso deverão ser realizadas entre os dias 1 e 7 de setembro de 2026, para as vagas sobrantes da 1.ª fase, seguindo as indicações abaixo:</p><p>1. Submeter a seguinte documentação para o e-mail&#xa0;<a href=""mailto:cpgumbosch@eng.uminho.pt"" rel=""noopener noreferrer"" target=""_blank"">cpgumbosch@eng.uminho.pt</a>&#xa0;:</p><ul><li>Cópia do <strong>certificado de habilitações</strong>, com indicação da média final e discriminação das disciplinas realizadas e respetiva classificação;</li><li><strong>Curriculum vitae </strong>detalhado;</li><li>Cópia do <strong>Cartão de Cidadão;</strong></li><li><strong>Documento que ateste o nível de conhecimento de língua portuguesa</strong>, quando a mesma não seja a língua oficial, no caso de candidatos internacionais;</li><li><strong>Cópia de passaporte ou documento de identificação</strong> legalmente equivalente.</li></ul><p>2. Submeter a candidatura através do link que se encontra abaixo (""Estou Interessado"").&#xa0;</p><p>&#xa0;</p><p><strong>Nota:</strong>&#xa0;A candidatura apenas será considerada <strong><u>válida</u> após a conclusão da submissão em ambos os procedimentos.&#xa0;</strong></p><p>Mais informações, no site da Universidade do Minho em:&#xa0;&#xa0;<a href=""https://www.uminho.pt/PT/ensino/oferta-educativa/Cursos-nao-conferentes-a-grau/_layouts/15/UMinho.PortalUM.UI/Pages/CatalogoCursoDetail.aspx?itemId=6507&amp;catId=17"" rel=""noopener noreferrer"" target=""_blank"">Pós-graduação em Compras Globais e Gestão da Cadeia de Abastecimento</a></p><ol><br>
<li>&#xa0;</li></ol><p><strong>Work #LikeABosch inclui:&#xa0;</strong></p><p>🌐 Partilha de experiências com colegas de todo o mundo</p><p>🧑‍⚕️ Consultório medico (psicologia e clínica geral) &amp; gabinete de serviço social na localização</p><p>📚 Oportunidades de formação (p.e., formação técnica, formação em línguas estrangeiras)&#xa0;</p><p>📈 Desenvolvimento profissional contínuo</p><p>💲 Acesso a grandes descontos em parcerias e produtos Bosch</p><p>🏋️ Atividades desportivas e relacionadas com a saúde</p><p>🚉 Ótimo acesso a transportes públicos</p><p>🚌 Transporte gratuito a partir do Porto</p><p>🅿️ Parque de estacionamento grátis</p><p>🍽️ Cantina</p><p>&#xa0;</p><p><strong>Histórias de sucesso não acontecem por acaso... </strong></p><p><strong>Faz com que aconteçam. </strong><strong>Candidata-te!</strong></p>",DE,"Braga, Braga, Portugal",https://jobs.smartrecruiters.com/BoschGroup/744000146442429--2-fase-pos-graduacao-em-compras-globais-e-gestao-da-cadeia-de-abastecimento-f-m-div-,"2026-08-31T10:51:30.909Z",Full-time,2026-09-01 15:11:44.538 +0700,8
616,smartrecruiters,Bosch,Carbide Cell - CNC Machine Operator (PA2) - 3rd shift,"<p>Do you want beneficial technologies being shaped by your ideas? Whether in the areas of mobility solutions, consumer goods, industrial technology or energy and building technology _ with us, you will have the chance to improve quality of life all across the globe. Welcome to Bosch. The Lincolnton, NC Conversion, Customizing and Packaging Center is located approximately 30 miles from Charlotte. The facility employs just under 500 full time associates in a 5-shift operation, which encompasses 235,000 sq ft. along with 12,000 skus. In addition to the conversion, customizing and packaging activities, abrasives are now a big part of our power tool accessory business. ISO certified, our associates engage in BPS, CIP and 5S . By choice, we are committed to a diverse workforce - EOE/Protected Veteran/Disabled</p>
<p>This position will be responsible for operating Carbide Cells. This operation will include loading and unloading the machine, ensuring the correct order is being fulfilled, making machine parameter adjustments, identifying and assessing problems with the machine, and maintaining quality standards of the product. This position will require frequent mobility throughout different sections of the machine. An understanding of mechanics and machine components is needed. General computer knowledge, and the ability to learn new software programs are also needed.&#xa0; As a Carbide Cell Operator, maintaining a positive work environment, a clean and orderly area, and following appropriate safety procedures is expected.</p><p><strong>Additional Abilities</strong></p><ul><li>Setup machine using basic hand tools and measuring devices.</li><li>Transfer and load files.</li><li>Clean Blades and load Feed magazine.</li><li>Clean and maintain machine.</li><li>Identify and assess common problems with machine.</li><li>Understand proper product flow on machine.</li><li>Read and follow standard operating procedures pertaining to the Carbide Cells.</li><li>Understand and follow procedures pertaining to machine cleanliness and tool organization.</li><li>Read and fulfill correct orders.</li><li>Inspecting product for quality standards.</li><li>Understand root causes of quality issues.</li><li>Determine type and amount of adjustments to maintain product tolerances.</li></ul>
<ul><li>Ability to stand and be mobile for 8&#xa0;hours</li><li>Proper hand dexterity</li><li>Ability to read and follow instructions</li><li>Ability to read and prepare orders</li><li>High understanding of machines and components</li><li>Computer and Software navigation ability</li><li>Ability to lift (up to) 40 lbs.</li><li>Math skills appropriate to a machining environment.</li><li>Able to read product prints and check product to match.</li><li>Proficient in the use of measuring devices such as Dial Indicators and Calipers.</li><li>Ability to safely use hand tools correctly.</li><li>Accredited HS Diploma or GED</li></ul>
<p>Equal Opportunity Employer, including disability / veterans</p>",DE,"Lincolnton, NC, United States",https://jobs.smartrecruiters.com/BoschGroup/744000146545899-carbide-cell-cnc-machine-operator-pa2-3rd-shift,"2026-08-31T20:00:04.460Z",Full-time,2026-09-01 15:11:44.538 +0700,9
566,smartrecruiters,Bosch,SAP Senior Architect / Senior Expert,"<p><strong>Bosch Global Software Technologies Private Limited</strong>&#xa0;is a 100% owned subsidiary of Robert Bosch GmbH, one of the world's leading global supplier of technology and services, offering end-to-end Engineering, IT and Business Solutions. With over 27,000+ associates, it’s the largest software development center of Bosch, outside Germany, indicating that it is the Technology Powerhouse of Bosch in India with a global footprint and presence in the US, Europe and the Asia Pacific region.</p>
<p>SAP Senior Architect / Senior Expert who will be responsible for designing, implementing and optimizing SAP technical solutions. He/She will provide Subject Matter Expertise with regards to technical architecture designs, applications, platforms etc. Proficient in analyzing business requirements, architecture solutions and leading implementation teams to deliver successful projects. Plays vital role in building competency framework, designing technical training programs, driving organizational initiatives, Possessing the leadership qualities in mentoring, coaching and developing teams and capable of articulating and presenting the topics to the higher management.</p><p><strong>Responsibilities &amp; Expectations</strong></p><ul><li><p>8 to 15 years Years of experience and expertise in SAP Technical areas - SAP S/4 ABAP on HANA, SAP UI5, SAP Fiori, OOPs, SAP ABAP, Adobe Forms, Interface frameworks, SAP BTP cloud platform.</p></li><li><p>Strong working experience in SAP implementation, rollout, upgrade, migration and support projects</p></li><li><p>Vast working experience as full stack Lead developer - Technically very strong in S/4 ABAP on HANA, SAP UI5/Fiori, Interfaces and SAP BTP , SAP Joule</p></li><li><p>Strong working experience in implementing technical solutions in one or more process areas including SAP O2C, S2P, M2C etc.</p></li><li><p>Working experience in Agile delivery model</p></li><li><p>Conducted architecture reviews and assessments to identify areas for optimization and improvement, resulting in enhanced system performance and reliability.</p></li><li><p>Developed technical documentation, including architecture diagrams, design specifications, and implementation plans, to support project delivery and knowledge transfer</p></li><li><p>Architects and sizes SAP Solutions across multiple platform variants and SAP Technologies - this will include designing SAP solutions in both on premise and Cloud scenarios</p></li><li><p>Act as Technical Stream lead, planning and orchestrating required activities aligned to the Technical Architecture, through close supervision of Technical delivery resources</p></li><li><p>Supports Business Development leading the creation of estimates, proposals and Statements of Work</p></li><li><p>Pro-actively takes responsibility for assigned tasks and projects for quality, productivity and resources</p></li><li><p>Adds value to Business Solutions and ensures adherence to best practices and standards by the team</p></li><li><p>Meets personal utilisation target by delivering high quality professional solutions to specification that drive value and business benefit</p></li><li><p>Delivers customer service standards that exceed expectations</p></li><li><p>Supports colleagues to ensure they are developed to attain their professional potential and act as a role model for employee development in sharing best practice&#xa0;knowledge and skills</p></li><li><p>Ready and flexible to travel across India locations and international as well</p></li></ul>
<p><strong><u>Educational qualification:</u></strong></p><p>B.E/B.Tech</p><p><strong><u>Experience :</u></strong></p><p>8 to 15 years</p><p><strong><u>Mandatory/requires Skills :</u></strong><br>
SAP S4 HANA/BTP</p><p><strong><u>Preferred Skills :</u></strong></p><p>SAP AI Joule</p>
<p><strong><u>Experience :</u></strong></p><p>8 to 15 years</p><p><strong><u>Mandatory/requires Skills :</u></strong><br>
SAP S4 HANA/BTP</p>",DE,"coimbatore, , India",https://jobs.smartrecruiters.com/BoschGroup/744000146435774-sap-senior-architect-senior-expert,"2026-08-31T10:02:16.942Z",Full-time,2026-09-01 15:11:44.538 +0700,10
604,smartrecruiters,Bosch,"2026_Java_Eclipse Development_COB","<p><strong>Bosch Global Software Technologies Private Limited</strong>&#xa0;is a 100% owned subsidiary of Robert Bosch GmbH, one of the world's leading global supplier of technology and services, offering end-to-end Engineering, IT and Business Solutions. With over 27,000+ associates, it’s the largest software development center of Bosch, outside Germany, indicating that it is the Technology Powerhouse of Bosch in India with a global footprint and presence in the US, Europe and the Asia Pacific region.</p>
<p>A candidate with strong product software development experience, particularly in building and maintaining tool-based software products.</p>
<p>BE/BTech/ME/MTech</p>
<p>2-10</p>",DE,"coimbatore, , India",https://jobs.smartrecruiters.com/BoschGroup/744000146523888-2026-java-eclipse-development-cob,"2026-08-31T17:33:23.040Z",Full-time,2026-09-01 15:11:44.538 +0700,11
581,smartrecruiters,Bosch,Werkstudent (m/w/d) im Bereich Werkstattplanung und -organisation ,"<p>Die Robert Bosch Power Tools GmbH setzt mit innovativen Produkten und Serviceangeboten für Handwerk, Industrie - Haus und Garten - weltweit Maßstäbe. Im Servicezentrum Willershausen, in der Nähe von Göttingen gelegen, kümmern wir uns um die vielfältigen Anliegen unserer Kunden und stehen dabei für Schnelligkeit, Zuverlässigkeit und höchste Kundenzufriedenheit.&#xa0;Unser Team MSA2-Wh mit Sitz am Standort Willershausen ist unter anderem verantwortlich für die Erstellung und den weltweiten Rollout von hochwertigen Trainingsmaterialien, die einem globalen Team von Mechanikern die Reparatur von Elektrowerkzeugen erleichtern. Zur Unterstützung unseres Teams suchen wir einen engagierten und kreativen Werkstudenten.</p>
<p>Du bist ein integraler Bestandteil unseres Teams und unterstützt uns meist vor Ort am Standort Willershausen im gesamten Prozess der Erstellung von Trainingsvideos – von der ersten Idee bis zum globalen Rollout.</p><ul><li>Du übernimmst die technische Vorbereitung und Organisation der Videoaufnahmen und sorgst für einen reibungslosen Ablauf.</li><li>Du begleitest unsere Mechaniker aktiv während des Drehs und stellst sicher, dass die wesentlichen Inhalte gut eingefangen werden.</li><li>Du verleihst den Aufnahmen den letzten Schliff: Du schneidest das Material, fügst Intros sowie Untertitel hinzu und erstellst so ein professionelles Endprodukt.</li><li>Du nutzt moderne Software, um die Trainingsinhalte in diverse Sprachen zu übersetzen und koordinierst das Korrekturlesen mit unseren internationalen Kollegen.</li><li>Nach der finalen Freigabe bist Du verantwortlich für den Upload des fertigen Trainingsmaterials in unsere Bosch Tool Academy Plattform.</li></ul>
<ul><li>Studium:&#xa0;Du bist immatrikulierter Student (Universität oder Fachhochschule), idealerweise in einem technischen Bereich.</li><li>Tech-Affinität:&#xa0;Du traust dir den Umgang mit Hard- und Software zur Videoaufnahme und -bearbeitung zu.</li><li>Sprachen:&#xa0;Du kommunizierst sicher in Deutsch und Englisch.</li><li>Soft Skills:&#xa0;Du hast Spaß am Umgang mit unterschiedlichsten Menschen, bist ein echtes Koordinations- und Organisationstalent und arbeitest gerne im Team.</li></ul>
<p><strong>Sie haben Fragen zum Bewerbungsprozess?</strong><br>
Anja Kohlstedt (Personalabteilung)<br>
Tel.: +49(5553) 202 -256</p><p><strong>Sie haben fachliche Fragen zur Tätigkeit?</strong><br>
Malte Meyenberg (Fachabteilung)&#xa0;<br>
+49(152)25706237</p>",DE,"Willershausen, NIEDERSACHSEN, Germany",https://jobs.smartrecruiters.com/BoschGroup/744000146454315-werkstudent-m-w-d-im-bereich-werkstattplanung-und-organisation-,"2026-08-31T12:20:32.259Z",Part-time,2026-09-01 15:11:44.538 +0700,12
563,smartrecruiters,Bosch,RPA Developer_L91,"<p><strong>Bosch Global Software Technologies Private Limited</strong>&#xa0;is a 100% owned subsidiary of Robert Bosch GmbH, one of the world's leading global supplier of technology and services, offering end-to-end Engineering, IT and Business Solutions. With over 28,200+ associates, it’s the largest software development center of Bosch, outside Germany, indicating that it is the Technology Powerhouse of Bosch in India with a global footprint and presence in the US, Europe and the Asia Pacific region.</p>
<p><strong>Key Responsibilities:</strong></p><ul><li><p>4-5 Year experience in Design, develop, test, and deploy end-to-end RPA solutions&#xa0;using UiPath and Microsoft Power Platform.</p></li><li><p>Analyze business processes to identify automation opportunities and recommend scalable solutions.</p></li><li><p>Develop reusable components, workflows, and frameworks for enterprise-wide automation initiatives.</p></li><li><p>Manage and monitor bots using UiPath Orchestrator, ensuring stability, performance, and scalability.</p></li><li><p>Collaborate with business stakeholders to gather requirements and translate them into technical solutions.</p></li><li><p>Ensure proper exception handling, logging, and audit compliance in all automation workflows.</p></li><li><p>Optimize existing automation solutions to improve efficiency and reliability.</p></li><li><p>Support production deployments and troubleshoot issues in a timely manner.</p></li><li><p>Maintain documentation for all automation processes, including technical design and user guides.</p></li><li><p>Contribute to automation governance, standards, and best practices aligned with enterprise IT policies.</p></li></ul><p><strong>Educational Qualifications:</strong></p><p>•Bachelor’s degree in Computer Science, Information Technology, or a related field.<br>
<br>
&#xa0;</p>
<p><strong><u>Educational qualification:&#xa0;</u></strong>Bachelor’s degree in Computer Science, Information Technology, or a related field.</p><p><strong><u>Experience :</u></strong>&#xa0;4-5 Year experience in Design, develop, test, and deploy end-to-end RPA solutions&#xa0;using UiPath and Microsoft Power Platform.</p><p><strong><u>Mandatory/requires Skills :</u></strong>&#xa0;RPA development , UiPath and Power Platform</p>
",DE,"bangalore, , India",https://jobs.smartrecruiters.com/BoschGroup/744000146433416-rpa-developer-l91,"2026-08-31T09:46:16.253Z",Full-time,2026-09-01 15:11:44.538 +0700,13
611,smartrecruiters,Bosch,Cost Accountant - Cost Analyst,"<p>Bosch was founded in Stuttgart in 1886 by Robert Bosch (1861-1942) and for more than 130 years has been distinguished by a unique corporate culture based on solid values ​​that drive us to improve every day. Our products, present in a wide variety of fields, that contribute to improve the quality of life of millions of people.</p>
<p>At our Juarez plant, you will support controlling activities, including cost center controlling, product costing, and benchmarking. This position reports directly to the plant controller.</p><p><strong>Your Main Responsibilities:</strong></p><ul><li>Act as a <strong>financial business partner</strong> to operations, providing analyses and insights to support both operational and strategic decision‑making.</li><li>Perform <strong>cost center controlling</strong> and take ownership of <strong>product costing activities</strong>, including standard cost calculations, cost structure analyses, and margin transparency.</li><li>Prepare and analyze <strong>detailed product cost calculations</strong> (material, labor, overhead), ensuring accuracy, consistency, and alignment with internal standards.</li><li>Conduct <strong>benchmarking and variance analyses</strong> to identify cost-saving opportunities, inefficiencies, and improvement potential.</li><li>Support <strong>reporting, forecasting, and financial analysis</strong>, delivering accurate and timely results under tight deadlines.</li><li>Proactively take ownership of topics and drive solutions in a <strong>dynamic and complex manufacturing environment</strong>.</li></ul>
<ul><li><p>Proven experience in financial controlling, preferably in automotive manufacturing or related industries <strong>(5+ years)</strong>.</p></li><li><p><strong>Strong skills</strong> in cost center controlling, product costing, and benchmarking.</p></li><li><p><strong>Strong experience</strong> with SAP R/3 is required; knowledge of S/4 HANA is a plus.</p></li><li><p><strong>Fluent and strong English</strong> communication skills (mandatory) for collaboration with international teams.</p></li><li><p>Ability to work independently under pressure with a positive attitude.</p></li><li><p>Strong teamwork and interpersonal skills to collaborate effectively across departments and border</p></li></ul>
",DE,"Juárez, Chih., Mexico",https://jobs.smartrecruiters.com/BoschGroup/744000146536139-cost-accountant-cost-analyst,"2026-08-31T18:48:56.028Z",Full-time,2026-09-01 15:11:44.538 +0700,14
653,smartrecruiters,Bosch,QA Test Developer,"<p><strong>Bosch Global Software Technologies Private Limited</strong>&#xa0;is a 100% owned subsidiary of Robert Bosch GmbH, one of the world's leading global supplier of technology and services, offering end-to-end Engineering, IT and Business Solutions. With over 27,000+ associates, it’s the largest software development center of Bosch, outside Germany, indicating that it is the Technology Powerhouse of Bosch in India with a global footprint and presence in the US, Europe and the Asia Pacific region.</p>
<p>As a Quality Test Developer for the project, you will be responsible for designing, developing and executing manual and automated test cases, focusing on ensuring software quality across all testing stages. You will work closely with developers, the QA Lead, and the product team in an Agile environment.&#xa0; This is a hands-on role requiring good test execution skills, automation skills, and a strong learning attitude.</p><p>Job Description:</p><p>·&#xa0;&#xa0;&#xa0;&#xa0;&#xa0;&#xa0; Around 4 - 7 years of professional experience in verification and validation</p><p>·&#xa0;&#xa0;&#xa0;&#xa0;&#xa0;&#xa0; Design, develop, and execute manual and automated test cases for product features.</p><p>·&#xa0;&#xa0;&#xa0;&#xa0;&#xa0;&#xa0; Test Automation scripting using&#xa0;<strong>Python / Java test automation</strong>&#xa0;frameworks</p><p>·&#xa0;&#xa0;&#xa0;&#xa0;&#xa0;&#xa0; Experience in&#xa0;<strong>test automation</strong>&#xa0;using Selenium / Playwright</p><p>·&#xa0;&#xa0;&#xa0;&#xa0;&#xa0;&#xa0; API test validation using postman and/or Bruno tools.</p><p>·&#xa0;&#xa0;&#xa0;&#xa0;&#xa0;&#xa0; Perform Functional Testing and Regression Testing</p><p>·&#xa0;&#xa0;&#xa0;&#xa0;&#xa0;&#xa0; Test Case and Defect management using XRAY JIRA</p><p>·&#xa0;&#xa0;&#xa0;&#xa0;&#xa0;&#xa0; Participate in daily stand-ups, sprint planning, and sprint reviews.</p><p>·&#xa0;&#xa0;&#xa0;&#xa0;&#xa0;&#xa0; Ensure proper documentation and traceability of test cases and test results</p><p>·&#xa0;&#xa0;&#xa0;&#xa0;&#xa0;&#xa0; Report testing status and issues clearly to the QA Lead</p><p>·&#xa0;&#xa0;&#xa0;&#xa0;&#xa0;&#xa0; Strong understanding of software development methodologies and QA processes.</p><p>·&#xa0;&#xa0;&#xa0;&#xa0;&#xa0;&#xa0; Experience in testing methodologies and tools and knowledge of data validation</p><p>·&#xa0;&#xa0;&#xa0;&#xa0;&#xa0;&#xa0; Excellent analytical and problem-solving skills.</p><p>·&#xa0;&#xa0;&#xa0;&#xa0;&#xa0;&#xa0; Good communication skills and the ability to collaborate with cross-functional teams<br>
&#xa0;</p>
<p><strong><u>Educational qualification:</u></strong></p><p>Any Degree</p><p><strong><u>Experience :</u></strong></p><p>4 yrs - 7 yrs of relevant experience</p><p><strong><u>Mandatory/requires Skills :</u></strong></p><p>Test Automation and Manual Testing</p><p><strong><u>Preferred Skills :</u></strong><br>
API Testing, Experience in XRAY JIRA</p>
",DE,"bangalore, , India",https://jobs.smartrecruiters.com/BoschGroup/744000146641459-qa-test-developer,"2026-09-01T07:39:55.719Z",Full-time,2026-09-01 15:11:44.538 +0700,15
593,smartrecruiters,Bosch,Responsable Vente Grands Comptes en Hydraulique Mobile F/H,"<p>Le Groupe Bosch est un important fournisseur mondial de technologies et de services. Avec un effectif d’environ 420 000 collaborateurs dans le monde. Le Groupe Bosch a réalisé un chiffre d’affaires de 90 milliards d’euros en 2024. Ses activités sont réparties en quatre secteurs d’activité : Solutions pour la Mobilité, Techniques Industrielles, Biens de Consommation et Techniques pour les Energies et les Bâtiments. En tant que société leader de l’Internet des objets (IoT), Bosch propose des solutions innovantes pour les maisons intelligentes, l’industrie connectée et la mobilité connectée. Bosch conçoit une vision de la mobilité qui est durable, sûre et passionnante.</p><p>Bosch Rexroth est filiale à 100% du groupe Bosch. En France, Bosch Rexroth, a pour mission la commercialisation de produits, systèmes, solutions et services industriels du groupe sur le marché français. Les activités de production liées à l'hydraulique mobile, mais également des activités d'Etudes &amp; Développements, Applications et Ventes, ainsi que les services supports associés sont représentés en France. De la mécanique à l’usine du futur, en passant par l'hydraulique et l'électronique, le savoir-faire Rexroth couvre toutes les technologies de l'entraînement, du contrôle et de la commande.</p><p>&#xa0;Chez Bosch Rexroth, nous valorisons :</p><ul><li>Le travail en équipe&#xa0;:&#xa0;la collaboration est essentielle pour atteindre nos objectifs. Esprit d’équipe, sens du partage et goût pour les échanges et la communication sont primordiaux.</li><li>L'autonomie&#xa0;:&#xa0;nous encourageons nos collaborateurs à prendre des initiatives et à faire preuve de créativité.</li><li>L'orientation client&#xa0;:&#xa0;la satisfaction de nos clients est notre priorité absolue et cela doit transparaître dans notre réactivité et dans la justesse de nos réponses.</li></ul>
<p>Sous la responsabilité du Directeur des Ventes Mobiles, vous avez en charge, sur le marché français, le développement des <strong>ventes de composants et systèmes hydrauliques</strong> du Groupe pour un portefeuille de <strong>clients hydraulique mobile. </strong></p><ul><li>Assurer la relation d’un portefeuille de grands comptes clients internationaux en étroite collaboration avec le GKAM,</li><li>Accroître le chiffre d'affaires et la part de marché,</li><li>Gérer les nouveaux projets en collaboration avec les équipes internes,</li><li>Entretenir une relation commerciale à long terme, de la conception des machines à la production en série, en servant d'interface entre les parties internes et les clients,</li><li>Travailler en étroite collaboration avec les services techniques et commerciaux en France et dans les différentes Business Units en Allemagne.</li></ul>
<p>Vous êtes <strong>ingénieur en mécanique</strong> ou équivalent avec une bonne de <strong>maîtrise de l'hydraulique</strong>,</p><p>Vous disposez d’une expérience confirmée dans la <strong>vente technique Grands Comptes,</strong> avec d’excellentes compétences relationnelles, orienté satisfaction clients,</p><p>Vous avez une <strong>bonne connaissance du marché des engins mobiles</strong>,</p><p>Vous souhaitez vous engager dans un ambitieux projet de développement des ventes</p><p><strong>Alors ce poste est pour vous&#xa0;!</strong></p><p>Anglais courant (l'allemand est un atout)</p>
<ul><li>Poste basé en Région Parisienne ou Région Lyonnaise sur site ou en Home Office</li><li>Déplacements fréquents en France et en Allemagne</li><li>Rémunération: fixe + part variable sur objectifs + véhicule de fonction</li></ul>",DE,"Vénissieux, Auvergne-Rhône-Alpes, France",https://jobs.smartrecruiters.com/BoschGroup/744000146489289-responsable-vente-grands-comptes-en-hydraulique-mobile-f-h,"2026-08-31T14:42:35.067Z",Full-time,2026-09-01 15:11:44.538 +0700,16
643,smartrecruiters,Bosch,Projekt minőségügyi mérnök | Projekt Quality Engineer,"<p>A Boschnál kiváló minőségű, lelkesedést kiváltó és az emberek életét gazdagabbá tevő technológiák és szolgáltatások kigondolásával formáljuk a jövőt. Sziklaszilárd ígéretet tettünk dolgozóinknak: együtt fejlődünk, élvezzük a munkánkat, és kölcsönösen inspiráljuk egymást. Üdvözlünk a Boschnál.</p><p>A Robert Bosch Energy and Body Systems Kft. 2003 nyarán alakult, járműipari alkatrészek és elektromos hajtások gyártásával foglalkozik és mára több mint 2500 munkavállalót foglalkoztat. Cégünk első számú beszállítója számos autó- és eBike gyártónak, és a leggyorsabban fejlődő gyárak egyike a régióban.</p>
<ul><li><p>Felelős a preventív minőségbiztosítási tevékenységek tervezéséért, megvalósításáért és jóváhagyásáért új projektek, valamint változtatások (ECR) esetén.</p></li><li><p>Technikai egyeztetések koordinálása és lebonyolítása a projektcsapattal&#xa0;és a beszállítókkal az ügyféligények, műszaki specifikációk és kritikus jellemzők pontos meghatározása érdekében.</p></li><li><p>A beszállítók műszaki és folyamatképességeinek értékelése, valamint alkalmasságuk megerősítése a beszállító-kiválasztási folyamat során.</p></li><li><p>A PPAP dokumentáció (pl. P-FMEA, Control Plan) szakmai felülvizsgálata és tartalmi jóváhagyása.</p></li><li><p>Folyamatjóváhagyási auditok végrehajtása a beszállítók telephelyén, valamint a beszerzett alkatrészekre vonatkozó PPAP jóváhagyások kiadása.</p></li><li><p>A komponensekkel és alkatrészekkel kapcsolatos minőségügyi problémák kezelésének és megoldásának vezetése a sorozatgyártás indulása (SOP) előtt.</p></li><li><p>A SOP utáni felfutási (ramp-up) szakasz minőségügyi feladatainak és szükséges intézkedéseinek meghatározása, nyomon követése és koordinálása.</p></li></ul>
<ul><li>Minőségügyi, gépészmérnöki, ipari mérnöki vagy kapcsolódó műszaki területen szerzett mérnöki diploma.</li><li>Minőségirányítási szabványok (IATF 16949, ISO 9001) és minőségügyi eszközök (FMEA, Control Plan, 8D, PPAP, SPC) ismerete.</li><li>Tapasztalat legalább egy releváns gyártástechnológiai területen: fröccsöntés, sajtolás, kötéstechnológiák (pl. hegesztés, krimpelés, csavarozás) vagy extrudálás.</li><li>Kiváló kommunikációs készség és csapatmunkára való alkalmasság.</li><li>Célorientált szemléletmód és proaktív hozzáállás.</li><li>Angol nyelvtudás; német nyelvismeret előnyt jelent.</li></ul>
<p><strong>Ismerd meg mit jelent a Work #LikeABosch.</strong></p><p><strong>GROW</strong> - Nálunk kibontakozhatsz.</p><ul><li><strong>Anyagi biztonságot &amp; elismerést biztosítunk: </strong>A versenyképes alapbéred évente felülvizsgáljuk, emellett teljesítmény-, hűség-, és ajánlási bónuszt is kínálunk.</li><li><strong>Támogatunk szakmai &amp; karriercéljaid elérésében: </strong>Hiszünk az élethosszon át tartó fejlődésben, így folyamatos tanulási és fejlődési lehetőséget kínálunk a szakmai és személyes karrier céljaid eléréshez egyaránt.</li></ul><p><strong>ENJOY</strong> – Velünk teljes életet élhetsz.</p><ul><li><strong>Egyensúlyban tartunk:</strong> Rugalmas munkaidőben dolgozhatsz otthonról vagy modern, kényelmes irodáinkból egyaránt,</li><li><strong>Fontos vagy számunkra: </strong>Folyamatosan fejlődő telephelyi orvosi szolgáltatásokkal, ingyenesen biztosított egészségügyi, jogi és pénzügyi tanácsadással, szűrővizsgálatokkal, valamint egyéb programokkal és előadásokkal támogatjuk mentális és fizikai egészséged megőrzését.</li><li><strong>Egyéb juttatásaink: </strong>Élvezheted számos munkavállalói kedvezményünk előnyeit, rugalmasan felhasználható, igényeidhez igazított éves cafeteria kereted, melyek mellett támogatjuk a home office-t, a bejárást, valamint telephelyi étkezésed is.</li></ul><p><strong>INSPIRE – </strong>Inspiráló vállalati kultúránkhoz Te is büszkén tartozol majd.</p><ul><li><strong>Hűek vagyunk az értékeinkhez: </strong>Dolgozz olyan kultúrában, amely értékeli a sokszínűséget, hisz az átláthatóságban és a fenntarthatóságban. Kapcsolódj be társadalmi felelősségvállalási programjainkba, mint például véradási kampányok és jótékonysági tevékenységek.</li><li><strong>Legnagyobb erősségünk a közösségünk:</strong> Részt vehetsz csapatépítőkön és olyan szórakoztató vállalati eseményeken, mint, karácsonyi bál vagy családi nap, valamint csatlakozhatsz aktív belső közösségeinkhez, ahol további izgalmas programlehetőségek várnak.</li></ul><p>Csatlakozz és Work&#xa0;<strong>#LikeABosch</strong>.</p><p><strong>Kérlek, az angol nyelvű önéletrajzoddal jelentkezz! </strong></p><p>Ha további információra van szükséged, fordulj hozzánk bizalommal a: +36 80 18 08 01 telefonszámon. Kollégáink munkanapokon 08:00 és 11:00 óra között segítenek a válaszadásban.</p>",DE,"Miskolc, , Hungary",https://jobs.smartrecruiters.com/BoschGroup/744000146632239-projekt-minosegugyi-mernok-projekt-quality-engineer,"2026-09-01T06:49:52.033Z",Full-time,2026-09-01 15:11:44.538 +0700,17
630,smartrecruiters,Bosch,AWS serverless web based Developer,"<p><strong>Bosch Global Software Technologies Private Limited</strong>&#xa0;is a 100% owned subsidiary of Robert Bosch GmbH, one of the world's leading global supplier of technology and services, offering end-to-end Engineering, IT and Business Solutions. With over 27,000+ associates, it’s the largest software development center of Bosch, outside Germany, indicating that it is the Technology Powerhouse of Bosch in India with a global footprint and presence in the US, Europe and the Asia Pacific region.</p>
<p><strong>Roles &amp; Responsibilities:</strong></p><p><br>
We are looking for a highly skilled&#xa0;<strong>Senior Software Engineer</strong>&#xa0;with strong experience in&#xa0;<strong>TypeScript, Angular, and AWS Serverless architecture</strong>.</p><p>The ideal candidate should have hands-on experience in developing scalable cloud-based web applications, managing infrastructure as code, and working in Agile/Scrum environments.</p><p>This role requires strong frontend expertise along with solid understanding of AWS services and CI/CD practices.</p><p><strong>&#xa0;Key Responsibilities</strong></p><ul><li><p>Design, develop, and maintain scalable web applications using&#xa0;<strong>TypeScript and Angular</strong></p></li><li><p>Build dynamic data-driven UIs using&#xa0;<strong>AG Grid and AG Charts</strong></p></li><li><p>Develop and deploy serverless applications on AWS</p></li><li><p>Implement infrastructure as code using&#xa0;<strong>CDKTF (Cloud Development Kit for Terraform)</strong></p></li><li><p>Write unit and end-to-end tests using&#xa0;<strong>Jest and Cypress</strong></p></li><li><p>Manage CI/CD pipelines using&#xa0;<strong>GitHub Actions</strong></p></li><li><p>Monitor application performance and troubleshoot issues using AWS CloudWatch</p></li><li><p>Follow spec-driven development practices and use AI tools like&#xa0;<strong>GitHub Copilot</strong>&#xa0;to enhance productivity</p></li><li><p>Collaborate with cross-functional teams in Agile/Scrum setup</p></li></ul><p><strong>Technical Skills Required</strong></p><p><strong>Programming</strong></p><ul><li><p>Strong experience in&#xa0;<strong>TypeScript</strong></p></li></ul><p><strong>Frontend</strong></p><ul><li><p>Angular</p></li><li><p>AG Grid &amp; AG Charts</p></li><li><p>HTML, CSS, and responsive UI design</p></li></ul><p><strong>Cloud &amp; Infrastructure</strong></p><ul><li><p>Strong experience in&#xa0;<strong>AWS Serverless Architecture</strong></p></li><li><p>AWS Services:</p><ul><li><p>S3</p></li><li><p>DynamoDB</p></li><li><p>Cognito</p></li><li><p>Lambda</p></li><li><p>API Gateway</p></li><li><p>KMS</p></li><li><p>CloudWatch</p></li></ul></li><li><p>Infrastructure as Code using&#xa0;<strong>Terraform (via CDKTF)</strong></p></li></ul><p><strong>Testing</strong></p><ul><li><p>Jest</p></li><li><p>Cypress</p></li></ul><p><strong>CI/CD &amp; DevOps</strong></p><ul><li><p>GitHub Actions</p></li><li><p>Basic understanding of DevOps best practices</p></li></ul><p><strong>Package Management</strong></p><ul><li><p>npm / pnpm</p></li></ul><p><strong>AI &amp; Development Practices</strong></p><ul><li><p>GitHub Copilot</p></li><li><p>Spec-driven development (SpecKit or similar tools)</p></li></ul><p><strong>&#xa0;Candidate Profile</strong></p><ul><li><p>Minimum 5 years of experience in serverless cloud-based web application development</p></li><li><p>Experience working in Agile/Scrum environments</p></li><li><p>Strong problem-solving skills</p></li><li><p>Excellent verbal and written English communication skills</p></li><li><p>Ability to work independently and take ownership of deliverables</p></li></ul><p><strong>Good to Have</strong></p><ul><li><p>Experience with performance optimization and security best practices</p></li><li><p>Prior experience in large-scale enterprise applications</p></li></ul><p>&#xa0;</p>
<p><strong><u>Educational qualification:</u></strong></p><p>&#xa0;</p><p><strong><u>Experience :</u></strong></p><p>&#xa0;</p><p><strong><u>Mandatory/requires Skills :</u></strong></p><p><strong><u>Preferred Skills :</u></strong></p>
<p><strong>Experience: 5+ Years</strong></p>",DE,"bangalore, , India",https://jobs.smartrecruiters.com/BoschGroup/744000146614575-aws-serverless-web-based-developer,"2026-09-01T04:58:56.862Z",Full-time,2026-09-01 15:11:44.538 +0700,18
561,smartrecruiters,Bosch,SAP Senior Architect / Senior Expert,"<p><strong>Bosch Global Software Technologies Private Limited</strong>&#xa0;is a 100% owned subsidiary of Robert Bosch GmbH, one of the world's leading global supplier of technology and services, offering end-to-end Engineering, IT and Business Solutions. With over 27,000+ associates, it’s the largest software development center of Bosch, outside Germany, indicating that it is the Technology Powerhouse of Bosch in India with a global footprint and presence in the US, Europe and the Asia Pacific region.</p>
<p>SAP Senior Architect / Senior Expert who will be responsible for designing, implementing and optimizing SAP technical solutions. He/She will provide Subject Matter Expertise with regards to technical architecture designs, applications, platforms etc. Proficient in analyzing business requirements, architecture solutions and leading implementation teams to deliver successful projects. Plays vital role in building competency framework, designing technical training programs, driving organizational initiatives, Possessing the leadership qualities in mentoring, coaching and developing teams and capable of articulating and presenting the topics to the higher management.</p><p><strong>Responsibilities &amp; Expectations</strong></p><ul><li><p>8 to 15 years Years of experience and expertise in SAP Technical areas - SAP S/4 ABAP on HANA, SAP UI5, SAP Fiori, OOPs, SAP ABAP, Adobe Forms, Interface frameworks, SAP BTP cloud platform.</p></li><li><p>Strong working experience in SAP implementation, rollout, upgrade, migration and support projects</p></li><li><p>Vast working experience as full stack Lead developer - Technically very strong in S/4 ABAP on HANA, SAP UI5/Fiori, Interfaces and SAP BTP , SAP Joule</p></li><li><p>Strong working experience in implementing technical solutions in one or more process areas including SAP O2C, S2P, M2C etc.</p></li><li><p>Working experience in Agile delivery model</p></li><li><p>Conducted architecture reviews and assessments to identify areas for optimization and improvement, resulting in enhanced system performance and reliability.</p></li><li><p>Developed technical documentation, including architecture diagrams, design specifications, and implementation plans, to support project delivery and knowledge transfer</p></li><li><p>Architects and sizes SAP Solutions across multiple platform variants and SAP Technologies - this will include designing SAP solutions in both on premise and Cloud scenarios</p></li><li><p>Act as Technical Stream lead, planning and orchestrating required activities aligned to the Technical Architecture, through close supervision of Technical delivery resources</p></li><li><p>Supports Business Development leading the creation of estimates, proposals and Statements of Work</p></li><li><p>Pro-actively takes responsibility for assigned tasks and projects for quality, productivity and resources</p></li><li><p>Adds value to Business Solutions and ensures adherence to best practices and standards by the team</p></li><li><p>Meets personal utilisation target by delivering high quality professional solutions to specification that drive value and business benefit</p></li><li><p>Delivers customer service standards that exceed expectations</p></li><li><p>Supports colleagues to ensure they are developed to attain their professional potential and act as a role model for employee development in sharing best practice&#xa0;knowledge and skills</p></li><li><p>Ready and flexible to travel across India locations and international as well</p></li></ul>
<p><strong><u>Educational qualification:</u></strong></p><p>B.E/B.Tech</p><p><strong><u>Experience :</u></strong></p><p>8-15 Years</p><p><strong><u>Mandatory/requires Skills :</u></strong><br>
SAP S4 HANA/BTP</p><p><strong><u>Preferred Skills :</u></strong><br>
AI Joule</p>
<p><strong><u>Experience :</u></strong></p><p>8 to 15 years</p><p><strong><u>Mandatory/requires Skills :</u></strong><br>
SAP S4 HANA/BTP</p>",DE,"bangalore, , India",https://jobs.smartrecruiters.com/BoschGroup/744000146432555-sap-senior-architect-senior-expert,"2026-08-31T10:02:56.266Z",Full-time,2026-09-01 15:11:44.538 +0700,19
609,smartrecruiters,Bosch,Associate Motorsport Customer Application Engineer,"<p><strong>We Are Bosch.</strong></p><p>At Bosch, we shape the future by inventing high-quality technologies and services that spark enthusiasm and enrich people’s lives. Our areas of activity are every bit as diverse as our outstanding Bosch teams around the world. Their creativity is the key to innovation through connected living, mobility, or industry.</p><p>Let’s grow together, enjoy more, and inspire each other.&#xa0;<strong>Work #LikeABosch&#xa0;</strong></p><ul><li><strong>Reinvent yourself:&#xa0;</strong>At Bosch, you will evolve.</li><li><strong>Discover new directions:</strong>&#xa0;At Bosch, you will find your place.</li><li><strong>Balance your life:</strong>&#xa0;At Bosch, your job matches your lifestyle.</li><li><strong>Celebrate success:</strong>&#xa0;At Bosch, we celebrate you.</li><li><strong>Be yourself:</strong>&#xa0;At Bosch, we value values.</li><li><strong>Shape tomorrow:</strong>&#xa0;At Bosch, you change lives.</li></ul>
<p>Welcome to Bosch Motorsport, a premier supplier of electronics, sensors, actuators, and engineering services to top racing series and teams worldwide. Here at Bosch Motorsport North America, you'll be part of a growing, dynamic, and entrepreneurial team, taking on challenging tasks.</p><p>As a vital member of our engineering team, you will play a key role in supporting our application and development engineers in projects focused on professional motorsport within North America. Embrace this opportunity to make an impact in the exciting world of motorsport technology!</p><p><strong>What You Will Do</strong></p><p>The Associate&#xa0;Motorsport Customer Application Engineer serves as the primary technical contact at customer locations and race tracks to support the development, integration, and optimization of motorsport electronic systems and software. This position requires the ability to work effectively in fast-paced, dynamic environments and involves frequent domestic and international travel (approximately 50–80 days per year).</p><ul><li><strong>Customer Application Engineering</strong><br>
Collect customer requirements, manage project timelines, and deliver technical application support for motorsport products including engine controllers, vehicle control units, displays, power boxes, and telemetry modules.</li><li><strong>Trackside Support and Diagnostics</strong><br>
Perform real-time diagnostics and troubleshooting at test events and race locations. Analyze live vehicle telemetry and logged data to identify and resolve performance issues.</li><li><strong>Telemetry and Tooling Configuration</strong><br>
Set up and maintain trackside telemetry servers, manage wireless radio connections, and develop standardized data analysis dashboards for performance evaluation.</li><li><strong>Systems Integration and Verification</strong><br>
Install, integrate, and validate on-vehicle electronic hardware and software. Verify wiring harness integrity, vehicle communication bus data, and resolve component or system-level issues.</li><li><strong>Virtual Testing (SiL/HiL)</strong><br>
Set up and execute Software-in-the-Loop (SiL) and Hardware-in-the-Loop (HiL) simulation tests to validate software updates. Coordinate with development teams to align releases with track activities.</li><li><strong>Workflow and Software Tool Development</strong><br>
Support the development and optimization of internal software tools and workflow scripts using MATLAB, Python, C#, or similar languages to improve application processes and team efficiency.</li><li><strong>Domestic and International Travel</strong><br>
Travel domestically and internationally, approximately 50–80 days per year, to support development activities at customer facilities, test tracks, and global development locations. This is an essential function of the position.</li></ul>
<p><strong>Required Qualifications</strong></p><ul><li>Bachelor's Degree in Engineering or Computer Science</li><li>1+ years of experience in industry-relevant application engineering (academic or industry experience)</li><li>1+ years of experience with industry-relevant data analysis (working with data acquisition and analysis tools)</li><li>Industry experience defined as: professional motorsport, significant FSAE, or equivalent</li></ul><p><strong>Desired Qualifications</strong></p><ul><li><strong>Hands-on Automotive Experience</strong><br>
Practical, hands-on automotive experience related to combustion engines, vehicle systems, wiring harness design, sensor application, and/or mechanical troubleshooting (e.g., project cars, Formula SAE, or shop experience).</li><li><strong>Customer and Stakeholder Communication</strong><br>
Demonstrated ability to communicate technical information effectively with customers, suppliers, and team members in dynamic environments.</li><li><strong>Electrical and Software Debugging</strong><br>
Ability to read and comprehend electrical schematics to troubleshoot electrical hardware and software implementation issues at system and vehicle levels.</li><li><strong>Diagnostic Tool Proficiency</strong><br>
Familiarity with standard diagnostic and measurement tools (e.g., multimeters, oscilloscopes, Wireshark, CANalyzer, motorsport data acquisition systems).</li><li><strong>Automotive Communications and Networking</strong><br>
Foundational knowledge of automotive communications (e.g., CAN, Ethernet) and wired/wireless networking (e.g., LAN, WAN).</li><li><strong>Programming and Scripting</strong><br>
Basic programming or scripting experience (e.g., Python, MATLAB, or C#) for data processing, automation, or testing purposes.</li></ul><p><strong>Ideal Candidate Characteristics:</strong></p><ul><li><strong>Motorsport Passion and&#xa0;Drive</strong><br>
Possesses a genuine passion for professional motorsport with a relentless drive to make meaningful technical contributions to both the team and the customer.</li><li><strong>Proactive Self-Starter</strong><br>
Thrives in an entrepreneurial, fast-paced environment; demonstrates strong personal accountability and takes the initiative to solve problems without waiting for step-by-step instructions.</li><li><strong>Adaptable and&#xa0;Data-Driven</strong><br>
Maintains a high level of flexibility and objectivity in fast-moving motorsport environments, pivots quickly based on changing situations and relies on data-driven logic to guide decisions.</li><li><strong>Disciplined Independence and Teamwor</strong>k<br>
Collaborates seamlessly within a tight-knit, multi-disciplinary trackside team, while maintaining the self-discipline and time management necessary to execute individual tasks to meet strict deadlines.</li><li><strong>Growth Mindset and Curiosity</strong><br>
Willingness to step outside of immediate comfort zone to learn new technologies and systems, constantly seeking ways to continuously improve both personal workflows and team processes.</li><li><strong>Clear and Objective Communication</strong><br>
Articulates technical concepts, test result observations, and diagnostic issues clearly and objectively, both verbally and in written reports.</li></ul><p>If you’re passionate about motorsport and thrive in a dynamic, collaborative environment, we encourage you to apply. Join Bosch Motorsport in shaping the future of racing technology.</p><p><strong>Our Motorsport Culture</strong></p><p><strong>Passion and Performance</strong>: At Bosch Motorsport North America, we are a close-knit team of dedicated professionals united by our unwavering passion for achieving peak performance, both on and off the track. Our shared commitment drives us to strive for nothing less than the top step of the podium in everything we undertake.</p><p><strong>Entrepreneurial Mindset and Innovation</strong>: Embracing an entrepreneurial mindset, we constantly challenge the conventional norms. Fueled by innovation and a thirst for progress, we fearlessly tackle technical and commercial challenges to pave the way for groundbreaking solutions.</p><p><strong>Communication</strong>: Building strong relationships internally and with our valued customers is paramount. Through open and transparent dialogue, we foster a culture of trust and collaboration, ensuring that we understand and meet the needs of everyone involved.</p><p><strong>Balance</strong>: While we relentlessly pursue victory, we recognize the importance of balance. We believe in working hard but also cherish the value of a healthy work-life balance. This equilibrium empowers our team members to maintain their passion and drive while enjoying personal well-being and growth.</p><p>Together, we embrace a culture that pushes boundaries, fosters innovation, and cultivates genuine connections. Our collective determination and relentless pursuit of excellence propel us forward as a winning team, setting new standards in the world of motorsport.</p>
<p><strong>Indefinite U.S. work authorized individuals only.&#xa0; Future sponsorship for work authorization unavailable.</strong></p><p>Your well-being matters at Bosch! We offer a competitive compensation and a benefits package designed to empower you in every area of your life. This includes premium health coverage, a 401(k) with generous matching, resources for financial planning and goal setting, ample paid time off, parental leave, and comprehensive life and disability protection. We're investing in your success!&#xa0;</p><p><strong>Equal Opportunity Employer, including disability / veterans</strong>&#xa0;</p><p>*Bosch adheres to Federal, State, and Local laws regarding drug-testing. Employment is contingent upon the successful completion of a drug screen and background check. Candidates who have been offered the position must pass both screenings before their start date.&#xa0;</p>",DE,"Farmington Hills, MI, United States",https://jobs.smartrecruiters.com/BoschGroup/744000146527189-associate-motorsport-customer-application-engineer,"2026-08-31T17:55:18.278Z",Full-time,2026-09-01 15:11:44.538 +0700,20
591,smartrecruiters,Bosch,Extracurricular Internship: Design for Environment Engineer (f/m/div.),"<p>The Bosch Group has more than 400 000 employees around the world, present in 60 countries, and we are proud to impact people’s lives and to work towards a more sustainable future.</p><p>In the city of Aveiro, Bosch has one of its biggest production sites for Bosch Home Comfort division, as well as a Research and Development Center for new and improved heating solutions for the residential segment. With more than 1400 employees, focused on innovation, sustainability and collaboration, Bosch Aveiro joins together experts in diverse areas, from mechanical engineering to connectivity and software solutions, as well as industrialization and quality. &#xa0;</p><p>At Bosch, we shape the future by inventing high-quality technologies and services that spark enthusiasm and enrich people’s lives. Our promise to our associates is rock-solid: we grow together, we enjoy our work, and we inspire each other. Join in and feel the difference in mindsets, cultures, generations, identities and perspectives. Everyone should bring their authenticity and work together respectfully. Bosch is an employer that values diversity and equal opportunities. We welcome applications from people with disabilities and we can provide reasonable accommodations during the recruitment process and in the performance of professional activity. By including everyone and ensuring equal opportunities we unleash our full potential.</p>
<p>Are you ready to make a significant impact in a dynamic, cross-functional product development team? As a Design for Environment Engineer at Bosch, you will ensure our products meet the highest standards of quality and material compliance. This is your chance to contribute to exciting projects that shape the future of technology!</p><p><strong>Your contribution to something big:</strong></p><ul><li>Map national and international legal requirements to ensure our products comply with all necessary regulations;</li><li>Act as a bridge between our development teams and product compliance teams, fostering collaboration and innovation;</li><li>Take ownership of the material compliance report for specific projects, ensuring accuracy and compliance throughout the development process;</li><li>Handle all legal documentation related to our products (packaging, drinking water, electronic waste), ensuring everything is in order and up to standard;</li><li>Work to enhance material compliance processes across Bosch locations, driving efficiency and effectiveness.</li></ul>
<p><strong>What distinguishes you:</strong>&#xa0;</p><ul><li>Technical degree as Engineer (preferable, in Mechanical, Materials or Industrial Management areas;</li><li>Experience with technical standards is valued;</li><li>MS Office user proficient knowledge (Excel, Macros, Powerpoint);&#xa0;</li><li>Excellent spoken and written English skills;</li><li>Good communication skills and ability to work in multicultural team environment;&#xa0;</li><li>Results-oriented mindset, a proactive attitude and a structured way of working.</li></ul>
<p><strong>Duration:</strong> 12 months&#xa0;</p><p><strong>Work #LikeABosch includes:&#xa0;</strong></p><p>⚖️ Flexible work conditions</p><p>🔀 Hybrid work system</p><p>🧑‍⚕️ Medical office on site (general surgeon, psychology, physiotherapy, general clinic)</p><p>💲 Access to great discounts in partnerships and Bosch products</p><p>🏋️ Sports and health related activities</p><p>🅿️ Free parking lot</p><p>🍽️ Canteen</p><p>&#xa0;</p><p><strong>Success stories don´t just happen. They are made...</strong></p><p><strong>Make it happen! We are looking forward to your application!</strong></p>",DE,"Aveiro, , Portugal",https://jobs.smartrecruiters.com/BoschGroup/744000146486158-extracurricular-internship-design-for-environment-engineer-f-m-div-,"2026-08-31T14:31:31.915Z",Full-time,2026-09-01 15:11:44.538 +0700,21
599,smartrecruiters,Bosch,EWM Technical consultant,"<p><strong>Bosch Global Software Technologies Private Limited</strong>&#xa0;is a 100% owned subsidiary of Robert Bosch GmbH, one of the world's leading global supplier of technology and services, offering end-to-end Engineering, IT and Business Solutions. With over 27,000+ associates, it’s the largest software development center of Bosch, outside Germany, indicating that it is the Technology Powerhouse of Bosch in India with a global footprint and presence in the US, Europe and the Asia Pacific region.</p>
<p><strong>Roles &amp; Responsibilities :</strong><br>
SAP EWM Technical Lead Consultant with the ability to work effectively with customer business teams and project teams. Conduct requirement-gathering workshops, translate business requirements into SAP EWM processes, identify functional and technical gaps, and design appropriate solutions. Develop technical design documents and lead specific development and integration topics. Evaluate existing applications and identify opportunities for enhancements and new features. Possess good knowledge of SAP Business Technology Platform (BTP), including side-by-side extensibility, application development, integration services, APIs, and BTP-based solutions integrated with SAP S/4HANA and EWM.<br>
<br>
&#xa0;</p>
<p><strong><u>Educational qualification:</u></strong></p><ol><li><p>Bachelor’s degree in engineering, Computer Science, Supply Chain, or related field.</p></li><li><p>SAP EWM Technical certification is an added advantage.</p></li></ol><p><strong><u>Experience :</u></strong></p><ol><li><p><strong>10-15 years</strong>&#xa0;of overall SAP experience.</p></li><li><p>Minimum&#xa0;<strong>8+ years of hands-on experience</strong>&#xa0;in&#xa0;<strong>SAP EWM Technical development</strong>&#xa0;(ABAP for EWM).</p></li><li><p>At least&#xa0;<strong>2 full-cycle EWM implementations</strong>&#xa0;(Decentralized and/or Embedded on S/4HANA).</p></li><li><p>Strong experience in&#xa0;<strong>RF framework</strong>,&#xa0;<strong>IDocs</strong>,&#xa0;<strong>Enhancements</strong>, and&#xa0;<strong>custom developments</strong>.</p></li><li><p>Exposure to&#xa0;<strong>integration projects</strong>&#xa0;with external systems (TMS, MES, WMS, automation).</p></li><li><p>Proven experience in&#xa0;<strong>leading technical teams</strong>, conducting code reviews, and guiding junior consultants.</p></li><li><p>Prior involvement in&#xa0;<strong>data migration (stock &amp; master data)</strong>&#xa0;and&#xa0;<strong>cutover activities</strong>.</p></li><li><p>Hands-on experience in&#xa0;<strong>post-go-live support and continuous improvement</strong>&#xa0;for EWM projects.</p></li></ol><p><strong><u>Mandatory/requires Skills :</u></strong><br>
Minimum&#xa0;<strong>10+ years hands-on experience</strong>&#xa0;in SAP EWM (Decentralized / Embedded on S/4HANA).</p><ul><li><p>Strong hands-on expertise in&#xa0;<strong>SAP EWM Technical Development</strong>&#xa0;(ABAP on EWM).</p></li><li><p>Proven experience in:</p><p>&#xa0;</p><ul><li><p><strong>BAPIs, BADIs, Enhancements, User Exits, RFCs</strong></p></li><li><p><strong>IDocs / ALE</strong>&#xa0;(custom and standard)</p></li><li><p><strong>RF framework and mobile transactions</strong></p></li><li><p><strong>Adobe Forms / SmartForms</strong>&#xa0;for labels &amp; documents</p></li></ul></li><li><p>Good knowledge of SAP Business Technology Platform (BTP), including side-by-side extensibility, application development, integration, and extension scenarios for SAP S/4HANA and EWM solutions.<br>
* Development knowledge and hands-on experience with BTP-related technologies, including Node.js, Java, and ABAP, with the ability to design and develop cloud-based applications and extensions.<br>
* Knowledge of SAP BTP services and development environments, including SAP Business Application Studio, APIs, integration services, and cloud application development concepts.<br>
* Ability to design and develop extensions using clean-core principles, evaluating when to use in-app extensibility versus side-by-side extensions on SAP BTP.</p></li><li><p>Knowledge of&#xa0;<strong>SAP EWM processes</strong>&#xa0;(Inbound, Outbound, Internal Warehouse Processes, HU &amp; Batch Management).</p></li><li><p>Experience with&#xa0;<strong>integration</strong>: EWM with MM, SD, PP, QM, TM, and external systems.</p></li><li><p>Strong&#xa0;<strong>debugging and performance tuning</strong>&#xa0;skills.</p></li><li><p>Ability to lead technical design discussions and guide developers.</p></li><li><p>Strong communication and problem-solving skills.</p></li></ul><p><strong><u>Preferred Skills :</u></strong></p>
<p>&#xa0;</p><p>&#xa0;</p>",DE,"bengaluru, , India",https://jobs.smartrecruiters.com/BoschGroup/744000146497831-ewm-technical-consultant,"2026-08-31T15:19:13.483Z",Full-time,2026-09-01 15:11:44.538 +0700,22
589,smartrecruiters,Bosch,Pflichtpraktikum - Testing und Datenanalyse in der Entwicklung von PEM-Brennstoffzellen,"<p><strong>Bei Bosch gestalten wir Zukunft mit hochwertigen Technologien und Dienstleistungen, die Begeisterung wecken und das Leben der Menschen verbessern. Unser Versprechen an unsere Mitarbeiterinnen und Mitarbeiter steht dabei felsenfest: Wir wachsen gemeinsam, haben Freude an unserer Arbeit und inspirieren uns gegenseitig. Willkommen bei Bosch.</strong></p><p>Die Robert Bosch GmbH freut sich auf deine Bewerbung!</p>
<ul><li>Während deines Praktikums arbeitest du dich tief in die Erprobung von Brennstoffzellensystemen ein und entwickelst ein umfassendes Verständnis für deren Funktionsweise sowie Leistungscharakteristika.</li><li>Eigenverantwortlich betreust und optimierst du unseren hochmodernen Brennstoffzellenprüfstand.</li><li>Du führst detaillierte Untersuchungen zu Entwicklungsmustern durch, identifizierst Optimierungspotenziale und trägst so maßgeblich zur Weiterentwicklung unserer Produkte bei.</li><li>Darüber hinaus bereitest du Messdaten zu Performance und Lebensdauer sorgfältig auf sowie leitest daraus fundierte Erkenntnisse ab, die als Entscheidungsgrundlage dienen.</li><li>Deine Ergebnisse präsentierst und diskutierst du überzeugend mit Fachexpertinnen sowie -experten aus verschiedenen Abteilungen.</li></ul>
<ul><li><strong>Ausbildung: </strong>Studium im Bereich<strong> </strong>Elektrotechnik, Verfahrenstechnik, Maschinenbau, Luft- und Raumfahrttechnik, Physik oder vergleichbar</li><li><strong>Erfahrungen und Know-how: </strong>Grundkenntnisse in Python</li><li><strong>Persönlichkeit und Arbeitsweise: </strong>du bist ein kommunikativer, eigeninitiativer Teamplayer mit schneller Auffassungsgabe; du gehst selbstständig und strukturiert vor</li><li><strong>Arbeitsalltag: </strong>deine Präsenz vor Ort ist erforderlich</li><li><strong>Sprachen: </strong>sehr gutes Deutsch und gutes Englisch</li></ul>
<p><strong>Beginn:</strong>&#xa0;nach Absprache<br>
<strong>Dauer:</strong>&#xa0;6 Monate&#xa0;(ausschließlich Pflichtpraktikum gem. SPO möglich)</p><p>Wir bieten dir</p><ul><li>35 Stunden/Woche mit Gleitzeit&#xa0;</li><li>eine feste Ansprechperson, die dich während deines Praktikums begleitet</li><li>eine moderne Arbeitsplatzumgebung, sowie mobiles Arbeiten nach Absprache</li><li>die Möglichkeit Teil unseres studentischen Netzwerkes students@bosch Stuttgart zu werden</li><li>Vergünstigungen in unseren Betriebsrestaurants</li></ul><p>Voraussetzung für das Praktikum ist die Immatrikulation an einer Hochschule. Bitte füge deiner Bewerbung deinen Lebenslauf, deinen aktuellen Notenspiegel, eine aktuelle Immatrikulationsbescheinigung, deine Prüfungsordnung sowie ggf. eine gültige Arbeits- und Aufenthaltserlaubnis bei.</p><p>Vielfalt und Inklusion sind für uns keine Trends, sondern fest verankert in unserer Unternehmenskultur. Daher freuen wir uns über alle Bewerbungen: unabhängig von Geschlecht, Alter, Behinderung, Religion, ethnischer Herkunft oder sexueller Identität.</p><p><strong>Du hast fachliche Fragen zum Job?</strong><br>
Roland Friedmann (Fachabteilung)<br>
+49 711 811 24757</p><p>Work #LikeABosch beginnt hier: Jetzt bewerben!</p>",DE,"Stuttgart, BW, Germany",https://jobs.smartrecruiters.com/BoschGroup/744000146478899-pflichtpraktikum-testing-und-datenanalyse-in-der-entwicklung-von-pem-brennstoffzellen,"2026-08-31T13:57:39.193Z",Full-time,2026-09-01 15:11:44.538 +0700,23
618,smartrecruiters,Bosch,Calibration Process Data Science Intern (8 months/40 hours per week) ,"<p>At Bosch, we shape the future by inventing high-quality technologies and services that spark enthusiasm and enrich people’s lives. Our areas of activity are every bit as diverse as our outstanding Bosch teams around the world. Their creativity is the key to innovation through connected living, mobility, or industry.<br>
<br>
Let’s grow together, enjoy more, and inspire each other.&#xa0;<strong>Work #LikeABosch</strong></p><ul><li><strong>Reinvent yourself:</strong>&#xa0;At Bosch, you will evolve.</li><li><strong>Discover new directions</strong>: At Bosch, you will find your place.</li><li><strong>Balance your life:</strong>&#xa0;At Bosch, your job matches your lifestyle.</li><li><strong>Celebrate success:</strong>&#xa0;At Bosch, we celebrate you.</li><li><strong>Be yourself:&#xa0;</strong>At Bosch, we value values.</li><li><strong>Shape tomorrow:</strong>&#xa0;At Bosch, you change lives.</li></ul><p>Come Join us in Farmington Hills, MI and learn how we work #LikeABosch!&#xa0;</p><p>If you'd like to learn more about Bosch, click here:<br>
<a href=""https://www.youtube.com/watch?v=ZoM4nEPDHAQ"" rel=""noopener noreferrer"">Bosch Mobility | Let's shape a new era of mobility. Together. | Careers at Bosch USA</a></p><p><a href=""https://www.youtube.com/watch?v=CFz5iM_41ww"" rel=""noopener noreferrer"">Bosch | Invented for Life | Careers at Bosch USA</a></p>
<p><strong>The internship will be from either January - August 2027, or&#xa0; May - December 2027.&#xa0;&#xa0;</strong></p><p>This internship takes place in Farmington Hills, Michigan, the headquarters of Bosch North America, in the Calibration Engineering group of Power Solutions.</p><p>The successful candidate will be given an 8 -month project, that has been defined in advance by their Engineering Mentor.&#xa0;</p><p>As a Data Science Intern at Bosch, you will have the opportunity to work on innovative projects and gain hands-on experience in the field of data science focused on automotive applications. You will be part of a dynamic team, supporting experienced data scientists and engineers to solve real-world automotive powertrain problems using advanced analytics and machine learning techniques. Your responsibilities may include:</p><ul><li>Data Exploration and Analysis: Collect, clean, and analyze large and complex datasets to identify patterns, trends, and insights. Apply statistical methods and data visualization techniques to communicate findings effectively.</li><li>Machine Learning Development: Develop and implement machine learning models, algorithms, and statistical techniques to solve specific business challenges. This may involve tasks such as data preprocessing, feature engineering, model training, and evaluation.</li><li>Predictive Modeling and Optimization: Build predictive models to forecast future outcomes and optimize business processes. Apply regression, classification, clustering, and other machine learning techniques to solve problems related to demand forecasting, anomaly detection, quality improvement, etc.</li><li>Data Mining and Pattern Recognition: Discover meaningful patterns, correlations, and relationships in large datasets. Use techniques like association rules, clustering, and dimensionality reduction to uncover insights and generate actionable recommendations.</li><li>Collaborative Problem-Solving: Work closely with cross-functional teams, including business stakeholders and software developers, to understand requirements and develop data-driven solutions. Collaborate effectively, share knowledge, and contribute to the overall success of the projects.</li><li>Documentation and Reporting: Document methodologies, algorithms, and results in a clear and concise manner. Prepare reports and presentations to communicate findings and recommendations to both technical and non-technical audiences.</li><li>Continuous Learning: Stay up-to-date with the latest advancements in data science, machine learning, and related technologies. Actively participate in training programs, workshops, and knowledge-sharing activities to enhance your skills and expertise.</li></ul><p>If you're interested to work in a collaborative, learning culture where interns work on meaningful projects, join our team!</p>
<ul><li>Must be currently enrolled in an accredited university and pursuing a Bachelors or Masters degree in Engineering, with at least one semester completed</li><li>Very good Python skills</li><li>Has experience with Artificial Intelligence and Machine Learning algorithms (work or academic)</li><li>1+ year academic or industry experience with software languages and operating systems.</li><li>A minimum 3.0 GPA</li><li>Must be a minimum of 18 years of age</li><li>Must work 35-40 hours per week</li></ul><p><strong>Preferred Qualifications</strong></p><ul><li>Automotive-related hobby and/or experience working with engines or vehicles.&#xa0;</li><li>Projects in automotive field</li><li>Other programming languages</li></ul>
<p><strong>Indefinite U.S. work authorized individuals only.&#xa0; Future sponsorship for work authorization unavailable.&#xa0;</strong></p><p>Your well-being matters at Bosch! We offer a competitive compensation and a benefits package designed to empower you in every area of your life. This includes premium health coverage, a 401(k) with generous matching, resources for financial planning and goal setting, ample paid time off, parental leave, and comprehensive life and disability protection. We're investing in your success!&#xa0;</p><p><strong>Equal Opportunity Employer, including disability / veterans</strong>&#xa0;</p><p>*Bosch adheres to Federal, State, and Local laws regarding drug-testing. Employment is contingent upon the successful completion of a drug screen and background check. Candidates who have been offered the position must pass both screenings before their start date.&#xa0;</p><p>&#xa0;</p>",DE,"Farmington Hills, MI, United States",https://jobs.smartrecruiters.com/BoschGroup/744000146546699-calibration-process-data-science-intern-8-months-40-hours-per-week-,"2026-08-31T20:07:02.139Z",Intern,2026-09-01 15:11:44.538 +0700,24
656,smartrecruiters,Bosch,Folyamatmérnök - Határozott idejű szerződés | Process Engineer - (Fixed-term contract),"<p>A Boschnál kiváló minőségű, lelkesedést kiváltó és az emberek életét gazdagabbá tevő technológiák és szolgáltatások kigondolásával formáljuk a jövőt. Sziklaszilárd ígéretet tettünk dolgozóinknak: együtt fejlődünk, élvezzük a munkánkat, és kölcsönösen inspiráljuk egymást. Üdvözlünk a Boschnál.</p><p>A Robert Bosch Automotive Steering Kft. egri és maklári gyára autóipari beszállítóként kormányműveket, kormányoszlopokat, kormánytengelyeket és felújított alkatrészeket szállít a legjobb minőségben és a leghatékonyabb módon a világ legnevesebb autógyárai számára. Az „Életre tervezve” mottóval összhangban az automatizált vezetés megteremtésén, a jövő önvezető autóinak megvalósításán dolgozunk.&#xa0;</p>
<ul><li>Gyártási folyamatok meghatározása, ellenőrzése, folyamatos fejlesztése.</li><li>Gyártás elemzése, termelékenység fejlesztése.</li><li>Termelési adatok gyűjtése, kiértékelése, elemzése: folyamatos fejlesztés.</li><li>Tervezett gépátalakítások során közreműködés a specifikációk készítésében, illetve az ajánlatok elbírálásában.</li><li>Kivitelezés során/után közreműködés az átvételi szempontok kidolgozásában, részvétel az átvételben.</li><li>Éves folyamatfejlesztési terv összeállítása és határidőre történő kivitelezése (VSM/VSD).</li><li>&#xa0;Új termék bevezetésében való aktív részvétel.</li><li>Termelési terület költségeinek folyamatos csökkentése (RPP tevékenység).</li><li>&#xa0;Vevői reklamációkra hozott preventív és reaktív intézkedések bevezetése.</li><li>Belső selejtköltségek folyamatos csökkentése</li><li>Struktúrált problémamegoldó megoldások használata a napi munkában</li><li>Részvétel külső és belső auditokon</li></ul>
<ul><li>Gépészmérnöki végzettség</li><li>Minimum 2 év szakmai tapasztalat&#xa0;hasonló területen</li><li>Angol társalgási szintű nyelvtudás szóban és írásban is egyaránt</li><li>Hibaelemző, folyamatelemző képesség</li><li>Problémamegoldó készség</li><li>Önálló munkavégzés</li><li>Proaktivitás, kiváló kommunikációs készség</li></ul>
<p><strong>Ismerd meg mit jelent a Work #LikeABosch.</strong></p><p><strong>GROW</strong>&#xa0;- Nálunk kibontakozhatsz.</p><ul><li><strong>Anyagi biztonságot &amp; elismerést biztosítunk:&#xa0;</strong>A versenyképes alapbéred évente felülvizsgáljuk, emellett teljesítmény-, hűség-, és ajánlási bónuszt is kínálunk.</li><li><strong>Támogatunk szakmai &amp; karriercéljaid elérésében:&#xa0;</strong>Hiszünk az élethosszon át tartó fejlődésben, így folyamatos tanulási és fejlődési lehetőséget kínálunk a szakmai és személyes karrier céljaid eléréshez egyaránt.</li></ul><p>&#xa0;</p><p><strong>ENJOY</strong>&#xa0;– Velünk teljes életet élhetsz.</p><ul><li><strong>Egyensúlyban tartunk:</strong>&#xa0;Rugalmas munkaidőben dolgozhatsz otthonról vagy modern, kényelmes irodáinkból egyaránt, emellett számos gyermekgondozási lehetőséget.</li><li><strong>Fontos vagy számunkra:&#xa0;</strong>Ingyenesen biztosított egészségügyi, jogi és pénzügyi tanácsadással, szűrővizsgálatokkal, valamint egyéb programokkal és előadásokkal támogatjuk mentális és fizikai egészséged megőrzését.</li><li><strong>Egyéb juttatásaink:&#xa0;</strong>Élvezheted számos munkavállalói kedvezményünk előnyeit, rugalmasan felhasználható, igényeidhez igazított éves cafeteria kereted, melyek mellett támogatjuk a home office-t, a bejárást, valamint telephelyi étkezésed is.</li></ul><p>&#xa0;</p><p><strong>INSPIRE –&#xa0;</strong>Inspiráló vállalati kultúránkhoz Te is büszkén tartozol majd.</p><ul><li><strong>Hűek vagyunk az értékeinkhez:&#xa0;</strong>Dolgozz olyan kultúrában, amely értékeli a sokszínűséget, hisz az átláthatóságban és a fenntarthatóságban. Kapcsolódj be társadalmi felelősség vállalási programjainkba, mint például véradási kampányok és jótékonysági tevékenységek.</li><li><strong>Legnagyobb erősségünk a közösségünk:</strong>&#xa0;Részt vehetsz csapatépítőkön és olyan szórakoztató vállalati eseményeken, mint egy nyári piknik, karácsonyi vásár vagy családi nap, valamint csatlakozhatsz aktív belső közösségeinkhez, ahol további izgalmas programlehetőségek várnak.</li></ul><p>&#xa0;</p><p>Csatlakozz és Work&#xa0;<strong>#LikeABosch</strong>.</p><p>&#xa0;</p><p><strong>Kérlek, az angol nyelvű önéletrajzoddal jelentkezz!</strong></p><ul><li>If you have any questions regarding the position or the application process, we encourage you to first visit our FAQ section <a href=""https://www.bosch.hu/karrier/allaslehetosegek/#gyakran-ismetelt-kerdesek"" rel=""noopener noreferrer"">[HERE]</a>, where you may already find the answer you're looking for. If you still need assistance, please feel free to contact us at the following email address - &#xa0;<a href=""mailto:talentacquisitionhungary@bosch.com"" rel=""noopener noreferrer"">talentacquisitionhungary@bosch.com</a>- We'd be happy to help.</li><li>Ha kérdésed van a pozícióval vagy a jelentkezési folyamattal kapcsolatban, először nézd meg a GYIK (FAQ) részt <a href=""https://www.bosch.hu/karrier/allaslehetosegek/#gyakran-ismetelt-kerdesek"" rel=""noopener noreferrer"">[ITT]</a>, mert lehet, hogy ott már megtalálod a választ. Ha nem találod, amit keresel, írj nekünk bizalommal az alábbi e-mail-címre – <em><a href=""mailto:talentacquisitionhungary@bosch.com-"" rel=""noopener noreferrer"">talentacquisitionhungary@bosch.com-</a> </em>szívesen segítünk.</li></ul>",DE,"Maklár, , Hungary",https://jobs.smartrecruiters.com/BoschGroup/744000146646539-folyamatmernok-hatarozott-ideju-szerzodes-process-engineer-fixed-term-contract-,"2026-09-01T08:09:09.241Z",Full-time,2026-09-01 15:11:44.538 +0700,25
