"ats_name","company_name","job_name","job_description","headquarter","location","job_url","job_uploaded_at","employment_type","ingested_at","rn"
ashby,"42dot",Senior Frontend Engineer API/Interface Design,"WE ARE LOOKING FOR THE BEST

 


ABOUT US

42dot is a mobility AI company committed to solving mobility challenges with software and AI. As the Global Software Center of Hyundai Motor Group, 42dot pioneers the future of mobility by advancing the development of software-defined vehicles. 

We develop safety-first, user-centric software-defined vehicle technologies that deliver the latest performance through continuous updates like smartphones. By advancing software and AI technology, 42dot envisions a world where everything is connected and moves autonomously through a self-managing urban transportation operating system.




OVERVIEW

Join our dynamic team as a Senior Frontend Engineer, where you will shape the user-facing layer of our virtual development platform for Software Defined Vehicles (SDV). Your work will define how internal engineering teams and external integration partners experience our SDV OS tooling - from the public API contract that drives partner integrations, through the real-time dashboard that visualizes vehicle state, to the 3D model views that bring the virtual vehicle to life. This is your chance to be at the forefront of automotive innovation, building the developer and partner experience for the autonomous driving platform of the future.




ROLE AND RESPONSIBILITIES

 - Design, document and evolve the public REST and Server-Sent Events API surface of our virtual vehicle platform, including OpenAPI specifications and generated partner clients.

 - Implement and maintain the production frontend in React and TypeScript: real-time vehicle state dashboards, vehicle variant management, partner-facing portals, configuration and scenario tooling.

 - Integrate 3D vehicle assets (glTF) into the frontend using three.js or react-three-fiber, in close collaboration with our product designer.

 - Build the developer experience around the schema: typed clients, runtime validation, mocks, contract tests, generated documentation.

 - Own resilience of streaming UI components: reconnection, backpressure, multiplexed event handling.

 - Participate directly in technical conversations with external integration partners, including API design reviews and partner-facing written guides.
   
   


QUALIFICATIONS, EXPERIENCE AND SKILLS

 - Bachelor's degree in Computer Science or related field, equivalent practical experience.

 - 5+ years of production experience with React and TypeScript, including end-to-end type safety.

 - Hands-on experience designing and evolving OpenAPI 3.x specifications and the tooling around them (validators, mocks, client generators).

 - Strong schema-first instincts (Zod, JSON Schema, runtime validation at boundaries).

 - Solid working understanding of REST and streaming protocols (Server-Sent Events, WebSocket).

 - Practical experience integrating 3D content in the browser with three.js or react-three-fiber: scenes, cameras, glTF loading, basic performance tuning.

 - Strong code review culture and ability to collaborate with backend and design counterparts.

 - Fluent English.
   
   


PREFERRED QUALIFICATIONS

 - Frontend integration testing with Playwright or Cypress, including visual regression workflows.

 - Experience writing partner- or developer-facing technical content (HOWTOs, integration guides, release notes).

 - Working experience with multi-site, multi-national and multi-contributor teams.

 - Knowledge of automotive products, is a plus but not required.
   
   

Interview Process

 - Application Review - Coding Test - 1st interview - 2nd interview - Offer Negotiation - Hiring

 - The screening procedures may vary depending on the position, schedule, or other circumstances.
   
   You will be individually notified of the screening schedule and results via the email address provided in your application.

 

Additional Information

 - In accordance with fair hiring practices, do not include any personal information unrelated to your job qualifications (e.g., Social Security Number, family relations, marital status, age, photo, physical condition, place of birth, etc.) in your resume.

 - All documents must be submitted in PDF format and under 30MB in size.

 -  If you experience issues uploading your resume, please send it along with the job posting URL to recruit@42dot.ai.

 - 42dot does not accept unsolicited resumes and will not pay fees for any such submissions. Equal Opportunity Statement

 - 42dot is an Equal Opportunity Employer. We celebrate diversity and are committed to creating an inclusive environment for all employees, regardless of race, color, religion, sex, sexual orientation, gender identity, national origin, age, disability, or veteran status.

 

※ Please review the following information before applying.

 - How to work in 42dot, About 42dot Way → https://42dot.ai/careers/way


",KR,"Warsaw, Poland",https://jobs.ashbyhq.com/42dot/ecc633f0-3180-4172-9b91-753c9195ca83,"2026-07-06T15:12:23.246+00:00",FullTime,2026-08-31 20:56:55.376 +0700,1
ashby,Applied Intuition,Software Engineer - Low Speed Motion Planning & Control,"Applied Intuition, Inc. is powering the future of physical AI. Founded in 2017 and now valued at $15 billion, the Silicon Valley company is creating the digital infrastructure needed to bring intelligence to every moving machine on the planet. Applied Intuition services the automotive, defense, trucking, construction, mining and agriculture industries in three core areas: tools and infrastructure, operating systems, and autonomy. Eighteen of the top 20 global automakers, as well as the United States military and its allies, trust the company’s solutions to deliver physical intelligence. Applied Intuition is headquartered in Sunnyvale, California, with offices in Washington, D.C.; San Diego; Ft. Walton Beach, Florida; Ann Arbor, Michigan; London; Stuttgart; Munich; Stockholm; Bangalore; Seoul; and Tokyo. Learn more at applied.co http://applied.co.

We are an in-office company, and our expectation is that full-time employees primarily work from their Applied Intuition office 5 days a week. However, we also recognize the importance of flexibility and trust our employees to manage their schedules responsibly. This may include occasional remote work, starting the day with morning meetings from home before heading to the office, or leaving earlier when needed to accommodate family commitments. This in-office expectation does not apply to contractor positions


ABOUT THE ROLE

We are looking for bright engineers interested in designing elegant solutions to difficult problems in the autonomy space.  Your contributions will focus on building out capabilities of an autonomous vehicle stack, including necessary enablement work on the infrastructure- and vehicle-side. At Applied Intuition, we encourage engineers to take ownership over technical and product decisions, interact closely with users & customers to collect feedback, and contribute to a thoughtful, dynamic team culture.

 In addition to your engineering contributions, by working in our dynamic and customer-focused team culture, you will contribute to and learn from best practices in the nascent autonomy industry. We move fast and we focus on excellence, for our products and for our business. If you are hands-on and looking for a place to have a multiplying effect on making autonomous systems a reality, Applied is the place for you! 


AT APPLIED INTUITION, YOU WILL:

 - Design and implement motion planning and controls modules that can be deployed on various vehicle platforms, enabling them for highly accurate autonomous navigation in tight scenarios.

 - Characterize the dynamics of our customers’ vehicles to create tailored controls solutions and to reduce the gap between simulation and real-world dynamics.

 - Evaluate and utilize academic research to create optimal-control-based solutions using techniques like nonlinear MPC and MPPI control.


WE'RE LOOKING FOR SOMEONE WHO HAS:

 - Passion about tackling challenging motion planning or motion control problems 

 - 3+ years of experience building production software using modern software practices.

 - Hands-on experience testing controls solutions on real, production-grade vehicles.

 - Fluency in control theory, numerical optimization, numerical analysis, and physics.

 - Enthusiasm for coming up with practical solutions to cutting-edge challenges in a fast-paced environment.

 - Experience writing high-performance C++ code.


NICE TO HAVE:

 - MSc or PhD in mechanical engineering or computer science with coursework or research experience in motion planning or controls.

 - Experience writing software that is compliant with guidelines for safety-critical C++ code, such as MISRA and AUTOSAR.

 - Experience using quadratic programming solvers or nonlinear optimization tools. 

 - Experience applying machine learning techniques to vehicle dynamics modeling.

 - Experience working both with large industrial /commercial vehicles, as well as passenger cars.

Compensation at Applied Intuition for eligible roles includes base salary, equity, and benefits. Base salary is a single component of the total compensation package, which may also include equity in the form of options and/or restricted stock units, comprehensive health, dental, vision, life and disability insurance coverage, 401k retirement benefits with employer match, learning and wellness stipends, and paid time off. Note that benefits are subject to change and may vary based on jurisdiction of employment.

Applied Intuition pay ranges reflect the minimum and maximum intended target base salary for new hire salaries for the position. The actual base salary offered to a successful candidate will additionally be influenced by a variety of factors including experience, credentials & certifications, educational attainment, skill level requirements, interview performance, and the level and scope of the position.

Please reference the job posting’s subtitle for where this position will be located. For pay transparency purposes, the base salary range for this full-time position in the location listed is: $125,000 - $232,000 USD annually. 

Don’t meet every single requirement? If you’re excited about this role but your past experience doesn’t align perfectly with every qualification in the job description, we encourage you to apply anyway. You may be just the right candidate for this or other roles.

Applied Intuition is an equal opportunity employer and federal contractor or subcontractor. Consequently, the parties agree that, as applicable, they will abide by the requirements of 41 CFR 60-1.4(a), 41 CFR 60-300.5(a) and 41 CFR 60-741.5(a) and that these laws are incorporated herein by reference. These regulations prohibit discrimination against qualified individuals based on their status as protected veterans or individuals with disabilities, and prohibit discrimination against all individuals based on their race, color, religion, sex, sexual orientation, gender identity or national origin. These regulations require that covered prime contractors and subcontractors take affirmative action to employ and advance in employment individuals without regard to race, color, religion, sex, sexual orientation, gender identity, national origin, protected veteran status or disability. The parties also agree that, as applicable, they will abide by the requirements of Executive Order 13496 (29 CFR Part 471, Appendix A to Subpart A), relating to the notice of employee rights under federal labor laws.

FOR US-BASED ROLES: Applied Intuition is committed to providing an accessible and inclusive application and interview experience to applicants who are disabled veterans and other applicants with disabilities or medical conditions. Reasonable accommodations are available, requesting an accommodation will not affect your candidacy in any way, and you are not required to disclose the nature of your disability or medical condition in order to make a request.
If you require an accommodation please contact careers@applied.co. We will work with you!",US,Sunnyvale,https://jobs.ashbyhq.com/applied/8e420371-fb1f-4d5e-b2e2-26bd10b6389c,"2026-02-04T22:00:03.007+00:00",FullTime,2026-08-31 20:56:55.376 +0700,2
ashby,Applied Intuition,Electrical Engineer,"Applied Intuition, Inc. is powering the future of physical AI. Founded in 2017 and now valued at $15 billion, the Silicon Valley company is creating the digital infrastructure needed to bring intelligence to every moving machine on the planet. Applied Intuition services the automotive, defense, trucking, construction, mining and agriculture industries in three core areas: tools and infrastructure, operating systems, and autonomy. Eighteen of the top 20 global automakers, as well as the United States military and its allies, trust the company’s solutions to deliver physical intelligence. Applied Intuition is headquartered in Sunnyvale, California, with offices in Washington, D.C.; San Diego; Ft. Walton Beach, Florida; Ann Arbor, Michigan; London; Stuttgart; Munich; Stockholm; Bangalore; Seoul; and Tokyo. Learn more at applied.co http://applied.co.

We are an in-office company, and our expectation is that full-time employees primarily work from their Applied Intuition office 5 days a week. However, we also recognize the importance of flexibility and trust our employees to manage their schedules responsibly. This may include occasional remote work, starting the day with morning meetings from home before heading to the office, or leaving earlier when needed to accommodate family commitments. This in-office expectation does not apply to contractor positions


MEET OUR ENGINEERS ON THE VEHICLE OS TEAM!

Vehicle OS is a flexible suite of products that help vehicle manufacturers develop, deploy, and update complete vehicle software and AI applications. Learn more about what the team is building, the team culture, and why it’s one of the most exciting projects at Applied Intuition.




ABOUT THE ROLE

Applied Intuition is looking for an electrical engineer with expertise in developing compute hardware products for next-generation electric and autonomous vehicles. This is a unique opportunity to work on challenging engineering problems on Applied Intuition's Vehicle OS product to accelerate the future of Software Defined Vehicles. 


AT APPLIED INTUITION, YOU WILL:

 - Design electrical schematics for automotive, off-road, and defense (optional) applications, incorporating SoCs/MCUs, power (SMPS, Linear), memory components (eMMC, DDR, NVMe), and peripherals from concept to production

 - Design boards that use high & low speed digital interfaces (UART, SPI, I2C, USB, PCIe, MIPI, DP, ethernet, etc), and automotive interfaces such as LIN, CAN, Flexray. Guide and oversee PCB layout, ensuring it meets DFx standards and adheres to performance, cost, mechanical, thermal, and reliability constraints

 - Create detailed component block diagrams and engage with PCB/PCBA vendors for fabrication and assembly

 - Collaborate with system, firmware, software, and integration teams to ensure successful bring-up and validation of the platform

 - Develop and execute test plans to validate design performance and document results

 - Stay updated on new technologies to ensure our solutions remain cutting-edge and align with industry best practices


WE'RE LOOKING FOR SOMEONE WHO HAS:

 - BS or MS in Electrical Engineering or Computer Engineering

 - At least 2 years of hands-on hardware design experience with a strong grasp of analog and power design, digital design and interfaces, including PCIe, Ethernet, DDR, I2C, SPI, UART, and GSML)

 - Proficiency in schematic capture and layout

 - Skills in lab tools such as bench power supplies, multimeters, oscilloscopes, logic analyzers, and network analyzers

 - In-depth understanding of PCB manufacturing, product delivery, and extensive experience in testing, validation, and troubleshooting of electrical systems

 - An open-minded and collaborative attitude, and is eager to assist others as a team player

 - Excellent technical writing skills for clear communication and documentation

 - Excellent in using modern AI tools, vibe coding, and creating agents and skills to automate tasks


NICE TO HAVE:

 - Prior experience in building automotive hardware systems and/or designing and building prototype vehicles

 - Prior experience high-volume production of hardware products

 - Prior experience with building real-time HW systems with safety constraints

 - Prior experience with Altium Designer 

 - Experience designing circuits that drive cameras &/or displays

Compensation at Applied Intuition for eligible roles includes base salary, equity, and benefits. Base salary is a single component of the total compensation package, which may also include equity in the form of options and/or restricted stock units, comprehensive health, dental, vision, life and disability insurance coverage, 401k retirement benefits with employer match, learning and wellness stipends, and paid time off. Note that benefits are subject to change and may vary based on jurisdiction of employment.

Applied Intuition pay ranges reflect the minimum and maximum intended target base salary for new hire salaries for the position. The actual base salary offered to a successful candidate will additionally be influenced by a variety of factors including experience, credentials & certifications, educational attainment, skill level requirements, interview performance, and the level and scope of the position.

Don’t meet every single requirement? If you’re excited about this role but your past experience doesn’t align perfectly with every qualification in the job description, we encourage you to apply anyway. You may be just the right candidate for this or other roles.

Applied Intuition is an equal opportunity employer and federal contractor or subcontractor. Consequently, the parties agree that, as applicable, they will abide by the requirements of 41 CFR 60-1.4(a), 41 CFR 60-300.5(a) and 41 CFR 60-741.5(a) and that these laws are incorporated herein by reference. These regulations prohibit discrimination against qualified individuals based on their status as protected veterans or individuals with disabilities, and prohibit discrimination against all individuals based on their race, color, religion, sex, sexual orientation, gender identity or national origin. These regulations require that covered prime contractors and subcontractors take affirmative action to employ and advance in employment individuals without regard to race, color, religion, sex, sexual orientation, gender identity, national origin, protected veteran status or disability. The parties also agree that, as applicable, they will abide by the requirements of Executive Order 13496 (29 CFR Part 471, Appendix A to Subpart A), relating to the notice of employee rights under federal labor laws.

FOR US-BASED ROLES: Applied Intuition is committed to providing an accessible and inclusive application and interview experience to applicants who are disabled veterans and other applicants with disabilities or medical conditions. Reasonable accommodations are available, requesting an accommodation will not affect your candidacy in any way, and you are not required to disclose the nature of your disability or medical condition in order to make a request.
If you require an accommodation please contact careers@applied.co. We will work with you!",US,Sunnyvale,https://jobs.ashbyhq.com/applied/56c1ddc9-b0e4-40ec-a4aa-10b2ed6430a3,"2022-09-06T21:38:01.296+00:00",FullTime,2026-08-31 20:56:55.376 +0700,3
ashby,Applied Intuition,Engineering Manager - Defense Systems,"Applied Intuition, Inc. is powering the future of physical AI. Founded in 2017 and now valued at $15 billion, the Silicon Valley company is creating the digital infrastructure needed to bring intelligence to every moving machine on the planet. Applied Intuition services the automotive, defense, trucking, construction, mining and agriculture industries in three core areas: tools and infrastructure, operating systems, and autonomy. Eighteen of the top 20 global automakers, as well as the United States military and its allies, trust the company’s solutions to deliver physical intelligence. Applied Intuition is headquartered in Sunnyvale, California, with offices in Washington, D.C.; San Diego; Ft. Walton Beach, Florida; Ann Arbor, Michigan; London; Stuttgart; Munich; Stockholm; Bangalore; Seoul; and Tokyo. Learn more at applied.co http://applied.co.

We are an in-office company, and our expectation is that full-time employees primarily work from their Applied Intuition office 5 days a week. However, we also recognize the importance of flexibility and trust our employees to manage their schedules responsibly. This may include occasional remote work, starting the day with morning meetings from home before heading to the office, or leaving earlier when needed to accommodate family commitments. This in-office expectation does not apply to contractor positions


ABOUT THE ROLE

Applied Intuition is powering the future of physical AI, bringing intelligence to every moving machine on the planet. Nowhere are the stakes higher than in defense, where physical AI is reshaping how the United States and its allies deter and win conflicts. Our Forward Deployed Engineering team is where that intelligence meets the real world: deploying and integrating Applied Intuition's tools, operating systems, and autonomy stacks onto defense platforms in challenging operational environments.

As the Engineering Manager, you'll lead a team of 8-12 Forward Deployed Engineers who each operate like startup CTOs: owning end-to-end execution of high-stakes projects in small teams. Your job is to make this team scale, hiring and developing exceptional engineers, setting technical direction across engagements, and building the repeatable delivery practices that let us bring physical AI to more platforms and more customers without sacrificing quality or speed.

This is a high visibility player-coach role in a significant customer-facing, mission-critical environment. You'll represent Applied Intuition with authority in front of defense and government customers, own delivery outcomes across a portfolio of concurrent programs, and serve as the escalation point when projects hit ambiguity, changing requirements, or hard technical tradeoffs. You'll be expected to stay close to the technology, reviewing architectures, pressure-testing integration approaches, and diving in when a program needs it. Fielding intelligent machines is a systems problem spanning software, hardware, and operations, and your team sits at the center of it.



AT APPLIED INTUITION, YOU WILL:

 - Work directly with defense and government customers to deploy, integrate, and operationalize Applied Intuition's vehicle intelligence products in military and government environments, from defense contractors to forward operating bases

 - Tackle a broad range of technical challenges, including software engineering, operating system configuration, system deployment, and hardware integration

 - Bridge customer-built systems and Applied’s solutions to deliver tangible value

 - Design and implement scalable, consistent approaches for customer engagement and project execution

 - Develop architectural solutions that improve consistency and scalability across projects

 - Collaborate with internal engineering, product, and customer teams to ensure successful outcomes

 - Take ownership of technical outcomes and drive projects to completion, adapting to changing requirements and priorities


WE'RE LOOKING FOR SOMEONE WHO HAS:

 - Production grade SW experience. Has deployed SW or HW systems to active customers (not R&D, one-off projects)

 - Exceptional customer-facing skills and focus on solving customer problems

 - A proven mentor and leader of engineering talent

 - Strong engineering background, preferred in fields such as Computer Engineering, Computer Science, Electrical Engineering

 - Broad technical experience across software engineering, operating systems, and some hardware

 - Experience supporting integration and deployment of complex systems

 - Exceptional problem-solving skills and a proven ability to thrive and innovate independently within highly ambiguous and rapidly evolving operational environments

Security Requirements:

 - Must be a U.S. Citizen

 - Must hold or be eligible to obtain and maintain a U.S. security clearance

For more information about U.S. security clearances: click here https://www.state.gov/securityclearances.

Compensation at Applied Intuition for eligible roles includes base salary, equity, and benefits. Base salary is a single component of the total compensation package, which may also include equity in the form of options and/or restricted stock units, comprehensive health, dental, vision, life and disability insurance coverage, 401k retirement benefits with employer match, learning and wellness stipends, and paid time off. Note that benefits are subject to change and may vary based on jurisdiction of employment.

Applied Intuition pay ranges reflect the minimum and maximum intended target base salary for new hire salaries for the position. The actual base salary offered to a successful candidate will additionally be influenced by a variety of factors including experience, credentials & certifications, educational attainment, skill level requirements, interview performance, and the level and scope of the position.

Please reference the job posting’s subtitle for where this position will be located. For pay transparency purposes, the base salary range for this full-time position in the location listed is: $250,000 - $300,000 USD annually.

Don’t meet every single requirement? If you’re excited about this role but your past experience doesn’t align perfectly with every qualification in the job description, we encourage you to apply anyway. You may be just the right candidate for this or other roles.

Applied Intuition is an equal opportunity employer and federal contractor or subcontractor. Consequently, the parties agree that, as applicable, they will abide by the requirements of 41 CFR 60-1.4(a), 41 CFR 60-300.5(a) and 41 CFR 60-741.5(a) and that these laws are incorporated herein by reference. These regulations prohibit discrimination against qualified individuals based on their status as protected veterans or individuals with disabilities, and prohibit discrimination against all individuals based on their race, color, religion, sex, sexual orientation, gender identity or national origin. These regulations require that covered prime contractors and subcontractors take affirmative action to employ and advance in employment individuals without regard to race, color, religion, sex, sexual orientation, gender identity, national origin, protected veteran status or disability. The parties also agree that, as applicable, they will abide by the requirements of Executive Order 13496 (29 CFR Part 471, Appendix A to Subpart A), relating to the notice of employee rights under federal labor laws.

FOR US-BASED ROLES: Applied Intuition is committed to providing an accessible and inclusive application and interview experience to applicants who are disabled veterans and other applicants with disabilities or medical conditions. Reasonable accommodations are available, requesting an accommodation will not affect your candidacy in any way, and you are not required to disclose the nature of your disability or medical condition in order to make a request.
If you require an accommodation please contact careers@applied.co. We will work with you!",US,"Washington, D.C.",https://jobs.ashbyhq.com/applied/759af660-908e-47fa-a6b5-2d4cdde334f4,"2026-08-18T17:00:31.546+00:00",FullTime,2026-08-31 20:56:55.376 +0700,4
ashby,Applied Intuition,Electrical Systems Integration Engineer,"Applied Intuition, Inc. is powering the future of physical AI. Founded in 2017 and now valued at $15 billion, the Silicon Valley company is creating the digital infrastructure needed to bring intelligence to every moving machine on the planet. Applied Intuition services the automotive, defense, trucking, construction, mining and agriculture industries in three core areas: tools and infrastructure, operating systems, and autonomy. Eighteen of the top 20 global automakers, as well as the United States military and its allies, trust the company’s solutions to deliver physical intelligence. Applied Intuition is headquartered in Sunnyvale, California, with offices in Washington, D.C.; San Diego; Ft. Walton Beach, Florida; Ann Arbor, Michigan; London; Stuttgart; Munich; Stockholm; Bangalore; Seoul; and Tokyo. Learn more at applied.co http://applied.co.

We are an in-office company, and our expectation is that full-time employees primarily work from their Applied Intuition office 5 days a week. However, we also recognize the importance of flexibility and trust our employees to manage their schedules responsibly. This may include occasional remote work, starting the day with morning meetings from home before heading to the office, or leaving earlier when needed to accommodate family commitments. This in-office expectation does not apply to contractor positions


ABOUT THE ROLE

Applied Intuition is seeking an experienced Electrical System Integration Engineer to design automotive-grade wire harnesses and coordinate with engineering teams and suppliers. You will lead the design of wire harness and electrical distribution systems, ensuring program milestones and quality standards are met.


AT APPLIED INTUITION, YOU WILL:

 - Design the routing and retention of harnesses, cables, and connectors to ensure ease of assembly, serviceability, and robust functionality

 - Develop BOMs, wire, and material specifications

 - Create and manage CAD (3D models, assemblies, 2D drawings) using SolidWorks and Altium for: low-voltage, high-voltage, and high-speed vehicle interconnects

 - Interface cross-functionally to drive program delivery

 - Working with OEMs, vendors and partners (current and potential) to identify the best wire harness solution for Applied Intuition’s vehicle platform


WE'RE LOOKING FOR SOMEONE WHO HAS:

 - BS or MS degree in Systems, Electrical, Hardware, Computer Science or equivalent program

 - 2+ years of experience in automotive wire harness design, experience with the IPC/WHMA-A-620 standard

 - Experience designing harnesses for LV & HV applications; familiar with automotive standards such as ISO 6722, SAE J1128

 - Ability to source, manage, and maintain relationships with vendors & suppliers for harness manufacturing & materials


NICE TO HAVE:

 - Knowledge with Capital and Catia

 - Hands-on experience with harness crimping and end-to-end assembly of electrical test benches used for system integration and validation

 - Experience with model development and simulation tools

 - Strong knowledge of automotive product development systems and design disciplines

 - Excellent written & oral communication skills – ability to present to wider audiences

Compensation at Applied Intuition for eligible roles includes base salary, equity, and benefits. Base salary is a single component of the total compensation package, which may also include equity in the form of options and/or restricted stock units, comprehensive health, dental, vision, life and disability insurance coverage, 401k retirement benefits with employer match, learning and wellness stipends, and paid time off. Note that benefits are subject to change and may vary based on jurisdiction of employment.

Applied Intuition pay ranges reflect the minimum and maximum intended target base salary for new hire salaries for the position. The actual base salary offered to a successful candidate will additionally be influenced by a variety of factors including experience, credentials & certifications, educational attainment, skill level requirements, interview performance, and the level and scope of the position.

Don’t meet every single requirement? If you’re excited about this role but your past experience doesn’t align perfectly with every qualification in the job description, we encourage you to apply anyway. You may be just the right candidate for this or other roles.

Applied Intuition is an equal opportunity employer and federal contractor or subcontractor. Consequently, the parties agree that, as applicable, they will abide by the requirements of 41 CFR 60-1.4(a), 41 CFR 60-300.5(a) and 41 CFR 60-741.5(a) and that these laws are incorporated herein by reference. These regulations prohibit discrimination against qualified individuals based on their status as protected veterans or individuals with disabilities, and prohibit discrimination against all individuals based on their race, color, religion, sex, sexual orientation, gender identity or national origin. These regulations require that covered prime contractors and subcontractors take affirmative action to employ and advance in employment individuals without regard to race, color, religion, sex, sexual orientation, gender identity, national origin, protected veteran status or disability. The parties also agree that, as applicable, they will abide by the requirements of Executive Order 13496 (29 CFR Part 471, Appendix A to Subpart A), relating to the notice of employee rights under federal labor laws.

FOR US-BASED ROLES: Applied Intuition is committed to providing an accessible and inclusive application and interview experience to applicants who are disabled veterans and other applicants with disabilities or medical conditions. Reasonable accommodations are available, requesting an accommodation will not affect your candidacy in any way, and you are not required to disclose the nature of your disability or medical condition in order to make a request.
If you require an accommodation please contact careers@applied.co. We will work with you!",US,Sunnyvale,https://jobs.ashbyhq.com/applied/ea05f05a-092e-4b51-b341-af1dcd678874,"2026-05-01T21:29:24.464+00:00",FullTime,2026-08-31 20:56:55.376 +0700,5
ashby,"42dot",ML Performance Optimization Engineer,"ABOUT THE TEAM & MISSION



AD Division의 ML Performance Optimization Engineer는 Autonomous Driving AI 모델이 차량 환경에서 안정적이고 효율적으로 동작할 수 있도록 모델 최적화 및 시스템 성능 개선 업무를 수행합니다. Autonomous Driving 에 사용 되는 다양한 모델에 대해 GPU/NPU 기반 최적화를 수행하며, 차량 환경에서의 모델 배포 및 성능 향상을 위한 핵심 역할을 담당합니다. 또한 AI Model 및 Software 팀과 긴밀히 협업하여 모델 성능 검증, 시스템 프로파일링, 성능 분석 자동화를 수행하며 Autonomous Driving 시스템의 안정성과 효율 향상에 기여합니다.

The ML Performance Optimization Engineer in the AD Division is responsible for optimizing AI models and improving system performance to ensure autonomous driving models operate efficiently and reliably in vehicle environments. This role focuses on GPU/NPU-based optimization for various autonomous driving models. You will play a key role in enabling seamless deployment and performance improvements on vehicle platforms. The role also involves close collaboration with AI model and software teams to conduct model validation, system profiling, and performance analysis automation for autonomous driving systems.




RESPONSIBILITIES

 - GPU/NPU 기반 딥러닝 모델 최적화 수행

 - 딥러닝 모델의 성능 검증 및 시스템 프로파일링 수행

 - CPU, GPU, Neural Network Accelerator 성능 분석 및 최적화

 - 시스템 성능 분석 툴 및 성능 평가 지표 개발 자동화

 - 차량 환경에서의 AI 모델 동작 최적화 및 배포 지원




 - Optimize deep learning models using GPU/NPU acceleration

 - Validate deep learning model performance and conduct system profiling

 - Analyze and optimize CPU, GPU, and neural network accelerator performance

 - Develop and automate system performance analysis tools and evaluation metrics

 - Support deployment and runtime optimization of AI models in vehicle environments




QUALIFICATIONS

 - 인공지능, 머신러닝/딥러닝 관련 분야 석사 학위 이상 또는 이에 준하는 경력 보유자

 - 머신러닝 및 딥러닝에 대한 이해

 - CPU, GPU, NPU 기반 Low-level 성능 최적화 경험

 - C/C++, Python, Shell Script 기반 개발 경험

 - Linux, QNX, RTOS 환경에서의 개발 경험

 - 시스템 성능 분석 및 Profiling 경험




 - Master’s degree or higher in Artificial Intelligence, Machine Learning, Deep Learning, or related fields, or equivalent practical experience

 - Strong understanding of machine learning and deep learning systems

 - Experience with low-level performance optimization for CPU, GPU, and NPU environments

 - Proficiency in C/C++, Python, and shell scripting

 - Development experience in Linux, QNX, or RTOS environments

 - Experience with system profiling and performance analysis




PREFERRED QUALIFICATIONS

 - 머신러닝 Workload 최적화 경험

 - 딥러닝 기반 선형대수 연산 최적화 및 분석 경험

 - Image Processing, Computer Vision, Robotics Algorithm 최적화 경험

 - CUDA, MKL, SIMD, NEON 기반 최적화 경험

 - NVIDIA 기반 차량 플랫폼 환경에서의 개발 또는 최적화 경험

 - Autonomous Driving 관련 AI 모델 최적화 경험




 - Experience optimizing machine learning workloads

 - Experience optimizing and analyzing linear algebra routines for deep learning systems

 - Experience optimizing image processing, computer vision, or robotics algorithms

 - Experience with CUDA, MKL, SIMD, or NEON optimization techniques

 - Experience developing or optimizing systems on NVIDIA-based vehicle platforms

 - Experience optimizing AI models for autonomous driving applications




INTERVIEW PROCESS

 1. 서류 전형

 2. 1차 면접 (화상, 1시간 내외)

 3. 2차 면접 (대면 혹은 화상, 3시간 내외) 

 4. 처우 협의·입사




 1. Application Screening

 2. First Interview (Virtual, approximately 1 hour)

 3. Second Interview (In-person or Virtual, approximately 3 hours) 

 4. Offer Discussion / Onboarding

 


ADDITIONAL INFORMATION

 - 전형 절차는 일정 및 진행 상황에 따라 일부 변경될 수 있으며, 각 전형 결과는 등록하신 이메일로 개별 안내드립니다.

 - 지원서 제출 시 주민등록번호, 가족관계, 혼인 여부, 연봉, 사진, 신체조건, 출신 지역 등 채용절차법상 요구 금지된 정보는 제외 부탁드립니다.

 - 지원서 접수 중 오류가 발생하거나 기타 문의 사항이 있을 경우, recruit@42dot.ai로 문의해 주시기 바랍니다.

 - 국가보훈대상자 및 취업보호 대상자는 관계법령에 따라 우대합니다.

 - 장애인 고용 촉진 및 직업재활법에 따라 장애인 등록증 소지자를 우대합니다.

 - 42dot은 의뢰하지 않은 서치펌의 이력서를 받지 않으며, 요청하지 않은 이력서에 대해 수수료를 지불하지 않습니다.

 - 지원서 내용 중 허위 사실이 발견될 경우, 입사가 취소될 수 있습니다.

 - 인터뷰 프로세스 종료 후 지원자의 동의하에 평판조회가 진행될 수 있습니다.

 - 3개월의 수습기간이 적용될 수 있습니다.




 - The recruitment process may change depending on schedule and progress; the result of each stage will be sent individually to your registered email.
   
   Please do not include legally prohibited information in your application (e.g., ID number, family relations, marital status, salary, photo, physical details, hometown).

 - For application errors or inquiries, contact recruit@42dot.ai.

 - Veterans and applicants eligible for employment protection will receive preferential consideration in accordance with applicable laws and regulations.

 - In compliance with the Act on Employment Promotion and Vocational Rehabilitation for Persons with Disabilities, registered individuals with disabilities will receive preferential consideration.

 - 42dot does not accept unsolicited resumes from search firms. We will not pay any fees for resumes submitted without prior agreement.

 - False information in your application may result in offer cancellation.
   
   A reference check may be conducted after the interview process, with your consent.

 - A 3-month probationary period may apply.",KR,"Pangyo (Software Dream Center), South Korea",https://jobs.ashbyhq.com/42dot/fe4fa5a3-a230-4740-8e86-886fc01ae649,"2026-08-18T10:07:08.868+00:00",FullTime,2026-08-31 20:56:55.376 +0700,6
ashby,Applied Intuition,Product Security Engineer ,"Applied Intuition, Inc. is powering the future of physical AI. Founded in 2017 and now valued at $15 billion, the Silicon Valley company is creating the digital infrastructure needed to bring intelligence to every moving machine on the planet. Applied Intuition services the automotive, defense, trucking, construction, mining and agriculture industries in three core areas: tools and infrastructure, operating systems, and autonomy. Eighteen of the top 20 global automakers, as well as the United States military and its allies, trust the company’s solutions to deliver physical intelligence. Applied Intuition is headquartered in Sunnyvale, California, with offices in Washington, D.C.; San Diego; Ft. Walton Beach, Florida; Ann Arbor, Michigan; London; Stuttgart; Munich; Stockholm; Bangalore; Seoul; and Tokyo. Learn more at applied.co http://applied.co.

We are an in-office company, and our expectation is that full-time employees primarily work from their Applied Intuition office 5 days a week. However, we also recognize the importance of flexibility and trust our employees to manage their schedules responsibly. This may include occasional remote work, starting the day with morning meetings from home before heading to the office, or leaving earlier when needed to accommodate family commitments. This in-office expectation does not apply to contractor positions


ABOUT THE ROLE

We are seeking a multifaceted Product Security Engineer whose role will be to embed security directly into the Applied Intuitions product design and development lifecycle. Working closely with cross-functional engineering teams, you will play a crucial role in securing our application platform.


AT APPLIED INTUITION, YOU WILL:

 - Analyze Applied Intuition’s applications and system architectures from their inception to release. Proactively identify potential security vulnerabilities and integrate robust security controls and conduct architecture reviews and threat modeling.

 - Conduct regular security assessments and utilize AI-assisted testing on products and systems to systematically identify and mitigate vulnerabilities before they can be exploited.

 - Assist in maturing Applied’s vulnerability management program and drive risk-contextualized resolutions discovered through various security platforms, collaborating closely with development teams.

 - Provide continuous guidance and education to developers on secure coding practices, emerging threats, and general security best practices to cultivate a security-conscious culture.

 - Collaborate with incident response teams and join security incident calls that impact product operations and create targeted remediation suggestions based on current threat landscapes.

 - Work alongside software engineers to mature automated SAST and DAST tooling to secure development frameworks and CI/CD pipelines.


WE'RE LOOKING FOR SOMEONE WHO HAS:

 - 5+ years of demonstrable experience as a Security Engineer, Application Security Engineer, or Product Security Engineer within a highly complex, rapidly scaling software organization.

 - Proficiency in modern programming languages (such as Python, Typescript, etc.), knowledge of security tools (e.g., Burp Suite, OWASP ZAP), and familiarity with modern security protocols and encryption methods.

 - Implemented AI to rapidly identify, validate, and scale security programs.

 - Deep, practical knowledge of container security (Kubernetes), compute constraints, and securing ephemeral workloads across major public cloud platforms (AWS, GCP, Azure) and on-premises environments.

 - Hands-on experience deploying, tuning, and automating SAST, DAST, and CI/CD pipeline security tools.

 - Specific operational experience configuring and driving remediation through cloud security platforms.

 - Proven experience securing large-scale platform migrations and managing the distinct security lifecycles of both legacy systems and modern microservices.


NICE TO HAVE:

 - Direct professional experience in the autonomous vehicle, automotive, aerospace, or defense sectors.

 - Familiarity with physics-based simulation environments, deterministic computing constraints, or managing High-Performance Computing (HPC) clusters.

 - Demonstrable contributions to open-source security tools, published vulnerability research, or recognized vulnerability disclosures (CVEs)

Compensation at Applied Intuition for eligible roles includes base salary, equity, and benefits. Base salary is a single component of the total compensation package, which may also include equity in the form of options and/or restricted stock units, comprehensive health, dental, vision, life and disability insurance coverage, 401k retirement benefits with employer match, learning and wellness stipends, and paid time off. Note that benefits are subject to change and may vary based on jurisdiction of employment.

Applied Intuition pay ranges reflect the minimum and maximum intended target base salary for new hire salaries for the position. The actual base salary offered to a successful candidate will additionally be influenced by a variety of factors including experience, credentials & certifications, educational attainment, skill level requirements, interview performance, and the level and scope of the position.

Don’t meet every single requirement? If you’re excited about this role but your past experience doesn’t align perfectly with every qualification in the job description, we encourage you to apply anyway. You may be just the right candidate for this or other roles.

Applied Intuition is an equal opportunity employer and federal contractor or subcontractor. Consequently, the parties agree that, as applicable, they will abide by the requirements of 41 CFR 60-1.4(a), 41 CFR 60-300.5(a) and 41 CFR 60-741.5(a) and that these laws are incorporated herein by reference. These regulations prohibit discrimination against qualified individuals based on their status as protected veterans or individuals with disabilities, and prohibit discrimination against all individuals based on their race, color, religion, sex, sexual orientation, gender identity or national origin. These regulations require that covered prime contractors and subcontractors take affirmative action to employ and advance in employment individuals without regard to race, color, religion, sex, sexual orientation, gender identity, national origin, protected veteran status or disability. The parties also agree that, as applicable, they will abide by the requirements of Executive Order 13496 (29 CFR Part 471, Appendix A to Subpart A), relating to the notice of employee rights under federal labor laws.

FOR US-BASED ROLES: Applied Intuition is committed to providing an accessible and inclusive application and interview experience to applicants who are disabled veterans and other applicants with disabilities or medical conditions. Reasonable accommodations are available, requesting an accommodation will not affect your candidacy in any way, and you are not required to disclose the nature of your disability or medical condition in order to make a request.
If you require an accommodation please contact careers@applied.co. We will work with you!",US,Sunnyvale,https://jobs.ashbyhq.com/applied/ebefd035-a582-4dac-b11a-613737a6ea89,"2026-03-13T20:08:23.034+00:00",FullTime,2026-08-31 20:56:55.376 +0700,7
ashby,Applied Intuition,Planning - Technical Lead,"Applied Intuition, Inc. is powering the future of physical AI. Founded in 2017 and now valued at $15 billion, the Silicon Valley company is creating the digital infrastructure needed to bring intelligence to every moving machine on the planet. Applied Intuition services the automotive, defense, trucking, construction, mining and agriculture industries in three core areas: tools and infrastructure, operating systems, and autonomy. Eighteen of the top 20 global automakers, as well as the United States military and its allies, trust the company’s solutions to deliver physical intelligence. Applied Intuition is headquartered in Sunnyvale, California, with offices in Washington, D.C.; San Diego; Ft. Walton Beach, Florida; Ann Arbor, Michigan; London; Stuttgart; Munich; Stockholm; Bangalore; Seoul; and Tokyo. Learn more at applied.co http://applied.co.

We are an in-office company, and our expectation is that full-time employees primarily work from their Applied Intuition office 5 days a week. However, we also recognize the importance of flexibility and trust our employees to manage their schedules responsibly. This may include occasional remote work, starting the day with morning meetings from home before heading to the office, or leaving earlier when needed to accommodate family commitments. This in-office expectation does not apply to contractor positions


HEAR FROM AN ENGINEER:




ABOUT THE ROLE

As a Technical Lead for Motion Planning, you will guide the development of sophisticated motion planning modules for autonomous vehicles. You will lead efforts to design, implement, and deploy high-performance, kinematically-feasible planning algorithms that operate under strict timing constraints in diverse operational environments.

In this role, you will mentor engineers, set technical direction, ensure software quality, and partner with customers to understand requirements and deliver impactful solutions. You will collaborate cross-functionally and drive best practices to accelerate autonomy technology at scale.


AT APPLIED INTUITION, YOU WILL:

 - Lead and mentor a team of software engineers focused on onroad behavior software and motion planning for autonomous navigation

 - Develop state-of-the-art onroad behavior software and leverage ML components to achieve highway and city driving

 - Leverage lightweight map data (SD maps) and the outputs of a perception system to determine driving costs to use for planning

 - Architect and oversee the implementation of planning modules that integrate perception outputs, predictions, and lightweight map data for dynamic path planning

 - Ensure deployment readiness by establishing testing protocols and validation on production hardware and real-world road conditions, partnering with evaluation and vehicle teams

 - Collaborate directly with customer engineering teams, managing technical relationships to align deliverables with their autonomy goals

 - Drive continuous improvement in software practices, performance optimization, and innovation within the planning domain

 - Contribute technical leadership to internal project planning, prioritization, and roadmap development


WE'RE LOOKING FOR SOMEONE WHO HAS:

 - BS in in Computer Science, Robotics, Applied Mathematics, or related engineering field with focus on planning

 - 5+ years of experience building and leading production software teams, specifically in planning algorithms for autonomous vehicles

 - Proven ability to lead technical projects end-to-end and mentor junior engineers

 - Fluency in modern C++ and experience with performance-critical software

 - Strong problem-solving skills and ability to deliver practical, scalable solutions in fast-paced environments

 - Excellent communication skills for both technical leadership and customer-facing interactions


NICE TO HAVE:

 - Advanced degree (MSc or PhD) in Computer Science, Robotics, Applied Mathematics, or related engineering field with focus on planning

 - Experience with safety-critical software development and automotive industry standards

 - Hands-on experience testing planning systems on autonomous vehicles

 - Familiarity with machine learning applications in motion planning, combining traditional approaches with the state of the art

Compensation at Applied Intuition for eligible roles includes base salary, equity, and benefits. Base salary is a single component of the total compensation package, which may also include equity in the form of options and/or restricted stock units, comprehensive health, dental, vision, life and disability insurance coverage, 401k retirement benefits with employer match, learning and wellness stipends, and paid time off. Note that benefits are subject to change and may vary based on jurisdiction of employment.

Applied Intuition pay ranges reflect the minimum and maximum intended target base salary for new hire salaries for the position. The actual base salary offered to a successful candidate will additionally be influenced by a variety of factors including experience, credentials & certifications, educational attainment, skill level requirements, interview performance, and the level and scope of the position.

Don’t meet every single requirement? If you’re excited about this role but your past experience doesn’t align perfectly with every qualification in the job description, we encourage you to apply anyway. You may be just the right candidate for this or other roles.

Applied Intuition is an equal opportunity employer and federal contractor or subcontractor. Consequently, the parties agree that, as applicable, they will abide by the requirements of 41 CFR 60-1.4(a), 41 CFR 60-300.5(a) and 41 CFR 60-741.5(a) and that these laws are incorporated herein by reference. These regulations prohibit discrimination against qualified individuals based on their status as protected veterans or individuals with disabilities, and prohibit discrimination against all individuals based on their race, color, religion, sex, sexual orientation, gender identity or national origin. These regulations require that covered prime contractors and subcontractors take affirmative action to employ and advance in employment individuals without regard to race, color, religion, sex, sexual orientation, gender identity, national origin, protected veteran status or disability. The parties also agree that, as applicable, they will abide by the requirements of Executive Order 13496 (29 CFR Part 471, Appendix A to Subpart A), relating to the notice of employee rights under federal labor laws.

FOR US-BASED ROLES: Applied Intuition is committed to providing an accessible and inclusive application and interview experience to applicants who are disabled veterans and other applicants with disabilities or medical conditions. Reasonable accommodations are available, requesting an accommodation will not affect your candidacy in any way, and you are not required to disclose the nature of your disability or medical condition in order to make a request.
If you require an accommodation please contact careers@applied.co. We will work with you!",US,Sunnyvale,https://jobs.ashbyhq.com/applied/8cf6cc67-8c02-404f-a03c-8f9dd2c93de5,"2025-11-21T19:27:57.655+00:00",FullTime,2026-08-31 20:56:55.376 +0700,8
ashby,Applied Intuition,Embedded Test Engineer - New Grad (December 2026),"Applied Intuition, Inc. is powering the future of physical AI. Founded in 2017 and now valued at $15 billion, the Silicon Valley company is creating the digital infrastructure needed to bring intelligence to every moving machine on the planet. Applied Intuition services the automotive, defense, trucking, construction, mining and agriculture industries in three core areas: tools and infrastructure, operating systems, and autonomy. Eighteen of the top 20 global automakers, as well as the United States military and its allies, trust the company’s solutions to deliver physical intelligence. Applied Intuition is headquartered in Sunnyvale, California, with offices in Washington, D.C.; San Diego; Ft. Walton Beach, Florida; Ann Arbor, Michigan; London; Stuttgart; Munich; Stockholm; Bangalore; Seoul; and Tokyo. Learn more at applied.co http://applied.co.

We are an in-office company, and our expectation is that full-time employees primarily work from their Applied Intuition office 5 days a week. However, we also recognize the importance of flexibility and trust our employees to manage their schedules responsibly. This may include occasional remote work, starting the day with morning meetings from home before heading to the office, or leaving earlier when needed to accommodate family commitments. This in-office expectation does not apply to contractor positions


ABOUT THE ROLE

We are looking for a highly motivated and curious New Grad Embedded Test Engineer to join our team in Sunnyvale. This role is designed for early-career engineers eager to dive into the world of automotive systems validation, ensuring the highest standards of safety and quality for our products. You will have the opportunity to bridge the gap between software requirements and physical reality, working on complex engineering problems across Vehicle Intelligence stacks. This is a unique environment where you can build the path forward rather than just following rigid standards, thriving in a dynamic atmosphere that rewards technical agility and innovative thinking.




AT APPLIED INTUITION, YOU WILL:

 - Learn to develop, program, and execute comprehensive test cases based on complex system requirements.

 - Gain hands-on experience with Hardware-in-the-Loop (HIL) test benches, Lab Cars, and vehicle testing.

 - Collaborate with senior engineers to execute integration tests across automotive components like infotainment, telematics, and sensors.

 - Support root cause analysis and troubleshooting efforts when tests fail, working closely with cross-functional development teams.

 - Assist in setting up and configuring HIL test environments to validate system performance.

 - Write Python scripts for test automation to improve validation efficiency and coverage.

 - Work alongside mentors to interface with OEM customers, ensuring smooth integration of functions and clear reporting of test results.


WE'RE LOOKING FOR SOMEONE WHO HAS:

 - A recent Bachelor’s or Master’s degree in Computer Science, Electrical Engineering, Mechanical Engineering, or a related technical field graduating by December 2026.

 - Strong foundational knowledge of systems engineering principles and a desire to apply them to the automotive or EV sectors.

 - Academic or internship experience with Python or another coding language for scripting and basic automation.

 - A proven ability to learn quickly and adapt to new tools and environments.

 - Excellent problem-solving skills and the ability to document technical findings clearly and accurately.

 - Strong communication skills to facilitate collaboration with internal teams and external partners.


NICE TO HAVE:

 - Active involvement in SAE/FSAE or similar hands-on engineering collegiate competitions, demonstrating practical ""coach"" potential.

 - Familiarity with automotive network architectures and protocols (e.g., CAN, Ethernet, LIN) gained through academic projects or internships.

 - Basic proficiency in at least one scripting language such as C / C++, Python, JavaScript, or Java.

 - Exposure to modeling tools like MATLAB/Simulink or familiarity with functional safety standards like ISO 26262.

 - An innate curiosity to optimize processes and an openness to leveraging AI tools to accelerate development.

Don’t meet every single requirement? If you’re excited about this role but your past experience doesn’t align perfectly with every qualification in the job description, we encourage you to apply anyway. You may be just the right candidate for this or other roles.

Applied Intuition is an equal opportunity employer and federal contractor or subcontractor. Consequently, the parties agree that, as applicable, they will abide by the requirements of 41 CFR 60-1.4(a), 41 CFR 60-300.5(a) and 41 CFR 60-741.5(a) and that these laws are incorporated herein by reference. These regulations prohibit discrimination against qualified individuals based on their status as protected veterans or individuals with disabilities, and prohibit discrimination against all individuals based on their race, color, religion, sex, sexual orientation, gender identity or national origin. These regulations require that covered prime contractors and subcontractors take affirmative action to employ and advance in employment individuals without regard to race, color, religion, sex, sexual orientation, gender identity, national origin, protected veteran status or disability. The parties also agree that, as applicable, they will abide by the requirements of Executive Order 13496 (29 CFR Part 471, Appendix A to Subpart A), relating to the notice of employee rights under federal labor laws.

FOR US-BASED ROLES: Applied Intuition is committed to providing an accessible and inclusive application and interview experience to applicants who are disabled veterans and other applicants with disabilities or medical conditions. Reasonable accommodations are available, requesting an accommodation will not affect your candidacy in any way, and you are not required to disclose the nature of your disability or medical condition in order to make a request.
If you require an accommodation please contact careers@applied.co. We will work with you!",US,Sunnyvale,https://jobs.ashbyhq.com/applied/0695a5b7-6823-4da5-b918-3b580d49662c,"2026-08-14T23:10:24.958+00:00",FullTime,2026-08-31 20:56:55.376 +0700,9
ashby,Applied Intuition,Sensor Fusion Engineer,"Applied Intuition, Inc. is powering the future of physical AI. Founded in 2017 and now valued at $15 billion, the Silicon Valley company is creating the digital infrastructure needed to bring intelligence to every moving machine on the planet. Applied Intuition services the automotive, defense, trucking, construction, mining and agriculture industries in three core areas: tools and infrastructure, operating systems, and autonomy. Eighteen of the top 20 global automakers, as well as the United States military and its allies, trust the company’s solutions to deliver physical intelligence. Applied Intuition is headquartered in Sunnyvale, California, with offices in Washington, D.C.; San Diego; Ft. Walton Beach, Florida; Ann Arbor, Michigan; London; Stuttgart; Munich; Stockholm; Bangalore; Seoul; and Tokyo. Learn more at applied.co http://applied.co.

We are an in-office company, and our expectation is that full-time employees primarily work from their Applied Intuition office 5 days a week. However, we also recognize the importance of flexibility and trust our employees to manage their schedules responsibly. This may include occasional remote work, starting the day with morning meetings from home before heading to the office, or leaving earlier when needed to accommodate family commitments. This in-office expectation does not apply to contractor positions

About the role

As a Sensor Fusion Engineer on the UK Engineering team, you will play a pivotal role in developing tracking, fusion, and state estimation capabilities for unmanned autonomous systems. You will design and build single-agent and multi-target detection and tracking algorithms, as well as decentralised multi-agent, multi-target tracking algorithms for swarms of unmanned autonomous systems.



This role sits at the intersection of autonomy, robotics, perception, state estimation, and production software engineering. You will work closely with autonomy engineers, software engineers, and cross-functional teams to take algorithms from concept through to robust, deployable software for real-world autonomous systems.


We’re looking for someone who has:

 - Bachelor’s degree in computer science/related engineering field with 5+ years of experience developing tracking and fusion software for autonomous robotic systems.

 - Experience processing sensor measurements from:  Optical Sensors , RF Sensors , Radar, Lidar .

 - Experience with classical state estimation and tracking: Kalman Filters, Particle Filters, etc.

 - Experience with multi-target prediction and tracking (multi-target tracking) for autonomous robotic systems.

 - Experience with cross-platform sensor fusion.

 - Proficient in C++ and Python with strong procedural and object-oriented programming skills.



Travel Requirements:

 - General willingness to travel for company business between our offices, as well as to customer sites



Nice to have:

 - 7+ years of hands-on experience developing tracking and fusion software for autonomous robotic systems

 - Familiarity with software-in-the-loop (SIL) and hardware-in-the-loop (HIL) development and testing and Python experience

 - Experience working projects related to national security for one or more government agencies

 - Interdisciplinary background, with evidence of continual learning

 - References who will describe them as low-ego, highly motivated, thoughtfully opinionated, strong communicators and curious listeners

 - Excellent written and verbal communication skills, with the ability to explain technical concepts to cross-disciplinary teams



Security Requirements:

 - Must hold or be eligible to obtain and maintain a UK security clearance



Benefits:

 - 25 days of paid vacation per year

 - Daily meal benefits: £19 lunch budget and £19 dinner budget, plus free breakfast, snacks, and drinks in the office

 - PMI reimbursement of up to £300 per month (individual or family policy); Life insurance and critical illness cover of up to £250 per month

 - Workplace pension with 5% employer match

 - £795 annual learning & development and £475 annual fitness budget

 - Cycle to Work Scheme for tax-efficient commuter bikes and accessories

 - Generous parental leave: on top of statutory parental leave

Don’t meet every single requirement? If you’re excited about this role but your past experience doesn’t align perfectly with every qualification in the job description, we encourage you to apply anyway. You may be just the right candidate for this or other roles.

Applied Intuition is an equal opportunity employer and federal contractor or subcontractor. Consequently, the parties agree that, as applicable, they will abide by the requirements of 41 CFR 60-1.4(a), 41 CFR 60-300.5(a) and 41 CFR 60-741.5(a) and that these laws are incorporated herein by reference. These regulations prohibit discrimination against qualified individuals based on their status as protected veterans or individuals with disabilities, and prohibit discrimination against all individuals based on their race, color, religion, sex, sexual orientation, gender identity or national origin. These regulations require that covered prime contractors and subcontractors take affirmative action to employ and advance in employment individuals without regard to race, color, religion, sex, sexual orientation, gender identity, national origin, protected veteran status or disability. The parties also agree that, as applicable, they will abide by the requirements of Executive Order 13496 (29 CFR Part 471, Appendix A to Subpart A), relating to the notice of employee rights under federal labor laws.

FOR US-BASED ROLES: Applied Intuition is committed to providing an accessible and inclusive application and interview experience to applicants who are disabled veterans and other applicants with disabilities or medical conditions. Reasonable accommodations are available, requesting an accommodation will not affect your candidacy in any way, and you are not required to disclose the nature of your disability or medical condition in order to make a request.
If you require an accommodation please contact careers@applied.co. We will work with you!",US,London,https://jobs.ashbyhq.com/applied/47aa4ad5-62c0-4aba-b414-b60820029ced,"2026-06-10T11:18:38.852+00:00",FullTime,2026-08-31 20:56:55.376 +0700,10
ashby,Applied Intuition,Senior Cloud Infrastructure Engineer ,"Applied Intuition, Inc. is powering the future of physical AI. Founded in 2017 and now valued at $15 billion, the Silicon Valley company is creating the digital infrastructure needed to bring intelligence to every moving machine on the planet. Applied Intuition services the automotive, defense, trucking, construction, mining and agriculture industries in three core areas: tools and infrastructure, operating systems, and autonomy. Eighteen of the top 20 global automakers, as well as the United States military and its allies, trust the company’s solutions to deliver physical intelligence. Applied Intuition is headquartered in Sunnyvale, California, with offices in Washington, D.C.; San Diego; Ft. Walton Beach, Florida; Ann Arbor, Michigan; London; Stuttgart; Munich; Stockholm; Bangalore; Seoul; and Tokyo. Learn more at applied.co http://applied.co.

We are an in-office company, and our expectation is that full-time employees primarily work from their Applied Intuition office 5 days a week. However, we also recognize the importance of flexibility and trust our employees to manage their schedules responsibly. This may include occasional remote work, starting the day with morning meetings from home before heading to the office, or leaving earlier when needed to accommodate family commitments. This in-office expectation does not apply to contractor positions


SENIOR CLOUD INFRASTRUCTURE ENGINEER UK

Full-time /London (Engineering)



About Applied Intuition Defence

Applied Intuition UK is a software and infrastructure supplier that accelerates the deployment of next-generation autonomous capabilities to the warfighter across air, land, sea, and space. A subsidiary of Applied Intuition, we deliver dual-use solutions to national security customers that build upon several years of product development and experience from commercial autonomy programs. Based in London, our seasoned defence team hails from Palantir, Anduril, SpaceX, Google, Lockheed Martin, and the UK and US Armed Services. Learn more at appliedintuitiondefense.com http://appliedintuitiondefense.com.



About the role

As a senior cloud infrastructure engineer on the UK team, your job is to make everyone around you faster. You will be embedded with the engineers you support, not sat in a separate platform silo, and you will feel the same pain they do - which is exactly why you will be the one to fix it. Some days you will be designing UK-hosted infrastructure from a blank page, choosing the tools and the patterns and getting it right from the get-go rather than inheriting somebody else's shortcuts. Other days you will be standing up a secure environment for a customer, debugging a deployment that only misbehaves inside their network, or getting UK-approved AI models serving inside a secure programme. You will also work closely with the infrastructure teams across the rest of Applied Intuition, taking their best ideas, sending yours back, and making sure the UK team is never the one waiting. Our customers are defence primes and national security organisations, and the systems you build are the ones they actually use.



At Applied Intuition, you will:

 - Lead the design, development and architecture of the UK-hosted infrastructure used across our internal development teams

 - Build and deploy our products into cloud, on-premise and air-gapped environments using infrastructure as code, and support them through their whole operational life

 - Host UK securely approved AI models for use in secure programmes

 - Improve developer effectiveness by spotting the friction nobody else has bothered to fix and building the tooling that removes it

 - Take ownership of our CI/CD systems and deployment strategies, and help wire up Hardware in the Loop (HiL) integration

 - Debug and profile the awkward edge cases in distributed systems, and lead the response when something breaks

 - Work closely with product managers and customers to understand requirements and translate them into technical solutions

 - Contribute your solutions back to the wider organisation and make their products better in the process



We’re looking for someone who has:

 - Bachelor's degree in computer science/related engineering field

 - 5+ years of hands-on experience building and deploying infrastructure for a production software product

 - Deep experience with at least one major cloud provider (AWS, Azure or GCP), and the judgement to know when a managed service is the right answer and when it isn't

 - Strong experience designing and building infrastructure with IaC tools such as Terraform, and a preference for describing systems in code over clicking through consoles

 - Expertise with Kubernetes, Docker and containerised systems, and experience deploying microservice-based applications on them

 - Confidence in one or more scripting languages (Python, Bash, etc.) and with Linux-based operating systems (Ubuntu, RHEL, etc.)

 - Proven ability to take initiative in a fast-paced environment, and to leave systems better documented than you found them



Travel Requirements:

 - General willingness to travel for company business between our offices, as well as to customer sites



Security Requirements:

 - Must have ability to hold UK Security Clearance (current or previous preferred)



Nice to have:

 - 7+ years of experience across infrastructure, platform or DevOps roles

 - Experience deploying Kubernetes on bare metal or into air-gapped and classified networks

 - Familiarity with applying security and regulatory controls, and with vulnerability patching across base OS images, networking and IAM

 - Experience with Bazel, Nix and other similar technologies

 - Experience serving ML models in production, or building data and real-time analysis pipelines

 - Experience working on projects related to national security for one or more government agencies

 - Prior work in autonomy, robotics or simulation products

 - References who will describe them as low-ego, highly motivated, thoughtfully opinionated, strong communicators and curious listeners



Don’t meet every single requirement? If you’re excited about this role but your past experience doesn’t align perfectly with every qualification in the job description, we encourage you to apply anyway. You may be just the right candidate for this or other roles.

Applied Intuition is an equal opportunity employer and federal contractor or subcontractor. Consequently, the parties agree that, as applicable, they will abide by the requirements of 41 CFR 60-1.4(a), 41 CFR 60-300.5(a) and 41 CFR 60-741.5(a) and that these laws are incorporated herein by reference. These regulations prohibit discrimination against qualified individuals based on their status as protected veterans or individuals with disabilities, and prohibit discrimination against all individuals based on their race, color, religion, sex, sexual orientation, gender identity or national origin. These regulations require that covered prime contractors and subcontractors take affirmative action to employ and advance in employment individuals without regard to race, color, religion, sex, sexual orientation, gender identity, national origin, protected veteran status or disability. The parties also agree that, as applicable, they will abide by the requirements of Executive Order 13496 (29 CFR Part 471, Appendix A to Subpart A), relating to the notice of employee rights under federal labor laws.

FOR US-BASED ROLES: Applied Intuition is committed to providing an accessible and inclusive application and interview experience to applicants who are disabled veterans and other applicants with disabilities or medical conditions. Reasonable accommodations are available, requesting an accommodation will not affect your candidacy in any way, and you are not required to disclose the nature of your disability or medical condition in order to make a request.
If you require an accommodation please contact careers@applied.co. We will work with you!",US,London,https://jobs.ashbyhq.com/applied/51eb9df7-5874-4555-9de2-21136df95840,"2026-08-18T10:44:56.155+00:00",FullTime,2026-08-31 20:56:55.376 +0700,11
ashby,Applied Intuition,"Technical Lead, Mining Autonomy Platform ","Applied Intuition, Inc. is powering the future of physical AI. Founded in 2017 and now valued at $15 billion, the Silicon Valley company is creating the digital infrastructure needed to bring intelligence to every moving machine on the planet. Applied Intuition services the automotive, defense, trucking, construction, mining and agriculture industries in three core areas: tools and infrastructure, operating systems, and autonomy. Eighteen of the top 20 global automakers, as well as the United States military and its allies, trust the company’s solutions to deliver physical intelligence. Applied Intuition is headquartered in Sunnyvale, California, with offices in Washington, D.C.; San Diego; Ft. Walton Beach, Florida; Ann Arbor, Michigan; London; Stuttgart; Munich; Stockholm; Bangalore; Seoul; and Tokyo. Learn more at applied.co http://applied.co.

We are an in-office company, and our expectation is that full-time employees primarily work from their Applied Intuition office 5 days a week. However, we also recognize the importance of flexibility and trust our employees to manage their schedules responsibly. This may include occasional remote work, starting the day with morning meetings from home before heading to the office, or leaving earlier when needed to accommodate family commitments. This in-office expectation does not apply to contractor positions




ABOUT THE ROLE

The Mining Products team at Applied Intuition is building the autonomy stack that powers large-scale autonomous mining operations. As Tech Lead for the Autonomy Platform, you will sit at the intersection of hardware, embedded systems, and software — owning the foundational platform that makes autonomous mining vehicles work reliably in the field. Your scope spans two critical areas: the autonomy interface (low-level vehicle controls, control interface design, and system identification) and the software platform (health monitoring, diagnostics, telemetry, networking, and deployment). You'll work closely with partner teams building middleware, sensor drivers, and deployment frameworks, and enable those capabilities for the mining application specifically. The work is a blend of 0→1 bring-up on new vehicle platforms and building long-term systems for production scale.


AT APPLIED INTUITION, YOU WILL:

 - Lead technical direction and mentor engineers for the Autonomy Platform team, setting architecture and execution priorities

 - Work with autonomy product team to define roadmap across internal product milestones and customer requirements

 - Own the low-level vehicle controls interface — designing and implementing the autonomy-to-vehicle control layer, including drive-by-wire integration and system identification for new mining platforms

 - Build and maintain the software platform that keeps autonomous vehicles healthy in production: health monitoring, diagnostics, telemetry pipelines, networking, and OTA deployment

 - Drive 0→1 bringup of new mining vehicle platforms, from initial hardware bring-up through software integration and field validation

 - Partner with internal teams to integrate shared capabilities and adapt them for the specific requirements of mining environments

 - Define and uphold engineering standards for reliability, safety, and scalability as the fleet grows toward full production deployment


WE'RE LOOKING FOR SOMEONE WHO HAS:

 - 7+ years of experience in embedded systems, robotics, or autonomous vehicle software development

 - Proven experience leading a technical team or functioning as a tech lead on a complex systems project

 - Hands-on background in robotics actuation — CAN, drive-by-wire, or similar control interfaces

 - Experience building or owning software platform components: health monitoring, telemetry, diagnostics, or deployment systems for production embedded platforms

 - Proficiency in C/C++ for embedded and real-time systems development

 - Bachelor's or Master's degree in Computer Science, Computer Engineering, Electrical Engineering, or a related field


NICE TO HAVE:

 - Experience in mining, construction, or agriculture autonomy — familiarity with the operating environment and vehicle types (haul trucks, dozers, drills, etc.)

 - Background in controls, system identification (sysid), or vehicle dynamics modeling

 - Familiarity with OTA deployment and fleet management systems for embedded platforms

 - Prior work in a 0→1 environment — taking a new vehicle platform from initial bring-up to production readiness

 - Experience working with partner or external teams to integrate shared platform components into a product-specific application

Compensation at Applied Intuition for eligible roles includes base salary, equity, and benefits. Base salary is a single component of the total compensation package, which may also include equity in the form of options and/or restricted stock units, comprehensive health, dental, vision, life and disability insurance coverage, 401k retirement benefits with employer match, learning and wellness stipends, and paid time off. Note that benefits are subject to change and may vary based on jurisdiction of employment.

Applied Intuition pay ranges reflect the minimum and maximum intended target base salary for new hire salaries for the position. The actual base salary offered to a successful candidate will additionally be influenced by a variety of factors including experience, credentials & certifications, educational attainment, skill level requirements, interview performance, and the level and scope of the position.

Don’t meet every single requirement? If you’re excited about this role but your past experience doesn’t align perfectly with every qualification in the job description, we encourage you to apply anyway. You may be just the right candidate for this or other roles.

Applied Intuition is an equal opportunity employer and federal contractor or subcontractor. Consequently, the parties agree that, as applicable, they will abide by the requirements of 41 CFR 60-1.4(a), 41 CFR 60-300.5(a) and 41 CFR 60-741.5(a) and that these laws are incorporated herein by reference. These regulations prohibit discrimination against qualified individuals based on their status as protected veterans or individuals with disabilities, and prohibit discrimination against all individuals based on their race, color, religion, sex, sexual orientation, gender identity or national origin. These regulations require that covered prime contractors and subcontractors take affirmative action to employ and advance in employment individuals without regard to race, color, religion, sex, sexual orientation, gender identity, national origin, protected veteran status or disability. The parties also agree that, as applicable, they will abide by the requirements of Executive Order 13496 (29 CFR Part 471, Appendix A to Subpart A), relating to the notice of employee rights under federal labor laws.

FOR US-BASED ROLES: Applied Intuition is committed to providing an accessible and inclusive application and interview experience to applicants who are disabled veterans and other applicants with disabilities or medical conditions. Reasonable accommodations are available, requesting an accommodation will not affect your candidacy in any way, and you are not required to disclose the nature of your disability or medical condition in order to make a request.
If you require an accommodation please contact careers@applied.co. We will work with you!",US,Sunnyvale,https://jobs.ashbyhq.com/applied/73163939-127b-4fb4-8b2b-0cc5138bc1cd,"2026-04-04T03:24:39.305+00:00",FullTime,2026-08-31 20:56:55.376 +0700,12
ashby,Applied Intuition,Build & Release Engineer - New Grad (December 2026),"Applied Intuition, Inc. is powering the future of physical AI. Founded in 2017 and now valued at $15 billion, the Silicon Valley company is creating the digital infrastructure needed to bring intelligence to every moving machine on the planet. Applied Intuition services the automotive, defense, trucking, construction, mining and agriculture industries in three core areas: tools and infrastructure, operating systems, and autonomy. Eighteen of the top 20 global automakers, as well as the United States military and its allies, trust the company’s solutions to deliver physical intelligence. Applied Intuition is headquartered in Sunnyvale, California, with offices in Washington, D.C.; San Diego; Ft. Walton Beach, Florida; Ann Arbor, Michigan; London; Stuttgart; Munich; Stockholm; Bangalore; Seoul; and Tokyo. Learn more at applied.co http://applied.co.

We are an in-office company, and our expectation is that full-time employees primarily work from their Applied Intuition office 5 days a week. However, we also recognize the importance of flexibility and trust our employees to manage their schedules responsibly. This may include occasional remote work, starting the day with morning meetings from home before heading to the office, or leaving earlier when needed to accommodate family commitments. This in-office expectation does not apply to contractor positions


ABOUT THE TEAM

The Release Management team owns the infrastructure and process that gets validated software out the door — release cuts, version uprevs, build pipelines, and artifact management — across our automotive platform. We collaborate with Program Validation for release gate sign-off and work alongside the Embedded, UX/HMI, and OTA domain teams to maintain release momentum and prevent last-minute emergencies.



About the Role

We are looking for a Build & Release Engineer to own release cuts from our Git repositories, manage uprevs (dependency/firmware version updates), build and maintain our CI/CD pipelines, and administer build artifact management. You will also own our internal Release Management portal — the system where all build artifacts and binaries are tracked, managed, and released — as its primary engineer. This hands-on software engineering position demands robust coding proficiency alongside deep CI/CD expertise, as you will actively build and maintain a live application rather than just configuring pipelines.

At Applied Intuition, you will: 

Release Engineering & Orchestration

 - Execute release cuts from Git repositories across multiple product lines and branches.

 - Manage version uprevs end to end, coordinating dependency and firmware bumps with upstream teams.

 - Define and own release branching, tagging, and versioning strategies.

 - Investigate and resolve complex build failures, coordinating fixes across development teams.

CI/CD Infrastructure

 - Design, build, and maintain scalable software release CI/CD pipelines for build, test orchestration, and deployment.

 - Automate build infrastructure to reduce manual effort and enforce pipeline quality gates.

 - Troubleshoot pipeline failures to ensure high availability and reliability for development teams.

Artifact Lifecycle Management

 - Own the artifact lifecycle, including versioning, signing, storage, and cross-environment promotion.

 - Maintain strict artifact provenance and traceability from commit to release.

 - Administer and optimize artifact repositories (e.g., Artifactory).

Internal Tooling & Portals

 - Develop and maintain the internal Release Management portal — the system of record for build artifacts, binaries, and release status.

 - Ship new features for the portal as its primary engineer, including UI, backend services, and external integrations.

 - Integrate the portal with CI/CD systems, artifact repositories, and downstream release workflows.

Cross-Functional Alignment

 - Partner with the Program Validation team and TPMs on release gate criteria and final sign-off.

 - Coordinate with domain teams (Embedded, UX/HMI, OTA etc) on release timing, risks, and blockers.

 - Communicate release status and critical path risks to stakeholders.

We're looking for someone who has:

 - Bachelor's degree or equivalent experience in Computer Science, Software Engineering, or a related field and graduating by December 2026. 

 - 3+ years of professional software development experience, with strong coding ability in at least one modern language (e.g., Python, Go, Java, or JavaScript/TypeScript)

 - Experience building and maintaining CI/CD pipelines (e.g., Jenkins, GitHub Actions, GitLab CI, Buildkite)

 - Strong Git experience, including branching, tagging, and release workflows

 - Experience with artifact management systems (e.g., JFrog Artifactory, Nexus, or equivalent)

 - Experience designing, building, or maintaining internal tools or portals

 - Strong troubleshooting skills across build, dependency, and release issues

Nice to Have: 

 - Front-end development experience (e.g., React, TypeScript) for extending internal tooling UIs

 - Experience with containerization (Docker, Kubernetes)

 - Experience with cloud platforms (AWS, Azure, or GCP)

 - Experience with embedded/automotive release processes (multi-ECU uprevs, ASPICE-aligned release workflows)

 - Experience with monitoring/observability tools (Grafana, Kibana, Splunk)

 - Experience with Jira, Polarion, or similar issue tracking tools

Don’t meet every single requirement? If you’re excited about this role but your past experience doesn’t align perfectly with every qualification in the job description, we encourage you to apply anyway. You may be just the right candidate for this or other roles.

Applied Intuition is an equal opportunity employer and federal contractor or subcontractor. Consequently, the parties agree that, as applicable, they will abide by the requirements of 41 CFR 60-1.4(a), 41 CFR 60-300.5(a) and 41 CFR 60-741.5(a) and that these laws are incorporated herein by reference. These regulations prohibit discrimination against qualified individuals based on their status as protected veterans or individuals with disabilities, and prohibit discrimination against all individuals based on their race, color, religion, sex, sexual orientation, gender identity or national origin. These regulations require that covered prime contractors and subcontractors take affirmative action to employ and advance in employment individuals without regard to race, color, religion, sex, sexual orientation, gender identity, national origin, protected veteran status or disability. The parties also agree that, as applicable, they will abide by the requirements of Executive Order 13496 (29 CFR Part 471, Appendix A to Subpart A), relating to the notice of employee rights under federal labor laws.

FOR US-BASED ROLES: Applied Intuition is committed to providing an accessible and inclusive application and interview experience to applicants who are disabled veterans and other applicants with disabilities or medical conditions. Reasonable accommodations are available, requesting an accommodation will not affect your candidacy in any way, and you are not required to disclose the nature of your disability or medical condition in order to make a request.
If you require an accommodation please contact careers@applied.co. We will work with you!",US,Sunnyvale,https://jobs.ashbyhq.com/applied/9534b49a-9feb-4063-ac33-a9c4d94a1352,"2026-08-25T01:13:37.261+00:00",FullTime,2026-08-31 20:56:55.376 +0700,13
ashby,Applied Intuition,Technical Program Manager - Defense ,"Applied Intuition, Inc. is powering the future of physical AI. Founded in 2017 and now valued at $15 billion, the Silicon Valley company is creating the digital infrastructure needed to bring intelligence to every moving machine on the planet. Applied Intuition services the automotive, defense, trucking, construction, mining and agriculture industries in three core areas: tools and infrastructure, operating systems, and autonomy. Eighteen of the top 20 global automakers, as well as the United States military and its allies, trust the company’s solutions to deliver physical intelligence. Applied Intuition is headquartered in Sunnyvale, California, with offices in Washington, D.C.; San Diego; Ft. Walton Beach, Florida; Ann Arbor, Michigan; London; Stuttgart; Munich; Stockholm; Bangalore; Seoul; and Tokyo. Learn more at applied.co http://applied.co.

We are an in-office company, and our expectation is that full-time employees primarily work from their Applied Intuition office 5 days a week. However, we also recognize the importance of flexibility and trust our employees to manage their schedules responsibly. This may include occasional remote work, starting the day with morning meetings from home before heading to the office, or leaving earlier when needed to accommodate family commitments. This in-office expectation does not apply to contractor positions


ABOUT THE ROLE

We are looking for a Technical Program Manager in the D.C. area (we offer relocation) to help architect, manage complex projects, identify gaps, and implement best practices for customers. This position will involve intense collaboration with subject matter experts within Applied Intuition and the the defense customer on a technical level in order to implement solutions for customer pain points. 


AT APPLIED INTUITION, YOU WILL:

 - Execute projects as the single point of contact, track progress, and ensure successful completion of all the milestones, metrics, and final deliverables

 - Continuously engage customers to understand further pain points and areas for more project engagements

 - Provide regular touch points with Applied Intuition's internal teams to update on customer use cases and workflows that our current software solutions do not yet provide a solution for

 - Evaluate project timings with customers and adjust resource needs for customer pursuits based on their requirements and feedback discussion

 - Lead pursuits from customer RFQ release and create a detailed technical proposal by engaging all of the subject matter experts within Applied Intuition


WE'RE LOOKING FOR SOMEONE WHO HAS:

 - US citizenship, able to obtain a security clearance

 - 3+ years of industry experience leveraging data and technical knowledge to support software programs

 - A Bachelor’s degree in Mechanical, Electronics, Data engineering, Computer Science or related fields

 - Familiarity with the DOD autonomy ecosystem

 - Hands-on experience managing complex projects

 - Ability to travel to customer site (25%)


NICE TO HAVE:

 - Active secret or top secret clearance 

 - Experience working directly with DOD clients supporting DOD software use cases 

 - Familiarity with the various data management and simulation providers available in the market and understands their advantages and disadvantages

 - Hands-on experience with data or simulation software used for autonomy

 - Knowledge in both software and hardware aspects of software development and testing such as high-performance computing and realtime test systems

Compensation at Applied Intuition for eligible roles includes base salary, equity, and benefits. Base salary is a single component of the total compensation package, which may also include equity in the form of options and/or restricted stock units, comprehensive health, dental, vision, life and disability insurance coverage, 401k retirement benefits with employer match, learning and wellness stipends, and paid time off. Note that benefits are subject to change and may vary based on jurisdiction of employment.

Applied Intuition pay ranges reflect the minimum and maximum intended target base salary for new hire salaries for the position. The actual base salary offered to a successful candidate will additionally be influenced by a variety of factors including experience, credentials & certifications, educational attainment, skill level requirements, interview performance, and the level and scope of the position.

 

Don’t meet every single requirement? If you’re excited about this role but your past experience doesn’t align perfectly with every qualification in the job description, we encourage you to apply anyway. You may be just the right candidate for this or other roles.

Applied Intuition is an equal opportunity employer and federal contractor or subcontractor. Consequently, the parties agree that, as applicable, they will abide by the requirements of 41 CFR 60-1.4(a), 41 CFR 60-300.5(a) and 41 CFR 60-741.5(a) and that these laws are incorporated herein by reference. These regulations prohibit discrimination against qualified individuals based on their status as protected veterans or individuals with disabilities, and prohibit discrimination against all individuals based on their race, color, religion, sex, sexual orientation, gender identity or national origin. These regulations require that covered prime contractors and subcontractors take affirmative action to employ and advance in employment individuals without regard to race, color, religion, sex, sexual orientation, gender identity, national origin, protected veteran status or disability. The parties also agree that, as applicable, they will abide by the requirements of Executive Order 13496 (29 CFR Part 471, Appendix A to Subpart A), relating to the notice of employee rights under federal labor laws.

FOR US-BASED ROLES: Applied Intuition is committed to providing an accessible and inclusive application and interview experience to applicants who are disabled veterans and other applicants with disabilities or medical conditions. Reasonable accommodations are available, requesting an accommodation will not affect your candidacy in any way, and you are not required to disclose the nature of your disability or medical condition in order to make a request.
If you require an accommodation please contact careers@applied.co. We will work with you!",US,"Washington, D.C.",https://jobs.ashbyhq.com/applied/e1113490-4217-41c5-b223-4afb78673c54,"2026-07-20T12:38:55.306+00:00",FullTime,2026-08-31 20:56:55.376 +0700,14
ashby,Aurora,Truck Operations Specialist,"Who we are

Aurora’s mission is to deliver the benefits of self-driving technology safely, quickly, and broadly.

The Aurora Driver https://aurora.tech will create a new era in mobility and logistics, one that will bring a safer, more efficient, and more accessible future to everyone.

At Aurora, you will tackle massively complex problems alongside other passionate, intelligent individuals, growing as an expert while expanding your knowledge. For the latest news from Aurora, visit aurora.tech http://aurora.tech or follow us on LinkedIn https://www.linkedin.com/company/auroradriver.

 

We’re searching for a Class A Driver based in Palmer, TX.  You will help change the commercial trucking industry and play a key role in delivering data to engineers in an effort to continually improve our product. 

 - Employment Type: This is a 6-month assignment with the potential to extend.

 - Schedule: We are currently hiring for multiple shifts: Day and Night shifts including weekends.

In this role, you will

 - Safely pilot autonomous semi trucks for on road and closed course testing in service of our development and commercial pilot operations

 - Remain alert and attentive while monitoring the Aurora Driver during extended stretches of autonomy 

 - Log real time feedback regarding autonomy and platform performance during testing, to be delivered to engineers

 - Escalate operational blockers with suggested solutions

 - Collaborate cross-functionally with teams throughout Aurora to help drive progress on Aurora’s mission

 - Demonstrate positive impact at Aurora by working on cross-functional projects as time permits

 - Maintain up to date knowledge of how our self-driving technology works. Understand daily software and operational changes.

 - Maintain active and current status within required partner applications. This includes ensuring up to date user accounts, profile information, and necessary access permissions are configured and regularly verified across all critical third-party vendor platforms.

 - Achieve and sustain all mandatory certifications and accreditations as designated by management, compliance bodies, or critical partner agreements.

 - Work toward quantitative and qualitative goals that impact all of Vehicle Operations and Aurora 

 - Interact with the public as an ambassador for Aurora

Required Qualifications 

 - Minimum 3 years of experience driving trucks commercially 

 - Valid U.S. Driver’s License

 - Interstate Class-A Commercial Driver's License 

 - Driving record must pass Motor Vehicle Report (MVR) guidelines

 - Excellent communication skills, both written and verbal

 - Ability to prioritize and make strategic decisions proactively 

 - Ability to travel as needed: (up to 50%)

 - Available to work night shifts (second and/or third shift)

 - Ability to work rotating shifts as needed

 - Ability to work regular overtime and some weekends

 - 80% of shift time spent in vehicle (vehicle as office) 

 - Must pass pre-employment, post-incident, and randomized drug testing in accordance with FMCSA requirements. 

 - Is at least 21 years of age

 - Must pass DOT physical

 - Meet all DOT qualifications

Desired Qualifications

 - Truck driver trainer/instructor experience

 - Truck technician experience

 - Inquisitive attitude, interested in problem solving and solving puzzles 

 - Experience in operations, technology, customer service, or automotive field.

 - Experience working in a collaborative environment - team player

 - Proficient in G-Suite

 - Command line interface experience 

 - Interest and aptitude for technology tools - apps, gaming, adobe creative suite, etc.

 

The base hourly wage range for this position is $31.00 - $38.50 per hour. Aurora’s pay ranges are determined by role, level, and location. Within the range, the successful candidate’s starting base pay will be determined based on factors including job-related skills, experience, qualifications, relevant education or training, and market conditions. These ranges may be modified in the future. The successful candidate will also be eligible for benefits.



Working at Aurora

At Aurora, we bring together extraordinarily talented and experienced people united by the strength of our values. We operate with integrity, set outrageous goals, and build a culture where we win together — all without any jerks.

We believe in-person work increases collaboration, empathy and our ability to lead effectively. As a result, we operate in a hybrid work environment where Aurorans are in office at least 3 days per week.

Our Careers page https://aurora.tech/careers provides insight into what it is like to work at Aurora, and you can find all the latest updates in our Newsroom https://aurora.tech/newsroom.



Our commitment to safety

At the core of everything we do is our commitment to safety. Building best-in-class self-driving technology will take time, and we believe that each employee at Aurora has a role in contributing to safety, every step of the way. Aurora expects commitment to our safety policies from every employee, and seeks candidates who take an active responsibility, can contribute to building an atmosphere of trust, and invest in the organization’s long-term success by prioritizing working safely, no matter what.



Our commitment to inclusion

Aurora considers candidates without regard to their race, color, religion, national origin, age, sex, gender, gender identity, gender expression, sexual orientation, marital status, pregnancy status, parent or caregiver status, ancestry, political affiliation, veteran and/or military status, physical or mental disability, or any other status protected by federal or state law. Aurora considers qualified applicants with criminal histories, consistent with applicable federal, state, and local law. We are also committed to providing reasonable accommodations for qualified individuals with disabilities and disabled veterans in our job application procedures. If you need assistance or an accommodation due to a disability, you may contact us at careersiteaccommodations@aurora.tech.





For California applicants, information collected and processed as part of your application and any job applications you choose to submit is subject to Aurora’s California Employment Privacy Policy.",US,"Dallas, TX",https://jobs.ashbyhq.com/aurora-operations-inc/d43037e8-5f28-44e0-9718-78b26bec436c,"2026-08-25T17:36:05.059+00:00",FullTime,2026-08-31 20:56:55.376 +0700,15
ashby,Aurora,Staff Technical Program Manager - EDS,"Who we are

Aurora’s mission is to deliver the benefits of self-driving technology safely, quickly, and broadly.

The Aurora Driver https://aurora.tech will create a new era in mobility and logistics, one that will bring a safer, more efficient, and more accessible future to everyone.

At Aurora, you will tackle massively complex problems alongside other passionate, intelligent individuals, growing as an expert while expanding your knowledge. For the latest news from Aurora, visit aurora.tech http://aurora.tech or follow us on LinkedIn https://www.linkedin.com/company/auroradriver.

 

What we are looking for

Aurora hires talented people with diverse backgrounds who are ready to help build a transportation ecosystem that will make our roads safer, get crucial goods where they need to go, and make mobility more efficient and accessible for all.

We're searching for a Staff Technical Program Manager to support our Electrical Distribution Systems (EDS) and Vehicle Integration Teams (VIT). As our hardware roadmap has grown in scale and complexity, we need a TPM to serve as the ""connective tissue"" between electrical design and physical implementation — spanning the full product lifecycle and engaging across engineering, supply chain, manufacturing and operations. This is a high-impact role where you'll drive cross-functional execution on some of Aurora's most critical programs. The role sits within the Hardware Product Engineering (HPE) organization and reports through VIT TPM leadership.

In this role you will

 - EDS Leadership: Engage with HPE and cross-functional development teams to ensure EDS work is reflected in program schedules and that all prerequisite materials are delivered on time.

 - Cross-Functional Integration: Engage with HPE and cross-functional development teams to ensure EDS is represented, accounted for in program planning, and that all prerequisite materials are delivered on time. 

 - First Article Development: Act as the primary liaison for internal “first article” harness builds and help advise on build priorities across the portfolio. Solicit redline feedback and ensure it’s incorporated into designs.

 - External Fabrication Support: Partner with supply chain, quality, and our external suppliers to align on design releases, build plans, identify material bottlenecks, and establish implementation schedules.

 - Risk Management: Guide the engineering team through planning and execution of EDS risk assessments to proactively identify and mitigate program risks.

 - Design Control: Lead EDS focused engineering change control board (CCB) submissions from initiation through incorporation and support the documentation/activities associated with final safety case closure.

 - Operational Excellence: Look for opportunities to standardize and streamline team processes and ways of working. For example, standardizing how the team tracks work through the development lifecycle.

Required qualifications

 - 5 Years + experience managing complex hardware development programs leveraging cross-functional resources in electrical engineering, mechanical engineering, supply chain, manufacturing, and quality

 - Proven ability to build and maintain program control documentation including integrated master schedules, risk registers, resource plans, and budgets

 - Experience executing engineering change management processes

 - Proficiency with program and task management tools such as Smartsheet, MS Project, Jira, and Confluence.

 - Ability to be located in Pittsburgh, PA.

 - Ability to travel, up to 20%

Desirable qualifications

 - Deep familiarity with electrical distribution systems, harness architecture, and the associated design and release process.

 - Experience leading programs and system development within the automotive or similar safety critical industries

 - Experience with electrical verification and reliability testing

 - Experience leading organizational change and/or implementing process improvement initiatives

 - Certified in project or program management (PMP, PgMP) or equivalent



The base salary range for this position is  $163,000 - $236,000 per year. Aurora’s pay ranges are determined by role, level, and location. Within the range, the successful candidate’s starting base pay will be determined based on factors including job-related skills, experience, qualifications, relevant education or training, and market conditions. These ranges may be modified in the future. The successful candidate will also be eligible for an annual bonus, equity compensation, and benefits.



Working at Aurora

At Aurora, we bring together extraordinarily talented and experienced people united by the strength of our values. We operate with integrity, set outrageous goals, and build a culture where we win together — all without any jerks.

We believe in-person work increases collaboration, empathy and our ability to lead effectively. As a result, we operate in a hybrid work environment where Aurorans are in office at least 3 days per week.

Our Careers page https://aurora.tech/careers provides insight into what it is like to work at Aurora, and you can find all the latest updates in our Newsroom https://aurora.tech/newsroom.



Our commitment to safety

At the core of everything we do is our commitment to safety. Building best-in-class self-driving technology will take time, and we believe that each employee at Aurora has a role in contributing to safety, every step of the way. Aurora expects commitment to our safety policies from every employee, and seeks candidates who take an active responsibility, can contribute to building an atmosphere of trust, and invest in the organization’s long-term success by prioritizing working safely, no matter what.



Our commitment to inclusion

Aurora considers candidates without regard to their race, color, religion, national origin, age, sex, gender, gender identity, gender expression, sexual orientation, marital status, pregnancy status, parent or caregiver status, ancestry, political affiliation, veteran and/or military status, physical or mental disability, or any other status protected by federal or state law. Aurora considers qualified applicants with criminal histories, consistent with applicable federal, state, and local law. We are also committed to providing reasonable accommodations for qualified individuals with disabilities and disabled veterans in our job application procedures. If you need assistance or an accommodation due to a disability, you may contact us at careersiteaccommodations@aurora.tech.





For California applicants, information collected and processed as part of your application and any job applications you choose to submit is subject to Aurora’s California Employment Privacy Policy.",US,"Pittsburgh, PA",https://jobs.ashbyhq.com/aurora-operations-inc/1bf614d6-016b-4e34-ad44-a79c76b6136d,"2026-08-04T03:31:11.658+00:00",FullTime,2026-08-31 20:56:55.376 +0700,16
ashby,Applied Intuition,"Product Designer, Defense","Applied Intuition, Inc. is powering the future of physical AI. Founded in 2017 and now valued at $15 billion, the Silicon Valley company is creating the digital infrastructure needed to bring intelligence to every moving machine on the planet. Applied Intuition services the automotive, defense, trucking, construction, mining and agriculture industries in three core areas: tools and infrastructure, operating systems, and autonomy. Eighteen of the top 20 global automakers, as well as the United States military and its allies, trust the company’s solutions to deliver physical intelligence. Applied Intuition is headquartered in Sunnyvale, California, with offices in Washington, D.C.; San Diego; Ft. Walton Beach, Florida; Ann Arbor, Michigan; London; Stuttgart; Munich; Stockholm; Bangalore; Seoul; and Tokyo. Learn more at applied.co http://applied.co.

We are an in-office company, and our expectation is that full-time employees primarily work from their Applied Intuition office 5 days a week. However, we also recognize the importance of flexibility and trust our employees to manage their schedules responsibly. This may include occasional remote work, starting the day with morning meetings from home before heading to the office, or leaving earlier when needed to accommodate family commitments. This in-office expectation does not apply to contractor positions

As a Product Designer specializing in developer tools, you will be instrumental in shaping the user experience of sophisticated software platforms critical to autonomy as well as national security. You will work on products that enable the development, testing, and deployment of advanced autonomous systems and command and control applications for both commercial and defense customers. This role will be at the critical intersection of autonomy, hardware, and software. It requires a unique blend of design expertise, an understanding of complex operational environments, and the ability to translate intricate technical requirements into intuitive and highly effective user interfaces. You will collaborate closely with enables engineers, product managers, and defense experts to deliver groundbreaking solutions that directly impact mission success. Part of this role will be advocating for testing and research methodologies to prove the products meet user needs.


AT APPLIED INTUITION, YOU WILL:

 - Lead the end-to-end design process from concept to launch, including user research, wireframing, prototyping, user testing, and visual design

 - Translate complex operational requirements and technical constraints into elegant, user-centric design solutions

 - Develop high-fidelity mockups and interactive prototypes that effectively communicate design ideas and gather feedback

 - Conduct user research with both commercial and defense personnel to deeply understand their workflows, pain points, and operational needs in mission-critical environments

 - Work iteratively with cross-functional teams, including product management, engineering, and defense subject matter experts, to refine designs

 - Contribute to and maintain a consistent design system that ensures usability and scalability across multiple products

 - Advocate for the user throughout the product development lifecycle, ensuring that products are intuitive, efficient, and reliable under demanding conditions


WE'RE LOOKING FOR SOMEONE WHO HAS:

 - 4+ years of professional experience as a Product Designer, UX Designer, or similar role focused on complex software applications

 - Experience working on automotive products,  video game UX or similar interactive, real-time simulation interfaces, demonstrating an ability to design engaging and highly responsive user experiences with complex input schemes and visual feedback

 - A strong portfolio showcasing a solid understanding of user-centered design principles, interaction design, and visual design in a range of form factors, including desktop and mobile

 - Proficiency with design and prototyping tools (e.g., Figma)

 - Excellent communication, presentation, and interpersonal skills, with the ability to articulate design decisions to diverse audiences

 - Demonstrated ability to thrive in a fast-paced, collaborative, and technically demanding environment

 - Experience establishing, running and collating user research


SECURITY REQUIREMENTS:

 - Must be a U.S. Citizen

 - Must hold or be eligible to obtain and maintain a U.S. security clearance

For more information about U.S. security clearances: click here https://www.state.gov/securityclearances.


NICE TO HAVE:

 - Experience with 3D visualization, geospatial data, or real-time data display.

 - Knowledge of military operations, doctrines, or specific defense technologies.

 - Active U.S. Government security clearance.

Compensation at Applied Intuition for eligible roles includes base salary, equity, and benefits. Base salary is a single component of the total compensation package, which may also include equity in the form of options and/or restricted stock units, comprehensive health, dental, vision, life and disability insurance coverage, 401k retirement benefits with employer match, learning and wellness stipends, and paid time off. Note that benefits are subject to change and may vary based on jurisdiction of employment.

Applied Intuition pay ranges reflect the minimum and maximum intended target base salary for new hire salaries for the position. The actual base salary offered to a successful candidate will additionally be influenced by a variety of factors including experience, credentials & certifications, educational attainment, skill level requirements, interview performance, and the level and scope of the position.

Don’t meet every single requirement? If you’re excited about this role but your past experience doesn’t align perfectly with every qualification in the job description, we encourage you to apply anyway. You may be just the right candidate for this or other roles.

Applied Intuition is an equal opportunity employer and federal contractor or subcontractor. Consequently, the parties agree that, as applicable, they will abide by the requirements of 41 CFR 60-1.4(a), 41 CFR 60-300.5(a) and 41 CFR 60-741.5(a) and that these laws are incorporated herein by reference. These regulations prohibit discrimination against qualified individuals based on their status as protected veterans or individuals with disabilities, and prohibit discrimination against all individuals based on their race, color, religion, sex, sexual orientation, gender identity or national origin. These regulations require that covered prime contractors and subcontractors take affirmative action to employ and advance in employment individuals without regard to race, color, religion, sex, sexual orientation, gender identity, national origin, protected veteran status or disability. The parties also agree that, as applicable, they will abide by the requirements of Executive Order 13496 (29 CFR Part 471, Appendix A to Subpart A), relating to the notice of employee rights under federal labor laws.

FOR US-BASED ROLES: Applied Intuition is committed to providing an accessible and inclusive application and interview experience to applicants who are disabled veterans and other applicants with disabilities or medical conditions. Reasonable accommodations are available, requesting an accommodation will not affect your candidacy in any way, and you are not required to disclose the nature of your disability or medical condition in order to make a request.
If you require an accommodation please contact careers@applied.co. We will work with you!",US,Sunnyvale,https://jobs.ashbyhq.com/applied/3036d5f2-5723-4ffb-8599-269435b35200,"2026-08-22T00:47:30.444+00:00",FullTime,2026-08-31 20:56:55.376 +0700,17
ashby,"42dot",Quality Assurance Engineer (편의 기능),"ABOUT THE TEAM & MISSION

 

Quality Assurance Engineer (편의 기능)는 SDV 아키텍처 전환 환경에서 차량 바디/편의 소프트웨어의 통합 기능·성능 검증을 수행하며, 제어기 간 연동을 포함한 시스템 완성도를 확보합니다. 도어, HVAC, 시트 등 주요 편의 장치와 제어 소프트웨어 간 상호작용을 통합 관점에서 검증하고, 시나리오 기반 테스트 설계 및 자동화 체계를 구축하여 검증 효율성과 정확성을 향상시킵니다. 또한 Linux/RTOS 기반 환경과 차량 네트워크를 이해하고, 로그 데이터 분석 및 CI/CD 기반 검증 프로세스를 통해 양산 전·후 품질 지표를 관리하며 지속적인 품질 개선과 내재화를 리딩합니다.

 


RESPONSIBILITIES

 - 검증 계획 수립
   
   - SDV 통합 소프트웨어 QA 엔지니어는 새로운 설계(zonal architecture 등)와 동작 방식에 기반한 통합 소프트웨어 검증 계획을 수립합니다.

 - 검증 설계
   
   - 테스트 케이스 설계와 테스트 환경/조건을 설계하고, 단일 소프트웨어가 아닌 통합 검증 관점에서 검증 수행을 준비합니다.

 - 검증 수행
   
   - 주요 마일스톤(릴리스나 게이트 등)의 품질 목표 달성을 위한 검증을 실행합니다. 
   
   - 소프트웨어 통합 검증 외에 제어기와 연동되는 테스트 벤치 조건 및 실차 환경에서 검증을 수행할 수 있습니다.

 - 검증 자동화
   
   - 자동화 도구를 개발 또는 적용하여 통합 검증 활동을 효율화합니다.

 - 결과 분석 
   
   - 검증 결과를 문서화하고 분석 내용을 구조화합니다.
   
   - 필요에 따라 분석 내용에 대한 대시보드를 구성하여 시각화할 수 있습니다.

 - 프로세스 구축 및 개선
   
   - 통합 소프트웨어 검증의 효율성과 정확성을 높일 수 있는 프로세스와 절차를 정의하고 개선합니다.

 


QUALIFICATIONS

 - 7년 이상 자동차 소프트웨어 기능/성능 평가 업무 경험을 보유하신 분

 - Linux와 RTOS와 같은 운영체제에 대한 이해가 높으신 분

 - 자동차 네트워크 평가 툴(CANoe, CANape 등) 사용 경험이 있으신 분

 - 자동차 평가 로그 데이터 분석 경험이 있으신 분

 - Agile 프로세스와 CI/CD 환경에서 검증 활동을 진행한 경험이 있으신 분

 - 최신 기술에 관심이 많고 변화에 유연하게 대처할 수 있는 역량을 보유하신 분

 


PREFERRED QUALIFICATIONS

 - 임베디드 개발환경에서의 프로그래밍 언어(C/C++, Python, Rust 등)에 대한 높은 이해도

 - 클라우드 환경(AWS, Azure 등)에서의 소프트웨어 품질 관리 업무 경험

 - 제어기 또는 차량 평가 자동화 구축 경험 (HIL, SIL 등)

 - A-SPICE 또는 ISO 26262 적용 경험

 - Cloud service(fleet management 등)와 실차간 연동 경험

 - LLM을 이용한 검증 업무 자동화 진행 경험

 


INTERVIEW PROCESS

 1. 서류 전형

 2. 코딩 테스트

 3. 1차 면접 (화상, 1시간 내외)

 4. 2차 면접 (대면, 3시간 내외) 

 5. 처우 협의·입사

 


ADDITIONAL INFORMATION

 - 전형 절차는 일정 및 진행 상황에 따라 일부 변경될 수 있으며, 각 전형 결과는 등록하신 이메일로 개별 안내드립니다.

 - 지원서 제출 시 주민등록번호, 가족관계, 혼인 여부, 연봉, 사진, 신체조건, 출신 지역 등 채용절차법상 요구 금지된 정보는 제외 부탁드립니다.

 - 지원서 접수 중 오류가 발생하거나 기타 문의 사항이 있을 경우, recruit@42dot.ai로 문의해 주시기 바랍니다.

 - 국가보훈대상자 및 취업보호 대상자는 관계법령에 따라 우대합니다.

 - 장애인 고용 촉진 및 직업재활법에 따라 장애인 등록증 소지자를 우대합니다.

 - 42dot은 의뢰하지 않은 서치펌의 이력서를 받지 않으며, 요청하지 않은 이력서에 대해 수수료를 지불하지 않습니다.

 - 지원서 내용 중 허위 사실이 발견될 경우, 입사가 취소될 수 있습니다.

 - 인터뷰 프로세스 종료 후 지원자의 동의하에 평판조회가 진행될 수 있습니다.

 - 3개월의 수습기간이 적용될 수 있습니다.",KR,"Pangyo (Software Dream Center), South Korea",https://jobs.ashbyhq.com/42dot/b4dfac58-d809-46c0-8056-b015dddccb60,"2026-08-20T08:59:17.300+00:00",FullTime,2026-08-31 20:56:55.376 +0700,18
ashby,Aurora,Senior Manager Hardware Systems Applications Engineering,"Who we are

Aurora’s mission is to deliver the benefits of self-driving technology safely, quickly, and broadly.

The Aurora Driver https://aurora.tech will create a new era in mobility and logistics, one that will bring a safer, more efficient, and more accessible future to everyone.

At Aurora, you will tackle massively complex problems alongside other passionate, intelligent individuals, growing as an expert while expanding your knowledge. For the latest news from Aurora, visit aurora.tech http://aurora.tech or follow us on LinkedIn https://www.linkedin.com/company/auroradriver.

 

What we are looking for

Aurora hires talented people with diverse backgrounds who are ready to help build a transportation ecosystem that will make our roads safer, get crucial goods where they need to go, and make mobility more efficient and accessible for all. We’re searching for a Senior Manager - Hardware Systems Applications Engineering.

In this role, you will

 - Work on-site in the DFW area which is our center of excellence for fleet operations.

 - Synthesize top-level business goals with the team charter to plan quarterly goals for the team and work with the team to track and drive them to completion

 - Define key inputs and outputs for the team, and develop internal to team processes to ensure consistent execution of the team’s deliverables. 

 - Define staffing needs for the team and manage resource planning of the existing team to meet business needs (Eg shift scheduling, training needs identification etc) 

 - Develop and manage cross-functional workflows between software, product, operations and other HW engineering teams to ensure clear handoff on deliverables. 

 - Develop, maintain and track metrics that provide real-time signal onwith respect to Aurora product hardware health and performance 

 - Communicate upward to leadership WRT team deliverables, ranging from top-level fleet metrics to low-level details on specific issue investigations on a weekly basis. 

 - Travel up to 30% from the “home office” to one of: Engineering sites (PIT, MTV), Operations sites (PAL, FTW, El Paso, PHX, HOU) and Remote test locations (TRC Ohio)

Required Qualifications

 - BS in  Engineering 

 - 10+ years managing direct reports including remote / offsite personnel 

 - 10+ years experience developing RASICs, process definitions, workflow definitions with cross-functional teams. 

 - 10+ years of work-related experience in the Automotive Engineering field, specifically with sustaining engineering of fielded products. 

 - Expertise using JIRA for issue management, including creation of custom reports, dashboards etc and driving continuous improvements on existing workflows. 

 - Ability to be objective (data-driven) and apply an empirical  process to solving issues.

Desirable Qualifications

 - Hands-on experience using AI tools and agents to expedite workflow execution. 

 - Hands-on experience using data analytics platforms like Mode, Holistics or similar to develop data driven metrics of success at an enterprise level.



The base salary range for this position is $178,000 - $285,000 per year.  Aurora’s pay ranges are determined by role, level, and location. Within the range, the successful candidate’s starting base pay will be determined based on factors including job-related skills, experience, qualifications, relevant education or training, and market conditions. These ranges may be modified in the future. The successful candidate will also be eligible for an annual bonus, equity compensation, and benefits.



Working at Aurora

At Aurora, we bring together extraordinarily talented and experienced people united by the strength of our values. We operate with integrity, set outrageous goals, and build a culture where we win together — all without any jerks.

We believe in-person work increases collaboration, empathy and our ability to lead effectively. As a result, we operate in a hybrid work environment where Aurorans are in office at least 3 days per week.

Our Careers page https://aurora.tech/careers provides insight into what it is like to work at Aurora, and you can find all the latest updates in our Newsroom https://aurora.tech/newsroom.



Our commitment to safety

At the core of everything we do is our commitment to safety. Building best-in-class self-driving technology will take time, and we believe that each employee at Aurora has a role in contributing to safety, every step of the way. Aurora expects commitment to our safety policies from every employee, and seeks candidates who take an active responsibility, can contribute to building an atmosphere of trust, and invest in the organization’s long-term success by prioritizing working safely, no matter what.



Our commitment to inclusion

Aurora considers candidates without regard to their race, color, religion, national origin, age, sex, gender, gender identity, gender expression, sexual orientation, marital status, pregnancy status, parent or caregiver status, ancestry, political affiliation, veteran and/or military status, physical or mental disability, or any other status protected by federal or state law. Aurora considers qualified applicants with criminal histories, consistent with applicable federal, state, and local law. We are also committed to providing reasonable accommodations for qualified individuals with disabilities and disabled veterans in our job application procedures. If you need assistance or an accommodation due to a disability, you may contact us at careersiteaccommodations@aurora.tech.





For California applicants, information collected and processed as part of your application and any job applications you choose to submit is subject to Aurora’s California Employment Privacy Policy.",US,"Dallas, TX",https://jobs.ashbyhq.com/aurora-operations-inc/f5058d0e-2643-428b-8f82-94b53c6f5110,"2026-08-04T03:19:36.437+00:00",FullTime,2026-08-31 20:56:55.376 +0700,19
ashby,Applied Intuition,Software Engineer,"Applied Intuition, Inc. is powering the future of physical AI. Founded in 2017 and now valued at $15 billion, the Silicon Valley company is creating the digital infrastructure needed to bring intelligence to every moving machine on the planet. Applied Intuition services the automotive, defense, trucking, construction, mining and agriculture industries in three core areas: tools and infrastructure, operating systems, and autonomy. Eighteen of the top 20 global automakers, as well as the United States military and its allies, trust the company’s solutions to deliver physical intelligence. Applied Intuition is headquartered in Sunnyvale, California, with offices in Washington, D.C.; San Diego; Ft. Walton Beach, Florida; Ann Arbor, Michigan; London; Stuttgart; Munich; Stockholm; Bangalore; Seoul; and Tokyo. Learn more at applied.co http://applied.co.

We are an in-office company, and our expectation is that full-time employees primarily work from their Applied Intuition office 5 days a week. However, we also recognize the importance of flexibility and trust our employees to manage their schedules responsibly. This may include occasional remote work, starting the day with morning meetings from home before heading to the office, or leaving earlier when needed to accommodate family commitments. This in-office expectation does not apply to contractor positions


MEET OUR SOFTWARE ENGINEERS!

Meet some of our software engineers who are shaping the future of autonomy and delivering world-class solutions helping customers shorten time to market. Hear about what brought them to Applied Intuition, what’s kept them interested, and their advice to potential candidates.

 




ABOUT THE ROLE

We are looking for bright engineers interested in designing elegant solutions to difficult problems in the autonomy space. Our software engineers work across our suite of products, tackling difficult full-stack, infrastructure, robotics, and graphics problems. At Applied Intuition, we encourage engineers to take ownership over technical and product decisions, interact closely with users to collect feedback, and contribute to a thoughtful, dynamic team culture.


AT APPLIED INTUITION, YOU WILL:

 - Work across our entire stack to develop new products, features, and tools for our customers' autonomy development workflows

 - Have an unparalleled opportunity to work with domain experts across a variety of fields: infrastructure, robotics, and graphics engineers, as well as startup veterans

 - Carve out your own area of expertise and influence product decisions

 - Collaborate with other members in the autonomy ecosystem and learn about different approaches to solving core issues in autonomy


WE'RE LOOKING FOR SOMEONE WHO HAS:

 - 4+ years of experience shipping complex software

 - Demonstrated ability to be a self-starter and can quickly become comfortable with new technical tools

 - Designed efficient and effective solutions to a wide range of engineering challenges

 - Proven ability to take initiative in a fast-paced environment

 - US citizenship and eligibility for security clearance.


NICE TO HAVE:

 - Working knowledge of frontend, API layer, containerization, or cluster orchestration frameworks (such as React, GraphQL, Docker, or Kubernetes)

 - Experience working with simulation tools, modeling physical problems, or using robotics middlewares (such as ROS)

 - Experience writing Python, C++, Javascript, or Golang

Don’t meet every single requirement? If you’re excited about this role but your past experience doesn’t align perfectly with every qualification in the job description, we encourage you to apply anyway. You may be just the right candidate for this or other roles.

Applied Intuition is an equal opportunity employer and federal contractor or subcontractor. Consequently, the parties agree that, as applicable, they will abide by the requirements of 41 CFR 60-1.4(a), 41 CFR 60-300.5(a) and 41 CFR 60-741.5(a) and that these laws are incorporated herein by reference. These regulations prohibit discrimination against qualified individuals based on their status as protected veterans or individuals with disabilities, and prohibit discrimination against all individuals based on their race, color, religion, sex, sexual orientation, gender identity or national origin. These regulations require that covered prime contractors and subcontractors take affirmative action to employ and advance in employment individuals without regard to race, color, religion, sex, sexual orientation, gender identity, national origin, protected veteran status or disability. The parties also agree that, as applicable, they will abide by the requirements of Executive Order 13496 (29 CFR Part 471, Appendix A to Subpart A), relating to the notice of employee rights under federal labor laws.

FOR US-BASED ROLES: Applied Intuition is committed to providing an accessible and inclusive application and interview experience to applicants who are disabled veterans and other applicants with disabilities or medical conditions. Reasonable accommodations are available, requesting an accommodation will not affect your candidacy in any way, and you are not required to disclose the nature of your disability or medical condition in order to make a request.
If you require an accommodation please contact careers@applied.co. We will work with you!",US,Ann Arbor,https://jobs.ashbyhq.com/applied/30536efc-0190-497f-a441-4b3bfe860268,"2025-09-15T21:13:22.767+00:00",FullTime,2026-08-31 20:56:55.376 +0700,20
ashby,Applied Intuition,"Cross Functional Producer, Events","Applied Intuition, Inc. is powering the future of physical AI. Founded in 2017 and now valued at $15 billion, the Silicon Valley company is creating the digital infrastructure needed to bring intelligence to every moving machine on the planet. Applied Intuition services the automotive, defense, trucking, construction, mining and agriculture industries in three core areas: tools and infrastructure, operating systems, and autonomy. Eighteen of the top 20 global automakers, as well as the United States military and its allies, trust the company’s solutions to deliver physical intelligence. Applied Intuition is headquartered in Sunnyvale, California, with offices in Washington, D.C.; San Diego; Ft. Walton Beach, Florida; Ann Arbor, Michigan; London; Stuttgart; Munich; Stockholm; Bangalore; Seoul; and Tokyo. Learn more at applied.co http://applied.co.

We are an in-office company, and our expectation is that full-time employees primarily work from their Applied Intuition office 5 days a week. However, we also recognize the importance of flexibility and trust our employees to manage their schedules responsibly. This may include occasional remote work, starting the day with morning meetings from home before heading to the office, or leaving earlier when needed to accommodate family commitments. This in-office expectation does not apply to contractor positions


ABOUT THE ROLE

We are looking for a Cross Functional Producer of Events to own Applied Intuition’s growing event footprint. This role partners deeply with our marketing team, executive leadership, external partners and platforms to produce events with excellence. This role sits at the intersection of marketing strategy, executive communications, vendor logistics, and execution. This person would be responsible for planning and delivering internal and external events that support business goals across all verticals.


AT APPLIED INTUITION, YOU WILL:

 - Advise on a strategic approach to event execution - vendor recommendations, event recommendations based on what ties in best to the broader marketing plan for each vertical (Defense, Automotive, Industrial and Trucking). 

 - Determine when it makes sense to bring in other teams and when speakers should be incorporated into an event.

 - Run executive events, investor events, press activations, customer events, and sales meetings or presentations.

 - Lead programming, run of show, itinerary development, speaker coordination, and day-of execution.

 - Work with executive-level leadership on internal executive communications and high-visibility events.

 - Establish and manage customer communications for external events and follow-up.

 - Manage vendors from onboarding through project completion and final invoice.

 - Oversee logistics including conference room or booth rentals, TVs, furniture, displays, physical set up, food and beverage, and travel itineraries including organizing executive dinners. 

 - Partnering deeply with design and web dev to develop event invitations, registration and check-in experiences, booth build or design, collateral, swag, and other event materials.

 - Oversee demo environments and product showcases to ensure polished, effective presentations.

 - Handle soup-to-nuts execution with a high degree of autonomy and attention to detail.

 -  


WE'RE LOOKING FOR SOMEONE WHO HAS:

 - 7-10 years of experience in events or a related field.

 - Familiarity with industry conferences, media events, partner summits, organizing executive dinners, investor days, etc. 

 - Experience managing complex logistics, programming, and cross-functional event execution.

 - Comfort working with executive stakeholders and senior leadership.

 - Experience building and managing customer communications processes, ideally in Salesforce.

 - Strong judgment on event strategy, including when to engage marketing or add speakers.

 - Excellent project management, communication, and vendor management skills.

 - A track record of independently running high-stakes events from concept through completion.

 - Working knowledge of AI tools to improve workflow efficiency and speed.

 - Experience with Salesforce, Marketo or similar tools to support customer communications and tracking.


NICE TO HAVE:

 - Autonomy or Automotive industry experience

 - Experience planning and managing events globally (Japan, Korea, Sweden, and/or Germany)

Compensation at Applied Intuition for eligible roles includes base salary, equity, and benefits. Base salary is a single component of the total compensation package, which may also include equity in the form of options and/or restricted stock units, comprehensive health, dental, vision, life and disability insurance coverage, 401(k) retirement benefits with employer match, learning and wellness stipends, and paid time off. Note that benefits are subject to change and may vary based on jurisdiction of employment. Applied Intuition pay ranges reflect the minimum and maximum intended target base salary for new hire salaries for the position, and the actual base salary offered will depend on factors including experience, credentials, education, skill requirements, interview performance, and scope of the position.

Don’t meet every single requirement? If you’re excited about this role but your past experience doesn’t align perfectly with every qualification in the job description, we encourage you to apply anyway. You may be just the right candidate for this or other roles.

Applied Intuition is an equal opportunity employer and federal contractor or subcontractor. Consequently, the parties agree that, as applicable, they will abide by the requirements of 41 CFR 60-1.4(a), 41 CFR 60-300.5(a) and 41 CFR 60-741.5(a) and that these laws are incorporated herein by reference. These regulations prohibit discrimination against qualified individuals based on their status as protected veterans or individuals with disabilities, and prohibit discrimination against all individuals based on their race, color, religion, sex, sexual orientation, gender identity or national origin. These regulations require that covered prime contractors and subcontractors take affirmative action to employ and advance in employment individuals without regard to race, color, religion, sex, sexual orientation, gender identity, national origin, protected veteran status or disability. The parties also agree that, as applicable, they will abide by the requirements of Executive Order 13496 (29 CFR Part 471, Appendix A to Subpart A), relating to the notice of employee rights under federal labor laws.

FOR US-BASED ROLES: Applied Intuition is committed to providing an accessible and inclusive application and interview experience to applicants who are disabled veterans and other applicants with disabilities or medical conditions. Reasonable accommodations are available, requesting an accommodation will not affect your candidacy in any way, and you are not required to disclose the nature of your disability or medical condition in order to make a request.
If you require an accommodation please contact careers@applied.co. We will work with you!",US,Sunnyvale,https://jobs.ashbyhq.com/applied/6305a106-b2ab-4f7f-bd8d-0420c0b56c75,"2026-06-11T23:02:54.756+00:00",FullTime,2026-08-31 20:56:55.376 +0700,21
ashby,Applied Intuition,"Research Intern - 3D Vision and Generation, Self-Driving","Applied Intuition, Inc. is powering the future of physical AI. Founded in 2017 and now valued at $15 billion, the Silicon Valley company is creating the digital infrastructure needed to bring intelligence to every moving machine on the planet. Applied Intuition services the automotive, defense, trucking, construction, mining and agriculture industries in three core areas: tools and infrastructure, operating systems, and autonomy. Eighteen of the top 20 global automakers, as well as the United States military and its allies, trust the company’s solutions to deliver physical intelligence. Applied Intuition is headquartered in Sunnyvale, California, with offices in Washington, D.C.; San Diego; Ft. Walton Beach, Florida; Ann Arbor, Michigan; London; Stuttgart; Munich; Stockholm; Bangalore; Seoul; and Tokyo. Learn more at applied.co http://applied.co.

We are an in-office company, and our expectation is that full-time employees primarily work from their Applied Intuition office 5 days a week. However, we also recognize the importance of flexibility and trust our employees to manage their schedules responsibly. This may include occasional remote work, starting the day with morning meetings from home before heading to the office, or leaving earlier when needed to accommodate family commitments. This in-office expectation does not apply to contractor positions


ABOUT THE ROLE:

We are looking for multiple passionate Research Interns to join the Research Group at Applied Intuition. The mission of the group is to create cutting-edge technology enabling next-generation physical AI, with emphasis on the two most challenging applications reshaping our everyday life: end-to-end autonomous driving and robotic generalist. We have a group composed of leading experts from top institutions and companies, recognized for their exceptional academic and industry contributions—including eight Best Paper awards at premier conferences and journals such as CVPR and ICRA. Learn more at appliedintuition.com/research.

Supported by industry-leading tools and infra, researchers can access millions of miles of data from large fleets, and deploy methods they develop into various autonomous and robotic systems including self-driving cars/trucks, autonomous mining/construction machines, humanoid robots and dexterous hands. In addition to your research contributions, you will contribute to and learn from best practices in the autonomy and robotics industries within our fast-paced and customer-focused culture. Improvements deployed to our system immediately help our customers with their programs and deliver value to our business.


AT APPLIED INTUITION, YOU WILL:

 - Conduct research on 3D vision related topics including 3D/world-action foundation model, multi-modal pretraining, feed-forward Gaussian splatting, world foundation model with applications to autonomous driving, and fundamental topics on 3D vision and generation with broader applications

 - Work closely with the Research Scientists and Engineers on high quality research publications for submission to top-tier conferences


WE’RE LOOKING FOR SOMEONE WHO HAS:

 - Strong research background and skills on relevant topics, and the ability to work both independently and collaboratively on projects

 - Current PhD (or MSc) studies in machine learning, computer vision and graphics, robotics

 - Passion for next-generation, scalable autonomy and robotics

Don’t meet every single requirement? If you’re excited about this role but your past experience doesn’t align perfectly with every qualification in the job description, we encourage you to apply anyway. You may be just the right candidate for this or other roles.

Applied Intuition is an equal opportunity employer and federal contractor or subcontractor. Consequently, the parties agree that, as applicable, they will abide by the requirements of 41 CFR 60-1.4(a), 41 CFR 60-300.5(a) and 41 CFR 60-741.5(a) and that these laws are incorporated herein by reference. These regulations prohibit discrimination against qualified individuals based on their status as protected veterans or individuals with disabilities, and prohibit discrimination against all individuals based on their race, color, religion, sex, sexual orientation, gender identity or national origin. These regulations require that covered prime contractors and subcontractors take affirmative action to employ and advance in employment individuals without regard to race, color, religion, sex, sexual orientation, gender identity, national origin, protected veteran status or disability. The parties also agree that, as applicable, they will abide by the requirements of Executive Order 13496 (29 CFR Part 471, Appendix A to Subpart A), relating to the notice of employee rights under federal labor laws.

FOR US-BASED ROLES: Applied Intuition is committed to providing an accessible and inclusive application and interview experience to applicants who are disabled veterans and other applicants with disabilities or medical conditions. Reasonable accommodations are available, requesting an accommodation will not affect your candidacy in any way, and you are not required to disclose the nature of your disability or medical condition in order to make a request.
If you require an accommodation please contact careers@applied.co. We will work with you!",US,Sunnyvale,https://jobs.ashbyhq.com/applied/91e0686e-272a-4780-b33d-d7860b94a7b4,"2026-02-13T02:46:07.710+00:00",Intern,2026-08-31 20:56:55.376 +0700,22
ashby,Applied Intuition,Lead Software Engineer - Multi-Agent Mission Systems,"Applied Intuition, Inc. is powering the future of physical AI. Founded in 2017 and now valued at $15 billion, the Silicon Valley company is creating the digital infrastructure needed to bring intelligence to every moving machine on the planet. Applied Intuition services the automotive, defense, trucking, construction, mining and agriculture industries in three core areas: tools and infrastructure, operating systems, and autonomy. Eighteen of the top 20 global automakers, as well as the United States military and its allies, trust the company’s solutions to deliver physical intelligence. Applied Intuition is headquartered in Sunnyvale, California, with offices in Washington, D.C.; San Diego; Ft. Walton Beach, Florida; Ann Arbor, Michigan; London; Stuttgart; Munich; Stockholm; Bangalore; Seoul; and Tokyo. Learn more at applied.co http://applied.co.

We are an in-office company, and our expectation is that full-time employees primarily work from their Applied Intuition office 5 days a week. However, we also recognize the importance of flexibility and trust our employees to manage their schedules responsibly. This may include occasional remote work, starting the day with morning meetings from home before heading to the office, or leaving earlier when needed to accommodate family commitments. This in-office expectation does not apply to contractor positions


ABOUT THE ROLE

Applied is seeking a Technical Team Lead with strong foundations in algorithmic optimization, multi-agent systems and all-around leadership skills. You'll lead the team tackling the most complex computational challenges in our real-time decision-making platform, helping set set the technical direction for advanced algorithms that push the boundaries of autonomous coordination and planning. 

We're seeking a mission-driven senior technical leader for our Autonomous Behaviors and Agents engineering team, focused on next-generation human-machine teaming and real-time decision-making systems. You'll guide a team of engineers building intelligent agents that plan and execute missions using advanced reasoning, planning, and optimization algorithms, while remaining hands-on where it matters most. Our work spans real-time scenarios, heterogeneous platforms (air, space, land, surface, sub-surface), and software that integrates seamlessly with human operators. If you thrive on owning outcomes in fast-moving, mission-oriented environments and love building autonomy that helps our warfighters, this is your role.

Your leadership will shape our Axion and Acuity family of systems, enabling breakthrough capabilities in human-machine teaming across all domains. If you're passionate about translating cutting-edge algorithms into shipped, mission-critical capability and growing the engineers who build it, then this opportunity might be for you!




AT APPLIED INTUITION, YOU WILL:

 - Drive the technical vision, architecture, and roadmap for the Autonomous Behaviors and Agents team, and direct execution from concept through delivery

 - Lead, mentor, and grow a team of engineers, driving design reviews, setting engineering standards, and raising the bar on code quality and algorithmic rigor

 - Guide the design and implementation of multi-agent optimization algorithms for distributed decision-making and coordination problems

 - Direct development of temporal logic frameworks and constraint-satisfaction algorithms for complex planning scenarios

 - Partner with product, program, and customer-facing stakeholders to translate mission needs into technical priorities, scope, and delivery commitments

 - Coordinate cross-team integration and de-risk dependencies across the Axion and Acuity system families


WE'RE LOOKING FOR SOMEONE WHO HAS:

 - MS or PhD in Computer Science, Software Engineering, Robotics, or a related technical field, OR 8+ years of professional experience developing intelligent agents or planning systems

 - 8+ years of hands-on experience developing performant modern C++ (we use C++20), with 2+ years leading engineering teams or serving as a technical lead on complex software programs

 - Depth in one or more of the formal foundations underpinning this work, for example: automated and temporal planning (PDDL, HDDL, HTN); multi-criteria constraint and combinatorial optimization (MILP, CP-SAT, graph/matching, metaheuristics); temporal logic (LTL/STL/MTL) for constraint specification and verification; distributed consensus and CRDTs for coordination under partial connectivity; and formal verification / model checking for auditable, certifiable behavior.

 - A track record of setting technical direction, driving architectural decisions, and delivering complex systems through a team, not just as an individual contributor

 - Strong theoretical understanding and practical experience implementing algorithms for constraint satisfaction, scheduling, and optimization problems

 - Deep procedural and object-oriented programming experience that employs clean code principles and good OOP design patterns, with the judgment to enforce them pragmatically across a codebase

 - Experience developing in Docker and containerized development environments, and using Linux-based operating systems (e.g., RHEL, Ubuntu)

 - Understanding of service-oriented architecture and message broker vs. data broker paradigms, and experience making system-level architectural tradeoffs

 - Ability to translate complex mathematical concepts into clear technical documentation, and to communicate designs, tradeoffs, and status crisply to both engineers and non-technical stakeholders

 - Experience mentoring engineers, running design and code reviews, and building healthy, high-performing team culture


NICE TO HAVE:

 - Prior work on defense, aerospace, or other safety-critical autonomy programs

 - Experience representing engineering in customer or program reviews

Travel Requirements:

 - Occasional travel required (approx. 10–20%) for demonstrations, integration, or customer engagement

Security Clearance

 - Must be a U.S. Citizen

 - Must be eligible for a U.S. SECRET clearance with Special Access Program (SAP) eligibility


NICE TO HAVE:

 - Experience with game theory for multi-agent coordination or negotiation protocols.

 - Familiarity with real-time optimization under hardware/edge constraints.

 - Background in Battle Management Command and Control (BMC2) or defense applications.
   
   

Compensation at Applied Intuition for eligible roles includes base salary, equity, and benefits. Base salary is a single component of the total compensation package, which may also include equity in the form of options and/or restricted stock units, comprehensive health, dental, vision, life and disability insurance coverage, 401k retirement benefits with employer match, learning and wellness stipends, and paid time off. Note that benefits are subject to change and may vary based on jurisdiction of employment.

Applied Intuition pay ranges reflect the minimum and maximum intended target base salary for new hire salaries for the position. The actual base salary offered to a successful candidate will additionally be influenced by a variety of factors including experience, credentials & certifications, educational attainment, skill level requirements, interview performance, and the level and scope of the position.

Don’t meet every single requirement? If you’re excited about this role but your past experience doesn’t align perfectly with every qualification in the job description, we encourage you to apply anyway. You may be just the right candidate for this or other roles.

Applied Intuition is an equal opportunity employer and federal contractor or subcontractor. Consequently, the parties agree that, as applicable, they will abide by the requirements of 41 CFR 60-1.4(a), 41 CFR 60-300.5(a) and 41 CFR 60-741.5(a) and that these laws are incorporated herein by reference. These regulations prohibit discrimination against qualified individuals based on their status as protected veterans or individuals with disabilities, and prohibit discrimination against all individuals based on their race, color, religion, sex, sexual orientation, gender identity or national origin. These regulations require that covered prime contractors and subcontractors take affirmative action to employ and advance in employment individuals without regard to race, color, religion, sex, sexual orientation, gender identity, national origin, protected veteran status or disability. The parties also agree that, as applicable, they will abide by the requirements of Executive Order 13496 (29 CFR Part 471, Appendix A to Subpart A), relating to the notice of employee rights under federal labor laws.

FOR US-BASED ROLES: Applied Intuition is committed to providing an accessible and inclusive application and interview experience to applicants who are disabled veterans and other applicants with disabilities or medical conditions. Reasonable accommodations are available, requesting an accommodation will not affect your candidacy in any way, and you are not required to disclose the nature of your disability or medical condition in order to make a request.
If you require an accommodation please contact careers@applied.co. We will work with you!",US,"Washington, D.C.",https://jobs.ashbyhq.com/applied/0d145f71-d11d-4bdf-b2b1-fdb1f6ed77a8,"2026-08-25T13:35:22.146+00:00",FullTime,2026-08-31 20:56:55.376 +0700,23
ashby,Aurora,Software Engineer I (Data Eng infra),"Who we are

Aurora’s mission is to deliver the benefits of self-driving technology safely, quickly, and broadly.

The Aurora Driver https://aurora.tech will create a new era in mobility and logistics, one that will bring a safer, more efficient, and more accessible future to everyone.

At Aurora, you will tackle massively complex problems alongside other passionate, intelligent individuals, growing as an expert while expanding your knowledge. For the latest news from Aurora, visit aurora.tech http://aurora.tech or follow us on LinkedIn https://www.linkedin.com/company/auroradriver.

 

What we are looking for

Aurora hires talented people with diverse backgrounds who are ready to help build a transportation ecosystem that will make our roads safer, get crucial goods where they need to go, and make mobility more efficient and accessible for all. 

We are seeking a talented and experienced Software Engineer to join our data engineering and infrastructure team. In this role, you will be working with our seasoned engineers and contribute to the design, development, and maintenance of our data platform, building the scalable and reliable systems that enable our organization to leverage data for insights and product innovation. You will work on the core data lake and data warehouse ecosystem infrastructure, data pipelines, and tools that process data at massive scale, ensuring it is accessible, high-quality, and secure.

In this role, you will

 - Design, build, and maintain robust and scalable data pipelines and ETL/ELT processes to ingest, transform, and load data from various sources into our data warehouse.

 - Develop and manage data infrastructure components using AWS cloud services and infrastructure-as-code tools like Terraform.

 - Collaborate with data scientists, analysts, autonomy engineering teams and product teams to understand their data needs and build solutions that meet their requirements.

 - Optimize data processing systems for performance, reliability, and cost-efficiency.

 - Implement monitoring, alerting, and logging for data pipelines and infrastructure to ensure operational stability.

 - Champion best practices in data governance, data quality, and security.

Required Qualifications

 - Bachelor’s degree in Computer Science, Engineering, or a related field, or equivalent practical experience.

 - 1+ years of recent professional experience in software engineering, with a focus on data-related projects.

 - Proficiency in at least one programming language commonly used for data engineering (e.g., Python, Go or C++).

 - Preliminary experience with big data processing frameworks like Apache Spark, Flink, Kinesis Data Stream, or similar technologies.

 - Hands-on experience with cloud platforms (AWS, GCP, or Azure) and their data services (e.g., S3, Redshift, BigQuery, Glue).

 - Strong knowledge of SQL and experience working with relational and NoSQL databases.

 - Preliminary knowledge of data analytics infrastructure, including data transformation tools such as DBT and visualization frameworks and tools

 - Experience with building and managing data pipelines using an orchestrator like Apache Airflow.

 - Able to systematically approach open-ended questions to identify pragmatic data solutions that scale

 - Able to work effectively in a highly cross-functional, fast-moving and high-stakes environment

 - Proven ability to communicate technical, data-driven solutions to both technical and non-technical audiences across stakeholders

Desirable Qualifications 

 - Experience with data warehousing solutions like Snowflake or data lake architectures.

 - Familiarity with modern data stack tools and practices.

 - A passion for building elegant, scalable, and maintainable systems.

 - Experience using Amazon Web Services (AWS) tools



The base salary wage range for this position is $116,000 - $174,000 per year.  Aurora’s pay ranges are determined by role, level, and location. Within the range, the successful candidate’s starting base pay will be determined based on factors including job-related skills, experience, qualifications, relevant education or training, and market conditions. These ranges may be modified in the future. The successful candidate will also be eligible for an annual bonus, equity compensation, and benefits.

 #LI-SP1



Working at Aurora

At Aurora, we bring together extraordinarily talented and experienced people united by the strength of our values. We operate with integrity, set outrageous goals, and build a culture where we win together — all without any jerks.

We believe in-person work increases collaboration, empathy and our ability to lead effectively. As a result, we operate in a hybrid work environment where Aurorans are in office at least 3 days per week.

Our Careers page https://aurora.tech/careers provides insight into what it is like to work at Aurora, and you can find all the latest updates in our Newsroom https://aurora.tech/newsroom.



Our commitment to safety

At the core of everything we do is our commitment to safety. Building best-in-class self-driving technology will take time, and we believe that each employee at Aurora has a role in contributing to safety, every step of the way. Aurora expects commitment to our safety policies from every employee, and seeks candidates who take an active responsibility, can contribute to building an atmosphere of trust, and invest in the organization’s long-term success by prioritizing working safely, no matter what.



Our commitment to inclusion

Aurora considers candidates without regard to their race, color, religion, national origin, age, sex, gender, gender identity, gender expression, sexual orientation, marital status, pregnancy status, parent or caregiver status, ancestry, political affiliation, veteran and/or military status, physical or mental disability, or any other status protected by federal or state law. Aurora considers qualified applicants with criminal histories, consistent with applicable federal, state, and local law. We are also committed to providing reasonable accommodations for qualified individuals with disabilities and disabled veterans in our job application procedures. If you need assistance or an accommodation due to a disability, you may contact us at careersiteaccommodations@aurora.tech.





For California applicants, information collected and processed as part of your application and any job applications you choose to submit is subject to Aurora’s California Employment Privacy Policy.",US,"Mountain View, CA",https://jobs.ashbyhq.com/aurora-operations-inc/8624caf6-91c7-4f27-a979-c3cab7877bca,"2026-08-03T22:48:25.501+00:00",FullTime,2026-08-31 20:56:55.376 +0700,24
ashby,Applied Intuition,Solution Engineer - Tooling (Vehicle Intelligence),"Applied Intuition, Inc. is powering the future of physical AI. Founded in 2017 and now valued at $15 billion, the Silicon Valley company is creating the digital infrastructure needed to bring intelligence to every moving machine on the planet. Applied Intuition services the automotive, defense, trucking, construction, mining and agriculture industries in three core areas: tools and infrastructure, operating systems, and autonomy. Eighteen of the top 20 global automakers, as well as the United States military and its allies, trust the company’s solutions to deliver physical intelligence. Applied Intuition is headquartered in Sunnyvale, California, with offices in Washington, D.C.; San Diego; Ft. Walton Beach, Florida; Ann Arbor, Michigan; London; Stuttgart; Munich; Stockholm; Bangalore; Seoul; and Tokyo. Learn more at applied.co http://applied.co.

We are an in-office company, and our expectation is that full-time employees primarily work from their Applied Intuition office 5 days a week. However, we also recognize the importance of flexibility and trust our employees to manage their schedules responsibly. This may include occasional remote work, starting the day with morning meetings from home before heading to the office, or leaving earlier when needed to accommodate family commitments. This in-office expectation does not apply to contractor positions


ABOUT THE ROLE

Applied Intuition’s Tools for Vehicle Intelligence (including the Applied Development Platform, also known as ADP) is the end-to-end platform for building and validating intelligent systems at petabyte scale. As a Solution Engineer on the Tooling pillar, you will work with ADAS and AD engineering teams at OEMs and Tier 1s to architect and build solutions with Applied’s simulation, data management, and CI/CD validation toolchain.

The platform closes the loop between real-world data collection, scenario extraction, simulation, model training, and evaluation; giving automotive engineering teams the infrastructure to compound performance improvements over time.


AT APPLIED INTUITION, YOU WILL:

 - Serve as the primary technical point of contact for customers evaluating Applied Intuition’s simulation and data management tooling

 - Lead demonstrations, proof-of-concept deployments, and integration workshops for the full toolchain

 - Support customers in integrating Applied’s platform into their ADAS/AD CI/CD pipelines (SIL, HIL, VIL stages)

 - Guide customers through the design of closed-loop data flywheels: data collection strategy, curation, labeling, scenario extraction, simulation replay, and evaluation

 - Help customers configure scenario-based testing and automated pass/fail metrics for their validation programs

 - Translate customer feedback into actionable product insights for the Applied engineering team

 - Manage technical workstreams and milestones across multi-stakeholder customer programs


WE'RE LOOKING FOR SOMEONE WHO HAS:

 - 3+ years of experience in ADAS/AD development, validation, or simulation at an OEM, Tier 1, or technology company

 - Hands-on experience with software testing methodologies (unit, SIL, HIL, VIL) for automotive applications

 - Familiarity with CI/CD pipelines in an automotive or embedded software context

 - Understanding of sensor types used in ADAS (camera, lidar, radar, ultrasonic) and their data characteristics

 - Experience with data management pipelines: ingestion, curation, labeling, or scenario extraction

 - Degree in computer science, electrical engineering, robotics, or related field

 - Intermediate Programming experience in Python and/or C++

 - Strong written and verbal communication skills in English; German and/or additional European language is a significant plus


NICE TO HAVE:

 - Customer-facing experience and strong communication and presentation skills

 - Experience with a simulation platform (Applied Intuition, CARLA, IPG CarMaker, dSPACE SIMPHERA, VIRES VTD, or similar)

 - Familiarity with dSPACE, Vector, or NI toolchains for HIL/SIL test automation

 - Knowledge of ISO 8800, ISO 26262, ISO 21448, or ASPICE

 - Experience with ML/AI pipelines for model training or perception system evaluation

 - Background in fleet data operations, OTA, or post-SOP data-driven improvement loops

Compensation at Applied Intuition for eligible roles includes base salary, equity, and benefits. Base salary is a single component of the total compensation package, which may also include equity in the form of options and/or restricted stock units, comprehensive health, dental, vision, life and disability insurance coverage, 401k retirement benefits with employer match, learning and wellness stipends, and paid time off. Note that benefits are subject to change and may vary based on jurisdiction of employment.

Applied Intuition pay ranges reflect the minimum and maximum intended target base salary for new hire salaries for the position. The actual base salary offered to a successful candidate will additionally be influenced by a variety of factors including experience, credentials & certifications, educational attainment, skill level requirements, interview performance, and the level and scope of the position.

Please reference the job posting’s subtitle for where this position will be located. 

Don’t meet every single requirement? If you’re excited about this role but your past experience doesn’t align perfectly with every qualification in the job description, we encourage you to apply anyway. You may be just the right candidate for this or other roles.

Applied Intuition is an equal opportunity employer and federal contractor or subcontractor. Consequently, the parties agree that, as applicable, they will abide by the requirements of 41 CFR 60-1.4(a), 41 CFR 60-300.5(a) and 41 CFR 60-741.5(a) and that these laws are incorporated herein by reference. These regulations prohibit discrimination against qualified individuals based on their status as protected veterans or individuals with disabilities, and prohibit discrimination against all individuals based on their race, color, religion, sex, sexual orientation, gender identity or national origin. These regulations require that covered prime contractors and subcontractors take affirmative action to employ and advance in employment individuals without regard to race, color, religion, sex, sexual orientation, gender identity, national origin, protected veteran status or disability. The parties also agree that, as applicable, they will abide by the requirements of Executive Order 13496 (29 CFR Part 471, Appendix A to Subpart A), relating to the notice of employee rights under federal labor laws.

FOR US-BASED ROLES: Applied Intuition is committed to providing an accessible and inclusive application and interview experience to applicants who are disabled veterans and other applicants with disabilities or medical conditions. Reasonable accommodations are available, requesting an accommodation will not affect your candidacy in any way, and you are not required to disclose the nature of your disability or medical condition in order to make a request.
If you require an accommodation please contact careers@applied.co. We will work with you!",US,Munich,https://jobs.ashbyhq.com/applied/317c9f7b-9ecf-4a56-a712-fb596a872e78,"2026-05-05T10:54:01.332+00:00",FullTime,2026-08-31 20:56:55.376 +0700,25
greenhouse,Torc Robotics,"Quality Test Engineer, II","&lt;h2&gt;&lt;span style=&quot;font-size: 12pt;&quot;&gt;About the Company&lt;/span&gt;&lt;/h2&gt;
&lt;p&gt;&lt;span style=&quot;font-size: 12pt;&quot;&gt;At Torc, we have always believed that autonomous vehicle technology will transform how we travel, move freight, and do business.&lt;/span&gt;&lt;/p&gt;
&lt;p&gt;&lt;span style=&quot;font-size: 12pt;&quot;&gt;A leader in autonomous driving since 2007, Torc has spent over a decade commercializing our solutions with experienced partners. &lt;a href=&quot;https://www.daimlertruck.com&quot;&gt;Now a part of the Daimler family&lt;/a&gt;, we are focused solely on developing software for automated trucks to transform how the world moves freight.&lt;/span&gt;&lt;/p&gt;
&lt;p&gt;&lt;span style=&quot;font-size: 12pt;&quot;&gt;Join us and catapult your career with the company that helped pioneer autonomous technology, and the first AV software company with the vision to partner directly with a truck manufacturer.&lt;/span&gt;&lt;/p&gt;
&lt;h2&gt;&lt;span style=&quot;font-size: 12pt;&quot;&gt;Meet the Team&lt;/span&gt;&lt;/h2&gt;
&lt;p&gt;&lt;span style=&quot;font-size: 12pt;&quot;&gt;The Test Engineer supports the testing of our autonomous vehicles in addition to software development and engineering activities supporting the delivery of software tools, automation, and CI/CD pipelines within our Autonomous Eco System. Responsibilities include generating and executing vehicle test plans, analyzing the resulting test data, designing strategic test progression, and supporting full-lifecycle development of proprietary software solutions for the testing and delivery of our Autonomous Eco System. This position is instrumental in improving the robustness and safety of our self-driving technology, and works closely with product, design, and engineering teams to ensure robust, safety-focused testing and delivery.&lt;/span&gt;&lt;/p&gt;
&lt;h2&gt;&lt;span style=&quot;font-size: 12pt;&quot;&gt;What You&#39;ll Do&lt;/span&gt;&lt;/h2&gt;
&lt;p&gt;&lt;span style=&quot;font-size: 12pt;&quot;&gt;Vehicle Software Testing&lt;/span&gt;&lt;/p&gt;
&lt;ul&gt;
&lt;li style=&quot;font-size: 12pt;&quot;&gt;&lt;span style=&quot;font-size: 12pt;&quot;&gt;Generate and execute test plans to uncover the limitations of our systems, collecting relevant data to drive improvements.&lt;/span&gt;&lt;/li&gt;
&lt;li style=&quot;font-size: 12pt;&quot;&gt;&lt;span style=&quot;font-size: 12pt;&quot;&gt;Perform root cause analysis of identified defects and performance issues, and provide recommended solutions.&lt;/span&gt;&lt;/li&gt;
&lt;li style=&quot;font-size: 12pt;&quot;&gt;&lt;span style=&quot;font-size: 12pt;&quot;&gt;Design and deploy supplementary instrumentation and infrastructure required to capture data as defined by the test plans.&lt;/span&gt;&lt;/li&gt;
&lt;li style=&quot;font-size: 12pt;&quot;&gt;&lt;span style=&quot;font-size: 12pt;&quot;&gt;Analyze test data and generate reports to communicate performance issues and capability improvements over time.&lt;/span&gt;&lt;/li&gt;
&lt;li style=&quot;font-size: 12pt;&quot;&gt;&lt;span style=&quot;font-size: 12pt;&quot;&gt;Maintain a verification and validation report showing current performance of the vehicle-level system against system requirements.&lt;/span&gt;&lt;/li&gt;
&lt;li style=&quot;font-size: 12pt;&quot;&gt;&lt;span style=&quot;font-size: 12pt;&quot;&gt;Work closely with software component teams to generate quantifiable performance metrics and implement vehicle-level tests for individual system components.&lt;/span&gt;&lt;/li&gt;
&lt;li style=&quot;font-size: 12pt;&quot;&gt;&lt;span style=&quot;font-size: 12pt;&quot;&gt;Provide regular reports to software component and system design teams, consolidating test event results and generating detailed defect reports with supporting logs.&lt;/span&gt;&lt;/li&gt;
&lt;li style=&quot;font-size: 12pt;&quot;&gt;&lt;span style=&quot;font-size: 12pt;&quot;&gt;Perform on-road testing in autonomous vehicles as a detailed observer/annotator.&lt;/span&gt;&lt;/li&gt;
&lt;li style=&quot;font-size: 12pt;&quot;&gt;&lt;span style=&quot;font-size: 12pt;&quot;&gt;Travel domestically or internationally to support on-road vehicle testing, up to 25%.&lt;/span&gt;&lt;/li&gt;
&lt;li style=&quot;font-size: 12pt;&quot;&gt;&amp;nbsp;&lt;/li&gt;
&lt;/ul&gt;
&lt;p&gt;&lt;span style=&quot;font-size: 12pt;&quot;&gt;Software Engineering&lt;/span&gt;&lt;/p&gt;
&lt;ul&gt;
&lt;li style=&quot;font-size: 12pt;&quot;&gt;&lt;span style=&quot;font-size: 12pt;&quot;&gt;Execute full software development lifecycle activities using a mixture of C++ and scripting languages in a Linux development environment, using Lean-Agile methodologies.&lt;/span&gt;&lt;/li&gt;
&lt;li style=&quot;font-size: 12pt;&quot;&gt;&lt;span style=&quot;font-size: 12pt;&quot;&gt;Complete software assignments including design, implementation, unit testing, vehicle testing, and deployed software maintenance, following quality, build, deploy, test, safety, and process requirements and guidelines.&lt;/span&gt;&lt;/li&gt;
&lt;li style=&quot;font-size: 12pt;&quot;&gt;&lt;span style=&quot;font-size: 12pt;&quot;&gt;Assist in root cause analysis of issues found in testing and process automation steps.&lt;/span&gt;&lt;/li&gt;
&lt;li style=&quot;font-size: 12pt;&quot;&gt;&lt;span style=&quot;font-size: 12pt;&quot;&gt;Support the team in identifying daily assignments and reporting progress at daily stand-ups.&lt;/span&gt;&lt;/li&gt;
&lt;li style=&quot;font-size: 12pt;&quot;&gt;&lt;span style=&quot;font-size: 12pt;&quot;&gt;Support software and system-level test plans and verification strategies for ongoing feature development and bug fixes.&lt;/span&gt;&lt;/li&gt;
&lt;li style=&quot;font-size: 12pt;&quot;&gt;&lt;span style=&quot;font-size: 12pt;&quot;&gt;Design and implement systems responsible for data acquisition and analysis from remote vehicles in the field.&lt;/span&gt;&lt;/li&gt;
&lt;li style=&quot;font-size: 12pt;&quot;&gt;&lt;span style=&quot;font-size: 12pt;&quot;&gt;Ensure software updates do not regress software performance by utilizing simulation software and scenarios.&lt;/span&gt;&lt;/li&gt;
&lt;li style=&quot;font-size: 12pt;&quot;&gt;&lt;span style=&quot;font-size: 12pt;&quot;&gt;Bring a genuine passion for the autonomy technology product area.&lt;/span&gt;&lt;/li&gt;
&lt;/ul&gt;
&lt;h2&gt;&lt;span style=&quot;font-size: 12pt;&quot;&gt;What You&#39;ll Need to Succeed&lt;/span&gt;&lt;/h2&gt;
&lt;p&gt;&lt;span style=&quot;font-size: 12pt;&quot;&gt;Education, Licensing, and Certifications Required&lt;/span&gt;&lt;/p&gt;
&lt;ul&gt;
&lt;li style=&quot;font-size: 12pt;&quot;&gt;&lt;span style=&quot;font-size: 12pt;&quot;&gt;Master&#39;s degree in Computer Engineering, Computer Science, Electrical Engineering, Mechanical Engineering, Robotics, or another relevant technical field, OR&lt;/span&gt;&lt;/li&gt;
&lt;li style=&quot;font-size: 12pt;&quot;&gt;&lt;span style=&quot;font-size: 12pt;&quot;&gt;Bachelor&#39;s degree in Computer Engineering, Computer Science, Electrical Engineering, Mechanical Engineering, Robotics, or another relevant technical field with 4+ years of technically relevant work experience&lt;/span&gt;&lt;/li&gt;
&lt;/ul&gt;
&lt;p&gt;&lt;span style=&quot;font-size: 12pt;&quot;&gt;Experience, Knowledge, Skills, and Abilities&lt;/span&gt;&lt;/p&gt;
&lt;ul&gt;
&lt;li style=&quot;font-size: 12pt;&quot;&gt;&lt;span style=&quot;font-size: 12pt;&quot;&gt;Working-level experience in transportation, engineering, safety, or related technology.&lt;/span&gt;&lt;/li&gt;
&lt;li style=&quot;font-size: 12pt;&quot;&gt;&lt;span style=&quot;font-size: 12pt;&quot;&gt;Working-level experience with testing and verification of systems composed of both hardware and software components.&lt;/span&gt;&lt;/li&gt;
&lt;li style=&quot;font-size: 12pt;&quot;&gt;&lt;span style=&quot;font-size: 12pt;&quot;&gt;Working-level software development knowledge in a Linux environment (Ubuntu, CentOS).&lt;/span&gt;&lt;/li&gt;
&lt;li style=&quot;font-size: 12pt;&quot;&gt;&lt;span style=&quot;font-size: 12pt;&quot;&gt;Working knowledge of software programming and scripting languages (Modern C++, Python, Bash, REST APIs).&lt;/span&gt;&lt;/li&gt;
&lt;li style=&quot;font-size: 12pt;&quot;&gt;&lt;span style=&quot;font-size: 12pt;&quot;&gt;Working-level troubleshooting skills (real-time and in-depth analysis) applied to a complex robotic system, with demonstrated ability to analyze a problem from a full system perspective (mechanical, electrical, and software).&lt;/span&gt;&lt;/li&gt;
&lt;li style=&quot;font-size: 12pt;&quot;&gt;&lt;span style=&quot;font-size: 12pt;&quot;&gt;Working knowledge of version control systems (Git).&lt;/span&gt;&lt;/li&gt;
&lt;li style=&quot;font-size: 12pt;&quot;&gt;&lt;span style=&quot;font-size: 12pt;&quot;&gt;Working-level experience with a DevOps mindset and knowledge of CI/CD delivery concepts and tools (Jenkins).&lt;/span&gt;&lt;/li&gt;
&lt;li style=&quot;font-size: 12pt;&quot;&gt;&lt;span style=&quot;font-size: 12pt;&quot;&gt;Working knowledge of automation and configuration management principles.&lt;/span&gt;&lt;/li&gt;
&lt;li style=&quot;font-size: 12pt;&quot;&gt;&lt;span style=&quot;font-size: 12pt;&quot;&gt;Working knowledge of Agile methodologies (Kanban/Scrum) with the ability to support technology development and improvements by designing test plans with actionable outputs.&lt;/span&gt;&lt;/li&gt;
&lt;li style=&quot;font-size: 12pt;&quot;&gt;&lt;span style=&quot;font-size: 12pt;&quot;&gt;Ability to monitor software on a laptop, and read, analyze, and type in a moving vehicle for extended periods of time.&lt;/span&gt;&lt;/li&gt;
&lt;li style=&quot;font-size: 12pt;&quot;&gt;&lt;span style=&quot;font-size: 12pt;&quot;&gt;Working-level analytical and problem-solving skills with good critical thinking. Ability to maintain continuous focus, stay alert, and maintain composure with dynamic, appropriate reactions in a highly stressful environment. Experience operating in a complex, dynamic environment under occasional high-stress situations.&lt;/span&gt;&lt;/li&gt;
&lt;li style=&quot;font-size: 12pt;&quot;&gt;&lt;span style=&quot;font-size: 12pt;&quot;&gt;Working-level contributor, both internal and external to the team, in engineering discussions, providing input, feedback, and guidance to others.&lt;/span&gt;&lt;/li&gt;
&lt;li style=&quot;font-size: 12pt;&quot;&gt;&lt;span style=&quot;font-size: 12pt;&quot;&gt;Ability to demonstrate sound judgment working independently and without distraction throughout the shift.&lt;/span&gt;&lt;/li&gt;
&lt;li style=&quot;font-size: 12pt;&quot;&gt;&lt;span style=&quot;font-size: 12pt;&quot;&gt;Working-level ability to execute toward the completion of a complex project spanning multiple disciplines and teams.&lt;/span&gt;&lt;/li&gt;
&lt;li style=&quot;font-size: 12pt;&quot;&gt;&lt;span style=&quot;font-size: 12pt;&quot;&gt;Highly skilled and proficient in discipline; conducts routine work under minimal supervision.&lt;/span&gt;&lt;/li&gt;
&lt;li style=&quot;font-size: 12pt;&quot;&gt;&lt;span style=&quot;font-size: 12pt;&quot;&gt;Excellent interpersonal, verbal, and written communication skills to build trust and strong working relationships, effectively create and proofread documents and reports, and communicate with a diverse workforce.&lt;/span&gt;&lt;/li&gt;
&lt;li style=&quot;font-size: 12pt;&quot;&gt;&lt;span style=&quot;font-size: 12pt;&quot;&gt;Keen attention to detail to identify problems and processes that don&#39;t comply with protocol.&lt;/span&gt;&lt;/li&gt;
&lt;li style=&quot;font-size: 12pt;&quot;&gt;&lt;span style=&quot;font-size: 12pt;&quot;&gt;Critical and logical thinking to identify problems and provide solutions that ensure efficiency, safety, and quality.&lt;/span&gt;&lt;/li&gt;
&lt;li style=&quot;font-size: 12pt;&quot;&gt;&lt;span style=&quot;font-size: 12pt;&quot;&gt;Strong business insight and judgment, team orientation, and collaborative style. Daily work and decision-making consider long-term and overall organizational impact.&lt;/span&gt;&lt;/li&gt;
&lt;li style=&quot;font-size: 12pt;&quot;&gt;&lt;span style=&quot;font-size: 12pt;&quot;&gt;Strong time management and organizational skills to plan, develop, coordinate resources, prioritize effectively, and manage competing demands in a fast-paced environment with frequent interruptions.&lt;/span&gt;&lt;/li&gt;
&lt;/ul&gt;
&lt;h2&gt;&lt;span style=&quot;font-size: 12pt;&quot;&gt;Bonus Points!&lt;/span&gt;&lt;/h2&gt;
&lt;ul&gt;
&lt;li style=&quot;font-size: 12pt;&quot;&gt;&lt;span style=&quot;font-size: 12pt;&quot;&gt;Experience with closed course testing&lt;/span&gt;&lt;/li&gt;
&lt;/ul&gt;
&lt;h2&gt;&lt;span style=&quot;font-size: 12pt;&quot;&gt;Perks of Being a Full-time Torc&#39;r&lt;/span&gt;&lt;/h2&gt;
&lt;p&gt;&lt;span style=&quot;font-size: 12pt;&quot;&gt;Torc cares about our team members and we strive to provide benefits and resources to support their health, work/life balance, and future. Our culture is collaborative, energetic, and team focused. Torc offers:&lt;/span&gt;&lt;/p&gt;
&lt;ul&gt;
&lt;li style=&quot;font-size: 12pt;&quot;&gt;&lt;span style=&quot;font-size: 12pt;&quot;&gt;A competitive compensation package that includes a bonus component and stock options&lt;/span&gt;&lt;/li&gt;
&lt;li style=&quot;font-size: 12pt;&quot;&gt;&lt;span style=&quot;font-size: 12pt;&quot;&gt;100% paid medical, dental, and vision premiums for full-time employees&lt;/span&gt;&lt;/li&gt;
&lt;li style=&quot;font-size: 12pt;&quot;&gt;&lt;span style=&quot;font-size: 12pt;&quot;&gt;401K plan with a 6% employer match&lt;/span&gt;&lt;/li&gt;
&lt;li style=&quot;font-size: 12pt;&quot;&gt;&lt;span style=&quot;font-size: 12pt;&quot;&gt;Flexibility in schedule and generous paid vacation (available immediately after start date)&lt;/span&gt;&lt;/li&gt;
&lt;li style=&quot;font-size: 12pt;&quot;&gt;&lt;span style=&quot;font-size: 12pt;&quot;&gt;AD+D and Life Insurance&lt;/span&gt;&lt;/li&gt;
&lt;/ul&gt;
&lt;h2&gt;&lt;span style=&quot;font-size: 12pt;&quot;&gt;Inclusion and Belonging Statement&lt;/span&gt;&lt;/h2&gt;
&lt;p&gt;&lt;span style=&quot;font-size: 12pt;&quot;&gt;At Torc, we&#39;re committed to building a diverse and inclusive workplace. We celebrate the uniqueness of our Torc&#39;rs and do not discriminate based on race, religion, color, national origin, gender (including pregnancy, childbirth, or related medical conditions), sexual orientation, gender identity, gender expression, age, veteran status, or disabilities.&lt;/span&gt;&lt;/p&gt;
&lt;p&gt;&lt;span style=&quot;font-size: 12pt;&quot;&gt;Even if you don&#39;t meet 100% of the qualifications listed for this opportunity, we encourage you to apply.&lt;/span&gt;&lt;/p&gt;
&lt;h2&gt;&lt;span style=&quot;font-size: 12pt;&quot;&gt;Job ID: 102921&lt;/span&gt;&lt;/h2&gt;&lt;div class=&quot;content-pay-transparency&quot;&gt;&lt;div class=&quot;pay-input&quot;&gt;&lt;div class=&quot;description&quot;&gt;&lt;span style=&quot;text-decoration: underline;&quot;&gt;&lt;strong&gt;Hiring Range for Job Opening&amp;nbsp;&lt;/strong&gt;&lt;/span&gt;&lt;/div&gt;&lt;div class=&quot;title&quot;&gt;US Pay Range&lt;/div&gt;&lt;div class=&quot;pay-range&quot;&gt;&lt;span&gt;$108,900&lt;/span&gt;&lt;span class=&quot;divider&quot;&gt;&amp;mdash;&lt;/span&gt;&lt;span&gt;$130,700 USD&lt;/span&gt;&lt;/div&gt;&lt;/div&gt;&lt;/div&gt;",US,"Fort Worth, Texas",https://job-boards.greenhouse.io/torcrobotics/jobs/8687885002,"2026-08-07T16:19:15-04:00",Full Time,2026-08-31 20:56:55.376 +0700,1
greenhouse,Wayve,Machine Learning Engineer (Closed Loop),"&lt;div class=&quot;content-intro&quot;&gt;&lt;h2&gt;&lt;strong&gt;About us&amp;nbsp;&lt;/strong&gt;&amp;nbsp;&amp;nbsp;&lt;/h2&gt;
&lt;p&gt;Founded in 2017, Wayve is the leading developer of Embodied AI technology.&amp;nbsp; Our advanced AI software and foundation models enable vehicles to perceive, understand, and navigate any complex environment, enhancing the usability and safety of automated driving systems.&lt;/p&gt;
&lt;p&gt;Our vision is to create autonomy that propels the world forward.&amp;nbsp; Our intelligent, mapless, and hardware-agnostic AI products are designed for automakers, accelerating the transition from assisted to automated driving.&amp;nbsp; &lt;br&gt;&lt;br&gt;In our fast-paced environment big problems ignite us—we embrace uncertainty, leaning into complex challenges to unlock groundbreaking solutions. We aim high and stay humble in our pursuit of excellence, constantly learning and evolving as we pave the way for a smarter, safer future.&lt;/p&gt;
&lt;p&gt;At Wayve, your contributions matter.&amp;nbsp; We value diversity, embrace new perspectives, and foster an inclusive work environment; we back each other to deliver impact.&amp;nbsp;&amp;nbsp;&lt;/p&gt;
&lt;p&gt;Make Wayve the experience that defines your career!&amp;nbsp;&amp;nbsp;&lt;/p&gt;&lt;/div&gt;&lt;h2&gt;&lt;strong&gt;The role&lt;/strong&gt;&lt;/h2&gt;
&lt;p&gt;Generative simulation is the team that is advancing our end-to-end autonomous driving research. The team’s mission is to accelerate our journey to AV2.0 and ensure the future success of Wayve by incubating and investing in new ideas that have the potential to become game-changing technological advances for the company.&lt;/p&gt;
&lt;p&gt;Where you’ll have impact:&lt;/p&gt;
&lt;p&gt;This role would sit within Simulation focusing on unlocking disruptive innovation that solves self-driving. We believe the next leap in autonomy comes from a world model that is faithful enough, and fast enough, to train and evaluate driving models in closed loop — not only to replay logs.&lt;/p&gt;
&lt;p&gt;As a Machine Learning Engineer in the Simulation team, you’ll play a key role in developing next-generation world models and planners that can simulate complex, diverse, and temporally consistent driving environments. These generative simulation models (like GAIA) will power faster training, broader testing, and scalable deployment—even in areas and scenarios we’ve never driven in before.&lt;/p&gt;
&lt;p&gt;As we push toward the next generation of GAIA, efficiency and interactivity become a great focus area: models must run &lt;em&gt;thousands&lt;/em&gt; of roll-outs per second, support closed-loop agent interaction and fit within practical compute budgets. This role will lead that leap.&lt;/p&gt;
&lt;p&gt;You’ll work at the intersection of machine learning research, multi-modal modeling, and real-world deployment tackling questions like:&lt;/p&gt;
&lt;ul&gt;
&lt;li&gt;How can we deploy AVs in a new geography without collecting any real-world data?&lt;/li&gt;
&lt;li&gt;Can synthetically generated environments fully replace physical testing and data collection?&lt;/li&gt;
&lt;/ul&gt;
&lt;p&gt;&amp;nbsp;&lt;/p&gt;
&lt;p&gt;&lt;strong&gt;Key responsibilities&lt;/strong&gt;&lt;/p&gt;
&lt;p&gt;You will be a senior technical contributor inside &lt;strong&gt;Simulation&lt;/strong&gt;, the team that incubates breakthrough ideas for Wayve. Your mandate:&lt;/p&gt;
&lt;ul&gt;
&lt;li&gt;&lt;strong&gt;Invent&lt;/strong&gt; next-generation, &lt;em&gt;efficient&lt;/em&gt; generative world-models (diffusion, transformer or hybrid) that deliver real-time roll-outs and controllable scene editing.&lt;/li&gt;
&lt;li&gt;&lt;strong&gt;Architect interactive world models&lt;/strong&gt; where agents (or humans) can step the model, enabling reinforcement learning, planning and safety evaluation loops.&lt;/li&gt;
&lt;li&gt;&lt;strong&gt;Optimise end-to-end performance&lt;/strong&gt; – from latent compression to context pruning your aim is to reduce inference latency by orders of magnitude.&lt;/li&gt;
&lt;li&gt;&lt;strong&gt;Define robust metrics&lt;/strong&gt; for long-horizon coherence, physics fidelity and planner integration; run ablations and scaling studies to understand trade-offs.&lt;/li&gt;
&lt;li&gt;&lt;strong&gt;Ship impact&lt;/strong&gt;: integrate your models into closed-loop training and evaluation, and measure the sim-to-real gap against on-road driving-model results.&lt;/li&gt;
&lt;li&gt;&lt;strong&gt;Mentor &amp;amp; influence&lt;/strong&gt;: guide junior researchers, shape technical road-maps, publish at top venues and represent Wayve in the community&lt;/li&gt;
&lt;li&gt;&lt;strong&gt;Challenge assumptions and drive innovation&lt;/strong&gt;: propose bold ideas, conduct ablation studies, and question conventional approaches to training and evaluation.&lt;/li&gt;
&lt;/ul&gt;
&lt;p&gt;&amp;nbsp;&lt;/p&gt;
&lt;p&gt;&lt;strong&gt;About you&lt;/strong&gt;&lt;/p&gt;
&lt;p&gt;In order to set you up for success at&amp;nbsp; Wayve, we’re looking for the following skills and experience.&lt;/p&gt;
&lt;ul&gt;
&lt;li&gt;4+ years of experience in ML research/engineering with a focus on generative video, world models.&lt;/li&gt;
&lt;li&gt;Deep knowledge in diffusion &amp;amp; latent-video models; track record of improving sampling efficiency or model throughput&lt;/li&gt;
&lt;li&gt;Experience working with high-dimensional temporal or spatial-temporal data (e.g., video, multi-sensor fusion).&lt;/li&gt;
&lt;li&gt;Strong Python and PyTorch engineering fundamentals, and experience building research-grade production tools.&lt;/li&gt;
&lt;li&gt;Strong publication record or contributions to open-source ML tooling.&lt;/li&gt;
&lt;li&gt;Ability to work collaboratively in a fast-paced, innovative, interdisciplinary team environment.&lt;/li&gt;
&lt;/ul&gt;
&lt;p&gt;&amp;nbsp;&lt;/p&gt;
&lt;p&gt;Desirable&lt;/p&gt;
&lt;ul&gt;
&lt;li&gt;Experience in AVs, robotics, simulation, or other embodied AI domains.&lt;/li&gt;
&lt;li&gt;Experience working with synthetic-to-real transfer.&lt;/li&gt;
&lt;/ul&gt;
&lt;p&gt;&amp;nbsp;&lt;/p&gt;
&lt;p&gt;Why Join Us&lt;/p&gt;
&lt;ul&gt;
&lt;li&gt;Work on transformative technology with real-world impact on mobility, safety, and AI.&lt;/li&gt;
&lt;li&gt;Access massive driving datasets, cutting-edge infrastructure, and world-class research talent.&lt;/li&gt;
&lt;li&gt;Be part of a high-trust, high-autonomy team that values creativity, experimentation, and deep thinking.&lt;/li&gt;
&lt;li&gt;Publish, share, and shape the future of generative AI for autonomy.&lt;/li&gt;
&lt;/ul&gt;
&lt;p&gt;This is a full-time role based in our office in London.&amp;nbsp; At Wayve we want the best of all worlds so we operate a hybrid working policy that combines time together in our offices and workshops to fuel innovation, culture, relationships and learning, and time spent working from home. &amp;nbsp; We operate core working hours so you can determine the schedule that works best for you and your team.&amp;nbsp;&amp;nbsp;&lt;/p&gt;&lt;div class=&quot;content-conclusion&quot;&gt;&lt;p&gt;&lt;span class=&quot;notion-enable-hover&quot; data-token-index=&quot;0&quot;&gt;Wayve is committed to creating an inclusive interview experience. If you require any accommodations or adjustments to participate fully in our interview process, please let us know.&lt;br&gt;&lt;/span&gt;&lt;/p&gt;
&lt;p&gt;We understand that everyone has a unique set of skills and experiences and that not everyone will meet all of the requirements listed above. If you’re passionate about self-driving cars and think you have what it takes to make a positive impact on the world, we encourage you to apply.&lt;br&gt;&lt;br&gt;At Wayve we&#39;re committed to creating a diverse, fair and respectful culture that is inclusive of everyone based on their unique skills and perspectives, and regardless of sex, race, religion or belief, ethnic or national origin, disability, age, citizenship, marital, domestic or civil partnership status, sexual orientation, gender identity, veteran status, pregnancy or related condition&amp;nbsp; (including breastfeeding) or any other basis as protected by applicable law. &amp;nbsp;&lt;/p&gt;
&lt;p&gt;For more information visit &lt;a href=&quot;https://wayve.ai/careers/&quot;&gt;Careers at Wayve.&amp;nbsp;&lt;/a&gt;&lt;/p&gt;
&lt;p&gt;To learn more about what drives us, visit &lt;a href=&quot;https://wayve.ai/careers/&quot;&gt;Values at Wayve&amp;nbsp;&lt;/a&gt;&lt;/p&gt;
&lt;p&gt;For US candidates only, please visit &lt;a href=&quot;https://drive.google.com/file/d/1N46n3iN0AG8EPEO-hCanyyv7hzz8KgT_/view?usp=sharing&quot;&gt;E-Verify Notice&lt;/a&gt; and &lt;a href=&quot;https://www.ussc.gov/sites/default/files/pdf/employment/RightToWork.pdf&quot;&gt;Participation and Right to Work&lt;/a&gt;&lt;/p&gt;
&lt;hr&gt;
&lt;p&gt;DISCLAIMER: We will not ask about marriage or pregnancy, care responsibilities or disabilities in any of our job adverts or interviews. However, we do look to capture information about care responsibilities, and disabilities among other diversity information as part of an optional DEI Monitoring form to help us identify areas of improvement in our hiring process and ensure that the process is inclusive and non-discriminatory.&lt;/p&gt;
&lt;p&gt;&amp;nbsp;&lt;/p&gt;
&lt;p&gt;&amp;nbsp;&lt;/p&gt;&lt;/div&gt;",GB,London,https://wayve.firststage.co/jobs?gh_jid=8749904002,"2026-08-26T07:38:52-04:00",Full Time,2026-08-31 20:56:55.376 +0700,2
greenhouse,Waymo,ML Accelerator Architect,"&lt;div class=&quot;content-intro&quot;&gt;&lt;p&gt;Waymo is an autonomous driving technology company with the mission to be the world&#39;s most trusted driver. Since its start as the Google Self-Driving Car Project in 2009, Waymo has focused on building the Waymo Driver—The World&#39;s Most Experienced Driver™—to improve access to mobility while saving thousands of lives now lost to traffic crashes. The Waymo Driver powers Waymo’s fully autonomous ride-hail service and can also be applied to a range of vehicle platforms and product use cases. The Waymo Driver has provided over ten million rider-only trips, enabled by its experience autonomously driving over 100 million miles on public roads and tens of billions in simulation across 15+ U.S. states.&lt;/p&gt;&lt;/div&gt;&lt;p&gt;Waymo&#39;s Compute Team is tasked with a critical and exciting mission: We deliver the compute platform responsible for running the fully autonomous vehicle&#39;s software stack. To achieve our mission, we architect and create high-performance custom silicon; we develop system-level compute architectures that push the boundaries of performance, power, and latency; and we collaborate closely with many other teammates to ensure we design and optimize hardware and software for maximum performance. We are a multidisciplinary team seeking curious and talented teammates to work on one of the world&#39;s highest performance automotive compute platforms.&lt;/p&gt;
&lt;p&gt;In this role, you will report to a Hardware Engineering Manager.&lt;/p&gt;
&lt;p&gt;&amp;nbsp;&lt;/p&gt;
&lt;p&gt;&lt;strong&gt;You will:&lt;/strong&gt;&lt;/p&gt;
&lt;ul&gt;
&lt;li&gt;Analyze workloads and map them efficiently to hardware, proposing novel HW-friendly implementations and projecting performance&lt;/li&gt;
&lt;li&gt;Architect, simulate and design amazing machine learning solutions for our autonomous driving technology&lt;/li&gt;
&lt;li&gt;Work closely with compiler and model developers to influence engineering trade-offs and future model architectures&lt;/li&gt;
&lt;li&gt;Build scalable tools for simulator modeling and performance evaluation&lt;/li&gt;
&lt;li&gt;Interact with cross-functional engineering teams to identify opportunities and requirements&lt;/li&gt;
&lt;/ul&gt;
&lt;p&gt;&amp;nbsp;&lt;/p&gt;
&lt;p&gt;&lt;strong&gt;You have:&lt;/strong&gt;&lt;/p&gt;
&lt;ul&gt;
&lt;li&gt;BS degree in Computer Science or Computer Engineering or similar relevant technical field, or equivalent practical experience&lt;/li&gt;
&lt;li&gt;3+ years on designing/architecting complex, high performance architectures - CPUs, GPUs and/or ML accelerators - in the industry or through doctoral research&lt;/li&gt;
&lt;li&gt;1+ years experience with machine learning architectures, acceleration and model optimization&lt;/li&gt;
&lt;li&gt;Strong C++ programming and algorithmic problem solving skills&lt;/li&gt;
&lt;/ul&gt;
&lt;p&gt;&amp;nbsp;&lt;/p&gt;
&lt;p&gt;&lt;strong&gt;We prefer:&lt;/strong&gt;&lt;/p&gt;
&lt;ul&gt;
&lt;li&gt;1+ years modeling high performance architectures in cycle-aware simulators&lt;/li&gt;
&lt;li&gt;Track record of analyzing workloads and architecting, delivering novel HW+SW solutions to vastly improve performance, efficiency&lt;/li&gt;
&lt;li&gt;Familiarity with ML model architectures and their compute characteristics (bottlenecks, optimization opportunities)&lt;/li&gt;
&lt;li&gt;Experience with microarchitecture design (SystemVerilog or HLS)&lt;/li&gt;
&lt;/ul&gt;
&lt;p&gt;#LI-Hybrid&lt;/p&gt;&lt;div class=&quot;content-pay-transparency&quot;&gt;&lt;div class=&quot;pay-input&quot;&gt;&lt;div class=&quot;description&quot;&gt;&lt;p&gt;&lt;span style=&quot;font-weight: 400;&quot;&gt;The expected base salary range for this full-time position across US locations is listed below. Actual starting pay will be based on job-related factors, including exact work location, experience, relevant training and education, and skill level. Your recruiter can share more about the specific salary range for the role location or, if the role can be performed remote, the specific salary range for your preferred location, during the hiring process.&amp;nbsp;&lt;/span&gt;&lt;/p&gt;
&lt;p&gt;&lt;span style=&quot;font-weight: 400;&quot;&gt;Waymo employees are also eligible to participate in Waymo’s discretionary annual bonus program, equity incentive plan, and generous Company benefits program, subject to eligibility requirements.&amp;nbsp;&lt;/span&gt;&lt;/p&gt;&lt;/div&gt;&lt;div class=&quot;title&quot;&gt;Salary Range&lt;/div&gt;&lt;div class=&quot;pay-range&quot;&gt;&lt;span&gt;$170,000&lt;/span&gt;&lt;span class=&quot;divider&quot;&gt;&amp;mdash;&lt;/span&gt;&lt;span&gt;$216,000 USD&lt;/span&gt;&lt;/div&gt;&lt;/div&gt;&lt;/div&gt;",US,"Mountain View, CA, US; New York City, NY, US",https://careers.withwaymo.com/jobs?gh_jid=7509005,"2026-01-05T10:55:26-05:00",Full Time,2026-08-31 20:56:55.376 +0700,3
greenhouse,Wayve,"Principal Machine Learning Engineer, Geometric Vision","&lt;div class=&quot;content-intro&quot;&gt;&lt;h2&gt;&lt;strong&gt;About us&amp;nbsp;&lt;/strong&gt;&amp;nbsp;&amp;nbsp;&lt;/h2&gt;
&lt;p&gt;Founded in 2017, Wayve is the leading developer of Embodied AI technology.&amp;nbsp; Our advanced AI software and foundation models enable vehicles to perceive, understand, and navigate any complex environment, enhancing the usability and safety of automated driving systems.&lt;/p&gt;
&lt;p&gt;Our vision is to create autonomy that propels the world forward.&amp;nbsp; Our intelligent, mapless, and hardware-agnostic AI products are designed for automakers, accelerating the transition from assisted to automated driving.&amp;nbsp; &lt;br&gt;&lt;br&gt;In our fast-paced environment big problems ignite us—we embrace uncertainty, leaning into complex challenges to unlock groundbreaking solutions. We aim high and stay humble in our pursuit of excellence, constantly learning and evolving as we pave the way for a smarter, safer future.&lt;/p&gt;
&lt;p&gt;At Wayve, your contributions matter.&amp;nbsp; We value diversity, embrace new perspectives, and foster an inclusive work environment; we back each other to deliver impact.&amp;nbsp;&amp;nbsp;&lt;/p&gt;
&lt;p&gt;Make Wayve the experience that defines your career!&amp;nbsp;&amp;nbsp;&lt;/p&gt;&lt;/div&gt;&lt;h2&gt;&lt;strong&gt;The role&amp;nbsp;&lt;/strong&gt;&lt;/h2&gt;
&lt;p&gt;As a Principal Engineer on the Model Foundations team you will&amp;nbsp; build the geometric vision and 3D foundation models that underpin our autonomous driving systems.You will work at the intersection of large-scale deep learning, geometric computer vision, and real-world robotics, developing models that learn 3D structure and dynamics from fleet-scale sensor data.&lt;/p&gt;
&lt;p&gt;You will be a hands-on technical leader. You will set direction for geometric vision, prototype and train new model architectures, build the data and supervision needed to scale them, and take successful ideas through to deployment on real vehicles.&lt;/p&gt;
&lt;p&gt;&lt;strong&gt;Key responsibilities&lt;/strong&gt;&lt;/p&gt;
&lt;ul&gt;
&lt;li&gt;Design and train 3D foundation models and world models using large-scale driving data.&lt;/li&gt;
&lt;li&gt;Develop model architectures for 3D perception, geometric reasoning, reconstruction, and world modeling across space and time.&lt;/li&gt;
&lt;li&gt;Build scalable data generation and auto-labeling pipelines that produce high-quality geometric supervision from large volumes of sensor data.&lt;/li&gt;
&lt;li&gt;Develop and scale offline SLAM and 3D reconstruction systems and pipelines, using large-scale sensor data to recover accurate trajectories, scene geometry, calibration signals, and geometric supervision for model training and evaluation.&lt;/li&gt;
&lt;li&gt;Develop and apply techniques in multi-view geometry, neural rendering, NeRFs, Gaussian Splatting, implicit 3D representations, and feedforward 3D modeling.&lt;/li&gt;
&lt;li&gt;Explore geometry-aware tokenization and representation learning, including efficient ways to encode and fuse information across cameras, viewpoints, time, and sensing modalities.&lt;/li&gt;
&lt;li&gt;Develop foundation vision models that make effective use of camera, radar, LiDAR, and other sensor data for learning rich representations of the physical world.&lt;/li&gt;
&lt;li&gt;Explore video and generative modeling approaches for learning scene structure, dynamics, and future evolution from driving data.&lt;/li&gt;
&lt;li&gt;Train and evaluate models at scale on distributed compute, rapidly iterating on architectures, objectives, data, and training recipes.&lt;/li&gt;
&lt;li&gt;Develop automated evaluation and ground-truth systems for measuring geometric consistency, reconstruction quality, 3D understanding, and downstream driving performance.&lt;/li&gt;
&lt;li&gt;Optimize and deploy models into production autonomous-driving systems, working across model architecture, inference, and onboard constraints.&lt;/li&gt;
&lt;li&gt;Set technical direction for geometric vision at Wayve and work closely with researchers and engineers across foundation models, perception, simulation, data, sensing, and deployment.&lt;/li&gt;
&lt;/ul&gt;
&lt;h2&gt;&lt;strong&gt;About you&lt;/strong&gt;&amp;nbsp;&amp;nbsp;&lt;/h2&gt;
&lt;p&gt;In order to set you up for success as a Principal Machine Learning Engineer, Geometric Vision at Wayve, we’re looking for the following skills and experience. &amp;nbsp;&lt;/p&gt;
&lt;p&gt;&lt;strong&gt;Essential&lt;/strong&gt;&amp;nbsp;&lt;/p&gt;
&lt;ul&gt;
&lt;li&gt;Deep expertise in 3D computer vision, geometric vision, or 3D machine learning, with experience in areas such as multi-view geometry, neural rendering, reconstruction, implicit representations, or world modeling.&lt;/li&gt;
&lt;li&gt;Strong experience designing, training, and evaluating modern deep-learning models at scale, using PyTorch or a comparable framework.&lt;/li&gt;
&lt;li&gt;Strong mathematical and technical foundations in geometry, linear algebra, probability, optimization, and 3D transformations, combined with excellent software engineering skills in Python and C++&lt;/li&gt;
&lt;li&gt;A track record of taking difficult research problems from idea to working system, including building large-scale data, training, evaluation, or deployment pipelines.&lt;/li&gt;
&lt;li&gt;Principal-level technical leadership: the ability to identify high-leverage problems, set research and engineering direction, make strong architectural decisions, and raise the technical bar across teams.&lt;/li&gt;
&lt;/ul&gt;
&lt;p&gt;&lt;strong&gt;Desirable&lt;/strong&gt;&amp;nbsp;&lt;/p&gt;
&lt;ul&gt;
&lt;li&gt;3D and geometric vision: multi-view geometry, dense 3D reconstruction, neural fields, NeRFs, Gaussian Splatting, or feedforward 3D models.&lt;/li&gt;
&lt;li&gt;Foundation and world models: large-scale vision pre-training, self-supervised learning, video models, generative models, or learned scene dynamics.&lt;/li&gt;
&lt;li&gt;Geometric data engines: offline SLAM, structure-from-motion, reconstruction, calibration, auto-labeling, and large-scale ground-truth generation.&lt;/li&gt;
&lt;li&gt;Multimodal perception: learned representations and fusion across camera, radar, LiDAR, and other sensing modalities.&lt;/li&gt;
&lt;li&gt;Production ML systems: distributed training, large-scale experimentation, and deploying neural networks on real-time, resource-constrained hardware.&lt;/li&gt;
&lt;/ul&gt;
&lt;p&gt;&lt;br&gt;This is a full-time role based in our office in Sunnyvale.&amp;nbsp; At Wayve we want the best of all worlds so we operate a hybrid working policy that combines time together in our offices and workshops to fuel innovation, culture, relationships and learning, and time spent working from home. The reasonably estimated salary for this role ranges from $ 407,330 to $ 460,020 plus a competitive equity package. Actual compensation is based on the candidate&#39;s skills, qualifications, and experience.&lt;/p&gt;&lt;div class=&quot;content-conclusion&quot;&gt;&lt;p&gt;&lt;span class=&quot;notion-enable-hover&quot; data-token-index=&quot;0&quot;&gt;Wayve is committed to creating an inclusive interview experience. If you require any accommodations or adjustments to participate fully in our interview process, please let us know.&lt;br&gt;&lt;/span&gt;&lt;/p&gt;
&lt;p&gt;We understand that everyone has a unique set of skills and experiences and that not everyone will meet all of the requirements listed above. If you’re passionate about self-driving cars and think you have what it takes to make a positive impact on the world, we encourage you to apply.&lt;br&gt;&lt;br&gt;At Wayve we&#39;re committed to creating a diverse, fair and respectful culture that is inclusive of everyone based on their unique skills and perspectives, and regardless of sex, race, religion or belief, ethnic or national origin, disability, age, citizenship, marital, domestic or civil partnership status, sexual orientation, gender identity, veteran status, pregnancy or related condition&amp;nbsp; (including breastfeeding) or any other basis as protected by applicable law. &amp;nbsp;&lt;/p&gt;
&lt;p&gt;For more information visit &lt;a href=&quot;https://wayve.ai/careers/&quot;&gt;Careers at Wayve.&amp;nbsp;&lt;/a&gt;&lt;/p&gt;
&lt;p&gt;To learn more about what drives us, visit &lt;a href=&quot;https://wayve.ai/careers/&quot;&gt;Values at Wayve&amp;nbsp;&lt;/a&gt;&lt;/p&gt;
&lt;p&gt;For US candidates only, please visit &lt;a href=&quot;https://drive.google.com/file/d/1N46n3iN0AG8EPEO-hCanyyv7hzz8KgT_/view?usp=sharing&quot;&gt;E-Verify Notice&lt;/a&gt; and &lt;a href=&quot;https://www.ussc.gov/sites/default/files/pdf/employment/RightToWork.pdf&quot;&gt;Participation and Right to Work&lt;/a&gt;&lt;/p&gt;
&lt;hr&gt;
&lt;p&gt;DISCLAIMER: We will not ask about marriage or pregnancy, care responsibilities or disabilities in any of our job adverts or interviews. However, we do look to capture information about care responsibilities, and disabilities among other diversity information as part of an optional DEI Monitoring form to help us identify areas of improvement in our hiring process and ensure that the process is inclusive and non-discriminatory.&lt;/p&gt;
&lt;p&gt;&amp;nbsp;&lt;/p&gt;
&lt;p&gt;&amp;nbsp;&lt;/p&gt;&lt;/div&gt;",GB,Sunnyvale,https://wayve.firststage.co/jobs?gh_jid=8724862002,"2026-08-18T15:30:55-04:00",Full Time,2026-08-31 20:56:55.376 +0700,4
greenhouse,Vay,Student Ambassador,"&lt;div class=&quot;content-intro&quot;&gt;&lt;p&gt;Ever imagined saying, “I helped launch the future of transportation”?&lt;/p&gt;
&lt;p&gt;We’re rewriting the rules of urban mobility. At Vay, customers tap a button and a car arrives - with no one inside - powered by our world-first Remote Driving technology on real public streets.&lt;/p&gt;
&lt;p&gt;We’re live in Las Vegas and scaling fast, powered by a strategic investment of up to $410 million from &lt;a href=&quot;https://www.grab.com/sg/&quot;&gt;Grab&lt;/a&gt;. Our mission is simple: replace private car ownership with a faster, cleaner, door-to-door mobility model. If you want to build something real, visible, and genuinely transformative, you’ll feel right at home here.&lt;/p&gt;
&lt;p&gt;&lt;strong&gt;Curious to experience Vay yourself? Use the code &lt;em data-start=&quot;289&quot; data-end=&quot;303&quot;&gt;VAYCANDIDATE&lt;/em&gt; for $10 off your first trip in Las Vegas! Download the &quot;Vay&quot; app from the Apple or Google Play store &amp;amp; off you go!&amp;nbsp;&lt;/strong&gt;&lt;/p&gt;
&lt;h4&gt;&lt;strong&gt;What’s happening at Vay&lt;/strong&gt;&lt;/h4&gt;
&lt;ul&gt;
&lt;li&gt;First to roll out vehicles in both Europe and the USA on public roads without a human being inside &amp;amp; currently the 2nd largest commercial, driverless car fleet in the Western World.&lt;/li&gt;
&lt;li&gt;We&#39;ve partnered with &lt;a href=&quot;https://kodiak.ai/&quot;&gt;Kodiak&lt;/a&gt; to bring remote-driving technology to autonomous trucks in the US, showcasing our ability to integrate our system into heavy-duty commercial vehicles and expand the applications of our tech across the US.&lt;/li&gt;
&lt;li&gt;We’ve completed 10’s of thousands of trips so far and are busy multiplying our Las Vegas fleet just to meet demand!&lt;/li&gt;
&lt;li&gt;&lt;strong&gt;...And soon we’ll be expanding across the US &amp;amp; Europe 🚀&lt;/strong&gt;&lt;/li&gt;
&lt;/ul&gt;&lt;/div&gt;&lt;h2&gt;&lt;strong&gt;&lt;em&gt;UNLV/CSN Student Ambassador&amp;nbsp;&lt;/em&gt;&lt;/strong&gt;&lt;/h2&gt;
&lt;h2&gt;&lt;strong&gt;&lt;em&gt;Our journey so far since our launch in 2018:&lt;/em&gt;&lt;/strong&gt;&lt;/h2&gt;
&lt;p&gt;&lt;strong&gt;Revolutionary remote driving tech- &lt;/strong&gt;We built the world’s first commercial remote driving product.&lt;/p&gt;
&lt;p&gt;&lt;strong&gt;Breaking boundaries across continents- &lt;/strong&gt;First to roll out vehicles in both Europe and the USA on public roads without a human being inside &amp;amp; one of only two companies in the States operating a commercial driverless service.&lt;/p&gt;
&lt;p&gt;&lt;strong&gt;Vegas fleet on the rise- &lt;/strong&gt;Our vehicle fleet is scaling fast, from 20 to 100 cars in Las Vegas. We’re just getting started!&lt;/p&gt;
&lt;p&gt;Watch our CEO, &lt;a href=&quot;https://www.linkedin.com/in/thomas-von-der-ohe/&quot;&gt;Thomas von der Ohe&lt;/a&gt;, deliver a live news segment on CNN -&lt;a href=&quot;https://www.cnn.com/2025/01/21/business/video/vay-autonomous-cars-uber-vegas-robo-taxi-spc&quot;&gt; VayDrive&lt;/a&gt;&amp;nbsp;&lt;/p&gt;
&lt;p data-start=&quot;81&quot; data-end=&quot;634&quot;&gt;&lt;strong data-start=&quot;81&quot; data-end=&quot;110&quot;&gt;&lt;strong&gt;Discover what drives our culture-&lt;/strong&gt;&lt;a href=&quot;https://vay.io/what-we-value-at-vay/&quot;&gt;&lt;strong&gt; Explore our core values&lt;/strong&gt;&lt;/a&gt;&lt;/strong&gt;&lt;/p&gt;
&lt;p data-start=&quot;81&quot; data-end=&quot;634&quot;&gt;&lt;strong data-start=&quot;81&quot; data-end=&quot;110&quot;&gt;Why this role is awesome:&lt;/strong&gt;&lt;br data-start=&quot;110&quot; data-end=&quot;113&quot;&gt;As a Vay Student Ambassador, you’ll be at the forefront of shaping the future of urban mobility by representing an innovative car rental service that delivers vehicles driverlessly. You&#39;ll gain hands-on experience in marketing, event coordination, and digital content creation—all while making meaningful connections across your campus and community. This is an exciting opportunity to grow your personal brand, build your network, and be part of a cutting-edge tech company that&#39;s redefining transportation in Las Vegas.&lt;/p&gt;
&lt;hr data-start=&quot;636&quot; data-end=&quot;639&quot;&gt;
&lt;p data-start=&quot;641&quot; data-end=&quot;670&quot;&gt;&lt;strong data-start=&quot;641&quot; data-end=&quot;668&quot;&gt;What you&#39;ll be driving:&lt;/strong&gt;&lt;/p&gt;
&lt;ul data-start=&quot;671&quot; data-end=&quot;1251&quot;&gt;
&lt;li data-start=&quot;671&quot; data-end=&quot;770&quot;&gt;
&lt;p data-start=&quot;673&quot; data-end=&quot;770&quot;&gt;Promote Vay’s “by-minute car rental with driverless delivery” service on and around your campus&lt;/p&gt;
&lt;/li&gt;
&lt;li data-start=&quot;771&quot; data-end=&quot;844&quot;&gt;
&lt;p data-start=&quot;773&quot; data-end=&quot;844&quot;&gt;Raise brand awareness by engaging with students and community members&lt;/p&gt;
&lt;/li&gt;
&lt;li data-start=&quot;845&quot; data-end=&quot;947&quot;&gt;
&lt;p data-start=&quot;847&quot; data-end=&quot;947&quot;&gt;Create compelling social media content (Facebook, Instagram, TikTok) that showcases Vay’s services&lt;/p&gt;
&lt;/li&gt;
&lt;li data-start=&quot;948&quot; data-end=&quot;1048&quot;&gt;
&lt;p data-start=&quot;950&quot; data-end=&quot;1048&quot;&gt;Attend and help organize events on campus and in the greater Las Vegas area (including Downtown)&lt;/p&gt;
&lt;/li&gt;
&lt;li data-start=&quot;1049&quot; data-end=&quot;1142&quot;&gt;
&lt;p data-start=&quot;1051&quot; data-end=&quot;1142&quot;&gt;Launch creative guerrilla marketing campaigns to spread Vay’s mission, vision, and values&lt;/p&gt;
&lt;/li&gt;
&lt;li data-start=&quot;1143&quot; data-end=&quot;1251&quot;&gt;
&lt;p data-start=&quot;1145&quot; data-end=&quot;1251&quot;&gt;Collaborate with the customer acquisition and marketing teams to boost app downloads and user engagement&lt;/p&gt;
&lt;/li&gt;
&lt;/ul&gt;
&lt;hr data-start=&quot;1253&quot; data-end=&quot;1256&quot;&gt;
&lt;p data-start=&quot;1258&quot; data-end=&quot;1288&quot;&gt;&lt;strong data-start=&quot;1258&quot; data-end=&quot;1286&quot;&gt;What we are looking for:&lt;/strong&gt;&lt;/p&gt;
&lt;ul data-start=&quot;1289&quot; data-end=&quot;1721&quot;&gt;
&lt;li data-start=&quot;1289&quot; data-end=&quot;1375&quot;&gt;
&lt;p data-start=&quot;1291&quot; data-end=&quot;1375&quot;&gt;An outgoing, enthusiastic, and friendly personality with a drive to learn and grow&lt;/p&gt;
&lt;/li&gt;
&lt;li data-start=&quot;1376&quot; data-end=&quot;1471&quot;&gt;
&lt;p data-start=&quot;1378&quot; data-end=&quot;1471&quot;&gt;Strong communication skills (both online and offline, in English) tailored to your audience&lt;/p&gt;
&lt;/li&gt;
&lt;li data-start=&quot;1472&quot; data-end=&quot;1572&quot;&gt;
&lt;p data-start=&quot;1474&quot; data-end=&quot;1572&quot;&gt;Experience in marketing and social media, including content creation and use of scheduling tools&lt;/p&gt;
&lt;/li&gt;
&lt;li data-start=&quot;1573&quot; data-end=&quot;1658&quot;&gt;
&lt;p data-start=&quot;1575&quot; data-end=&quot;1658&quot;&gt;A well-connected individual at UNLV or CSN, with an existing network in Las Vegas&lt;/p&gt;
&lt;/li&gt;
&lt;li data-start=&quot;1659&quot; data-end=&quot;1721&quot;&gt;
&lt;p data-start=&quot;1661&quot; data-end=&quot;1721&quot;&gt;Previous experience as a Brand Ambassador is a strong plus&lt;/p&gt;
&lt;/li&gt;
&lt;/ul&gt;
&lt;h2&gt;&lt;strong&gt;&lt;em&gt;Why should you join Vay:&lt;/em&gt;&lt;/strong&gt;&lt;/h2&gt;
&lt;p&gt;🧠 &lt;strong&gt;Genius level team&lt;/strong&gt; - Work with the smartest minds from over 30 countries around the world in deep tech &amp;amp; automotive&lt;/p&gt;
&lt;p&gt;&lt;strong&gt;🌍 Huge scope for impact in a fast paced environment&lt;/strong&gt;&lt;/p&gt;
&lt;p&gt;&amp;nbsp;🍎 &lt;strong&gt;Snacks &amp;amp; Drinks in Our Downtown Las Vegas Office&lt;/strong&gt;&amp;nbsp;&lt;/p&gt;
&lt;p&gt;&lt;strong&gt;&amp;nbsp;&lt;/strong&gt;🎊 &lt;strong&gt;Fun Team Events Every Quarter&lt;/strong&gt;&lt;/p&gt;
&lt;p&gt;&amp;nbsp;&lt;/p&gt;
&lt;p&gt;&lt;strong&gt;Introduction to Vay&lt;/strong&gt;&lt;/p&gt;
&lt;p&gt;&lt;strong&gt;&lt;iframe src=&quot;https://www.youtube.com/embed/Gxgi2jaPh_A?si=NgfpmqYK_mx-LjEb&quot; width=&quot;560&quot; height=&quot;314&quot;&gt;&lt;/iframe&gt;&lt;/strong&gt;&lt;/p&gt;&lt;div class=&quot;content-conclusion&quot;&gt;&lt;p class=&quot;p1&quot;&gt;For more information on Vay’s physical demands, working environments and safety requirements, you can review this&amp;nbsp;&lt;a href=&quot;https://docs.google.com/document/d/1swEohclBwsOgx37G4NHE2szYCA6avS_aQX_WSJ7Ih8k/edit?tab=t.0#heading=h.6dlrur2mwcd9&quot;&gt;link&lt;/a&gt;. We’ll also cover anything specific to this role during the first interview.&lt;/p&gt;
&lt;p class=&quot;p1&quot;&gt;We’d love to stay connected for future opportunities, so feel free to include your LinkedIn profile when you apply.&lt;/p&gt;
&lt;p class=&quot;p1&quot;&gt;We welcome applications from all backgrounds and experiences. If you’re excited about shaping something truly groundbreaking, we’d be happy to hear from you.&lt;/p&gt;
&lt;h4 class=&quot;job-modal__content-heading&quot;&gt;&amp;nbsp;&lt;/h4&gt;&lt;/div&gt;",DE,"Las Vegas, Nevada, United States",https://job-boards.eu.greenhouse.io/vay/jobs/4281694101,"2024-01-26T06:21:51-05:00",Full Time,2026-08-31 20:56:55.376 +0700,5
greenhouse,Gatik,Buyer,"&lt;h3&gt;&lt;span style=&quot;font-family: &#39;times new roman&#39;, times, serif;&quot;&gt;Who we are&lt;/span&gt;&lt;/h3&gt;
&lt;p style=&quot;text-align: justify;&quot;&gt;&lt;span style=&quot;font-family: &#39;times new roman&#39;, times, serif;&quot;&gt;Gatik, the leader in autonomous middle-mile logistics, is revolutionizing the B2B supply chain with its autonomous transportation-as-a-service (ATaaS) solution and prioritizing safe, consistent deliveries while streamlining freight movement by reducing congestion. The company focuses on short-haul, B2B logistics for Fortune 500 retailers and in 2021 launched the world’s first fully driverless commercial transportation service with Walmart. Gatik&#39;s Class 3-7 autonomous trucks are commercially deployed across major markets, including Texas, Arkansas, and Ontario, Canada, driving innovation in freight transportation.&amp;nbsp;&lt;/span&gt;&lt;/p&gt;
&lt;p style=&quot;text-align: justify;&quot;&gt;&lt;span style=&quot;font-family: &#39;times new roman&#39;, times, serif;&quot;&gt;The company&#39;s proprietary Level 4 autonomous technology, Gatik Carrier™, is custom-built to transport freight safely and efficiently between pick-up and drop-off locations on the middle mile. With robust capabilities in both highway and urban environments, Gatik Carrier™ serves as an all-encompassing solution that integrates advanced software and hardware powering the fleet, facilitating effortless integration into customers&#39; logistics operations.&amp;nbsp;&lt;/span&gt;&lt;/p&gt;
&lt;h3&gt;&lt;span style=&quot;font-family: &#39;times new roman&#39;, times, serif;&quot;&gt;About the role&lt;/span&gt;&lt;/h3&gt;
&lt;p&gt;&lt;span style=&quot;font-family: &#39;times new roman&#39;, times, serif;&quot;&gt;We’re looking for a detail-oriented Buyer to manage day-to-day purchasing activities that keep our operations running smoothly. This role will focus on processing purchase requests, issuing purchase orders, tracking deliveries, and ensuring suppliers meet quality and delivery expectations.&lt;/span&gt;&lt;/p&gt;
&lt;p&gt;&lt;span style=&quot;font-family: &#39;times new roman&#39;, times, serif;&quot;&gt;The ideal candidate is highly organized, process-driven, and comfortable working in a fast-paced environment where accuracy and responsiveness are key.&lt;/span&gt;&lt;/p&gt;
&lt;div&gt;
&lt;div style=&quot;text-align: justify;&quot;&gt;&lt;span style=&quot;font-family: &#39;times new roman&#39;, times, serif;&quot;&gt;This role is onsite 5 days a week at our Santa Clara, CA office!&lt;/span&gt;&lt;/div&gt;
&lt;h3&gt;&lt;span style=&quot;font-family: &#39;times new roman&#39;, times, serif;&quot;&gt;What you&#39;ll do&lt;/span&gt;&lt;/h3&gt;
&lt;/div&gt;
&lt;ul&gt;
&lt;li style=&quot;font-family: &#39;times new roman&#39;, times, serif;&quot;&gt;&lt;span style=&quot;font-family: &#39;times new roman&#39;, times, serif;&quot;&gt;Review purchase requisitions, verify details, and create purchase orders (POs) in the ERP system&lt;/span&gt;&lt;/li&gt;
&lt;li style=&quot;font-family: &#39;times new roman&#39;, times, serif;&quot;&gt;&lt;span style=&quot;font-family: &#39;times new roman&#39;, times, serif;&quot;&gt;Track order status to ensure timely delivery and resolve discrepancies or delays with suppliers&lt;/span&gt;&lt;/li&gt;
&lt;li style=&quot;font-family: &#39;times new roman&#39;, times, serif;&quot;&gt;&lt;span style=&quot;font-family: &#39;times new roman&#39;, times, serif;&quot;&gt;Coordinate with internal teams (engineering, logistics, accounting) to clarify requirements and confirm receipt of goods/services&lt;/span&gt;&lt;/li&gt;
&lt;li style=&quot;font-family: &#39;times new roman&#39;, times, serif;&quot;&gt;&lt;span style=&quot;font-family: &#39;times new roman&#39;, times, serif;&quot;&gt;Maintain and update vendor information, pricing, and delivery terms&lt;/span&gt;&lt;/li&gt;
&lt;li style=&quot;font-family: &#39;times new roman&#39;, times, serif;&quot;&gt;&lt;span style=&quot;font-family: &#39;times new roman&#39;, times, serif;&quot;&gt;Process invoice and PO matching issues with Accounts Payable&lt;/span&gt;&lt;/li&gt;
&lt;li style=&quot;font-family: &#39;times new roman&#39;, times, serif;&quot;&gt;&lt;span style=&quot;font-family: &#39;times new roman&#39;, times, serif;&quot;&gt;Support inventory and materials management teams by ensuring adequate stock levels for ongoing projects&lt;/span&gt;&lt;br&gt;&lt;span style=&quot;font-family: &#39;times new roman&#39;, times, serif;&quot;&gt;Maintain accurate purchasing records and generate routine reports on PO status, spend, and delivery performance&lt;/span&gt;&lt;/li&gt;
&lt;li style=&quot;font-family: &#39;times new roman&#39;, times, serif;&quot;&gt;&lt;span style=&quot;font-family: &#39;times new roman&#39;, times, serif;&quot;&gt;Adhere to company purchasing policies, approval workflows, and compliance standards&lt;/span&gt;&lt;/li&gt;
&lt;/ul&gt;
&lt;h3&gt;&lt;span style=&quot;font-family: &#39;times new roman&#39;, times, serif;&quot;&gt;What we&#39;re looking for&lt;/span&gt;&lt;/h3&gt;
&lt;ul&gt;
&lt;li style=&quot;font-family: &#39;times new roman&#39;, times, serif;&quot;&gt;&lt;span style=&quot;font-family: &#39;times new roman&#39;, times, serif;&quot;&gt;Associate’s or Bachelor’s degree in Business, Supply Chain, Operations, or related field.&lt;/span&gt;&lt;/li&gt;
&lt;li style=&quot;font-family: &#39;times new roman&#39;, times, serif;&quot;&gt;&lt;span style=&quot;font-family: &#39;times new roman&#39;, times, serif;&quot;&gt;2-6 years of purchasing or procurement coordination experience, preferably in a manufacturing, logistics, or technology environment.&lt;/span&gt;&lt;/li&gt;
&lt;li style=&quot;font-family: &#39;times new roman&#39;, times, serif;&quot;&gt;&lt;span style=&quot;font-family: &#39;times new roman&#39;, times, serif;&quot;&gt;Hands-on experience with ERP systems (e.g., NetSuite, SAP, Oracle, or Coupa).&lt;/span&gt;&lt;/li&gt;
&lt;li style=&quot;font-family: &#39;times new roman&#39;, times, serif;&quot;&gt;&lt;span style=&quot;font-family: &#39;times new roman&#39;, times, serif;&quot;&gt;Strong attention to detail, organization, and follow-through.&lt;/span&gt;&lt;/li&gt;
&lt;li style=&quot;font-family: &#39;times new roman&#39;, times, serif;&quot;&gt;&lt;span style=&quot;font-family: &#39;times new roman&#39;, times, serif;&quot;&gt;Excellent communication skills and ability to multitask in a fast-paced setting.&lt;/span&gt;&lt;/li&gt;
&lt;li style=&quot;font-family: &#39;times new roman&#39;, times, serif;&quot;&gt;&lt;span style=&quot;font-family: &#39;times new roman&#39;, times, serif;&quot;&gt;Experience purchasing mechanical, electrical, or production materials.&lt;/span&gt;&lt;/li&gt;
&lt;li style=&quot;font-family: &#39;times new roman&#39;, times, serif;&quot;&gt;&lt;span style=&quot;font-family: &#39;times new roman&#39;, times, serif;&quot;&gt;Familiarity with purchase order lifecycles and procurement documentation.&lt;/span&gt;&lt;/li&gt;
&lt;li style=&quot;font-family: &#39;times new roman&#39;, times, serif;&quot;&gt;&lt;span style=&quot;font-family: &#39;times new roman&#39;, times, serif;&quot;&gt;Intermediate Excel or Google Sheets skills for tracking and reporting.&lt;/span&gt;&lt;/li&gt;
&lt;li style=&quot;font-family: &#39;times new roman&#39;, times, serif;&quot;&gt;&lt;span style=&quot;font-family: &#39;times new roman&#39;, times, serif;&quot;&gt;Basic understanding of inventory control or MRP concepts.&lt;/span&gt;&lt;/li&gt;
&lt;/ul&gt;
&lt;p&gt;&lt;span style=&quot;font-family: &#39;times new roman&#39;, times, serif;&quot;&gt;Salary Ranges - $80,000- $120,000&lt;/span&gt;&lt;/p&gt;
&lt;h3&gt;&lt;span style=&quot;font-family: &#39;times new roman&#39;, times, serif;&quot;&gt;More about Gatik&lt;/span&gt;&lt;/h3&gt;
&lt;p&gt;&lt;span style=&quot;font-family: &#39;times new roman&#39;, times, serif;&quot;&gt;Founded in 2017 by experts in autonomous vehicle technology, Gatik has rapidly expanded its presence to Mountain View, Dallas-Fort Worth, Arkansas, and Toronto. As the &lt;em&gt;first and only&lt;/em&gt; company to achieve fully driverless middle-mile commercial deliveries, Gatik holds a unique and defensible position in the AV industry, with a clear trajectory toward sustainable growth and profitability.&lt;/span&gt;&lt;/p&gt;
&lt;p&gt;&lt;span style=&quot;font-family: &#39;times new roman&#39;, times, serif;&quot;&gt;We have delivered complete, proprietary AV technology - an integration of software and hardware - to enable earlier successes for our clients in constrained Level 4 autonomy.&amp;nbsp; By choosing the middle mile – with defined point-to-point delivery, we have simplified some of the more complex AV challenges, enabling us to achieve full autonomy ahead of competitors. Given extensive knowledge of Gatik’s well-defined, fixed route ODDs and hybrid architecture, we are able to hyper-optimize our models with exponentially less data, establish gate-keeping mechanisms to maintain explainability, and ensure continued safety of the system for unmanned operations.&lt;/span&gt;&lt;/p&gt;
&lt;p&gt;&lt;span style=&quot;font-family: &#39;times new roman&#39;, times, serif;&quot;&gt;Visit us at &lt;span style=&quot;text-decoration: underline;&quot;&gt;&lt;a href=&quot;http://gatik.ai/&quot;&gt;Gatik&lt;/a&gt;&lt;/span&gt; for more company information and &lt;span style=&quot;text-decoration: underline;&quot;&gt;&lt;a href=&quot;https://gatik.ai/careers/&quot;&gt;Careers at Gatik&lt;/a&gt;&lt;/span&gt; for more open roles.&lt;/span&gt;&lt;/p&gt;
&lt;h3&gt;&lt;span style=&quot;font-family: &#39;times new roman&#39;, times, serif;&quot;&gt;Notable News&lt;/span&gt;&lt;/h3&gt;
&lt;ul&gt;
&lt;li style=&quot;font-family: &#39;times new roman&#39;, times, serif;&quot;&gt;&lt;span style=&quot;font-family: &#39;times new roman&#39;, times, serif;&quot;&gt;Bloomberg: &lt;span style=&quot;text-decoration: underline;&quot;&gt;&lt;a href=&quot;https://www.bloomberg.com/news/articles/2026-01-27/autonomous-trucking-firm-gatik-inks-contracts-worth-600-million&quot;&gt;Autonomous Trucking Firm Gatik Inks Contracts Worth $600 Million&lt;/a&gt;&lt;/span&gt;&lt;/span&gt;&lt;/li&gt;
&lt;li style=&quot;font-family: &#39;times new roman&#39;, times, serif;&quot;&gt;&lt;span style=&quot;font-family: &#39;times new roman&#39;, times, serif;&quot;&gt;Forbes: &lt;span style=&quot;text-decoration: underline;&quot;&gt;&lt;a href=&quot;https://www.forbes.com/sites/alanohnsman/2026/01/28/hundreds-of-gatik-robot-delivery-trucks-headed-for-us-roads/?utm_campaign=ForbesMainLI&amp;amp;utm_source=ForbesMainLinkedIn&amp;amp;utm_medium=social&quot;&gt;Hundreds’ Of Gatik Robot Delivery Trucks Headed For U.S. Roads&lt;/a&gt;&lt;/span&gt;&lt;/span&gt;&lt;/li&gt;
&lt;li style=&quot;font-family: &#39;times new roman&#39;, times, serif;&quot;&gt;&lt;span style=&quot;font-family: &#39;times new roman&#39;, times, serif;&quot;&gt;Forbes:&lt;a href=&quot;https://www.forbes.com/sites/richardbishop1/2025/09/23/gatik-and-loblaw-announce-largest-commercial-deployment-of-av-trucks/&quot;&gt;&lt;span style=&quot;text-decoration: underline;&quot;&gt;Gatik And Loblaw Announce Largest Commercial Deployment Of AV Trucks&lt;/span&gt;&lt;/a&gt;&lt;/span&gt;&lt;/li&gt;
&lt;li style=&quot;font-family: &#39;times new roman&#39;, times, serif;&quot;&gt;&lt;span style=&quot;font-family: &#39;times new roman&#39;, times, serif;&quot;&gt;Forbes:&amp;nbsp;&lt;span style=&quot;text-decoration: underline;&quot;&gt;&lt;a href=&quot;https://www.forbes.com/sites/alanohnsman/2023/09/05/forget-robotaxis-upstart-gatik-sees-middle-mile-deliveries-as-the-path-to-profitable-avs/?sh=52b7a7866e61&quot;&gt;Forget robotaxis. Upstart Gatik sees middle-mile deliveries as the path to profitable AVs&lt;/a&gt;&lt;/span&gt;&lt;/span&gt;&lt;/li&gt;
&lt;li style=&quot;font-family: &#39;times new roman&#39;, times, serif;&quot;&gt;&lt;span style=&quot;font-family: &#39;times new roman&#39;, times, serif;&quot;&gt;Tech Brew: &lt;span style=&quot;text-decoration: underline;&quot;&gt;&lt;a href=&quot;https://www.emergingtechbrew.com/stories/2024/09/06/gatik-ai-richard-steiner-regulations-av-industry&quot;&gt;Gatik AI exec unpacks the regulations that could shape the AV industry&lt;/a&gt;&lt;/span&gt;&lt;/span&gt;&lt;/li&gt;
&lt;li style=&quot;font-family: &#39;times new roman&#39;, times, serif;&quot;&gt;&lt;span style=&quot;font-family: &#39;times new roman&#39;, times, serif;&quot;&gt;Business Wire: &lt;span style=&quot;text-decoration: underline;&quot;&gt;&lt;a href=&quot;https://www.businesswire.com/news/home/20241008155613/en/Gatik-Paves-the-Way-for-Safe-Driverless-Operations-%E2%80%98Freight-Only%E2%80%99-at-Scale-with-Industry-First-Third-Party-Safety-Assessment-Framework&quot;&gt;Gatik Paves the Way for Safe Driverless Operations (‘Freight-Only’) at Scale with Industry-First Third-Party Safety Assessment Framework&lt;/a&gt;&lt;/span&gt;&lt;/span&gt;&lt;/li&gt;
&lt;li style=&quot;font-family: &#39;times new roman&#39;, times, serif;&quot;&gt;&lt;span style=&quot;font-family: &#39;times new roman&#39;, times, serif;&quot;&gt;Auto Futures: &lt;span style=&quot;text-decoration: underline;&quot;&gt;&lt;a href=&quot;https://www.autofutures.tv/news-features/autonomous-trucking-group-gatik-secures-investment-from-nippon-express-holdings/s/e125e5df-220b-42b6-b2df-754f54d602a9&quot;&gt;Autonomous Trucking Group Gatik Secures Investment From NIPPON EXPRESS HOLDINGS&lt;/a&gt;&lt;/span&gt;&lt;/span&gt;&lt;/li&gt;
&lt;li style=&quot;font-family: &#39;times new roman&#39;, times, serif;&quot;&gt;&lt;span style=&quot;font-family: &#39;times new roman&#39;, times, serif;&quot;&gt;Automotive News: &lt;span style=&quot;text-decoration: underline;&quot;&gt;&lt;a href=&quot;https://www.autonews.com/mobility-report/gatik-prepares-launch-self-driving-trucks-scale&quot;&gt;Gatik foresees hundreds of self-driving trucks on road soon, and that&#39;s just the beginning&lt;/a&gt;&lt;/span&gt;&lt;/span&gt;&lt;/li&gt;
&lt;li style=&quot;font-family: &#39;times new roman&#39;, times, serif;&quot;&gt;&lt;span style=&quot;font-family: &#39;times new roman&#39;, times, serif;&quot;&gt;Forbes: &lt;span style=&quot;text-decoration: underline;&quot;&gt;&lt;a href=&quot;https://www.forbes.com/sites/richardbishop1/2024/05/30/isuzu-and-gatik-go-all-in-to-scale-up-driverless-freight-services/&quot;&gt;Isuzu And Gatik Go All In To Scale Up Driverless Freight Services&lt;/a&gt;&lt;/span&gt;&lt;/span&gt;&lt;/li&gt;
&lt;li style=&quot;font-family: &#39;times new roman&#39;, times, serif;&quot;&gt;&lt;span style=&quot;font-family: &#39;times new roman&#39;, times, serif;&quot;&gt;Bloomberg: &lt;span style=&quot;text-decoration: underline;&quot;&gt;&lt;a href=&quot;https://www.bloomberg.com/news/newsletters/2024-05-24/autonomous-vehicle-startup-takes-off-by-picking-off-easier-routes&quot;&gt;Autonomous Vehicle Startup Takes Off by Picking Off Easier Routes&lt;/a&gt;&lt;/span&gt;&lt;/span&gt;&lt;/li&gt;
&lt;li style=&quot;font-family: &#39;times new roman&#39;, times, serif;&quot;&gt;&lt;span style=&quot;font-family: &#39;times new roman&#39;, times, serif;&quot;&gt;Reuters: &lt;span style=&quot;text-decoration: underline;&quot;&gt;&lt;a href=&quot;https://www.reuters.com/technology/driverless-vehicles-limited-routes-bump-along-despite-us-robotaxi-scrutiny-2023-12-13/&quot;&gt;Driverless vehicles on limited routes bump along despite US robotaxi scrutiny&lt;/a&gt;&lt;/span&gt;&lt;/span&gt;&lt;/li&gt;
&lt;/ul&gt;
&lt;h3&gt;&lt;span style=&quot;font-family: &#39;times new roman&#39;, times, serif;&quot;&gt;Taking care of our team&lt;/span&gt;&lt;/h3&gt;
&lt;p style=&quot;text-align: justify;&quot;&gt;&lt;span style=&quot;font-family: &#39;times new roman&#39;, times, serif;&quot;&gt;At Gatik, we connect people of extraordinary talent and experience to an opportunity to create a more resilient supply chain and contribute to our environment’s sustainability. We are diverse in our backgrounds and perspectives yet united by a bold vision and shared commitment to our values. Our culture emphasizes the importance of collaboration, respect and agility.&lt;/span&gt;&lt;/p&gt;
&lt;p style=&quot;text-align: justify;&quot;&gt;&lt;span style=&quot;font-family: &#39;times new roman&#39;, times, serif;&quot;&gt;We at Gatik strive to create a diverse and inclusive environment where everyone feels they have opportunities to succeed and grow because we know that together we can do great things. We are committed to an inclusive and diverse team. We do not discriminate based on race, color, ethnicity, ancestry, national origin, religion, sex, gender, gender identity, gender expression, sexual orientation, age, disability, veteran status, genetic information, marital status or any legally protected status.&lt;/span&gt;&lt;/p&gt;
&lt;p style=&quot;text-align: justify;&quot;&gt;&amp;nbsp;&lt;/p&gt;",US,"Santa Clara, CA",https://boards.greenhouse.io/gatikaiinc/jobs/4608410006?gh_jid=4608410006,"2025-10-09T01:38:54-04:00",Full Time,2026-08-31 20:56:55.376 +0700,6
greenhouse,Waymo,"Software Engineer, Fleet Orchestration Infra","&lt;div class=&quot;content-intro&quot;&gt;&lt;p&gt;Waymo is an autonomous driving technology company with the mission to be the world&#39;s most trusted driver. Since its start as the Google Self-Driving Car Project in 2009, Waymo has focused on building the Waymo Driver—The World&#39;s Most Experienced Driver™—to improve access to mobility while saving thousands of lives now lost to traffic crashes. The Waymo Driver powers Waymo’s fully autonomous ride-hail service and can also be applied to a range of vehicle platforms and product use cases. The Waymo Driver has provided over ten million rider-only trips, enabled by its experience autonomously driving over 100 million miles on public roads and tens of billions in simulation across 15+ U.S. states.&lt;/p&gt;&lt;/div&gt;&lt;p&gt;Want to build the next generation of infrastructure for driverless cars?&lt;/p&gt;
&lt;p&gt;Join our Waymo Fleet Orchestration and Optimization team, and help us design the future of transportation! We are looking for a passionate Senior SWE who wants to help build the systems that improve Waymo&#39;s core ride hailing and fleet management systems.&lt;/p&gt;
&lt;p&gt;Team Commercialization: focused on building a commercial service around the Waymo Driver. Supply Optimization Infrastructure: build infrastructure and optimization service that will optimize resource usage&lt;/p&gt;
&lt;p&gt;In this hybrid role, you will report to an Engineering Manager.&lt;/p&gt;
&lt;p&gt;&lt;strong&gt;You will:&lt;/strong&gt;&lt;/p&gt;
&lt;ul&gt;
&lt;li&gt;Build and evolve mission-critical tools and systems that allow Waymo to scale and serve new markets.&lt;/li&gt;
&lt;li&gt;Solve hard real-world problems related to event / incident response.&lt;/li&gt;
&lt;li&gt;Collaborate with Product, UX, and other engineers to design and develop internal user-facing products.&lt;/li&gt;
&lt;li&gt;Ship solutions to novel problems that arise in a fast-paced environment&lt;/li&gt;
&lt;/ul&gt;
&lt;p&gt;&lt;strong&gt;You have:&lt;/strong&gt;&lt;/p&gt;
&lt;ul&gt;
&lt;li&gt;BS degree in Computer Science or equivalent practical experience&lt;/li&gt;
&lt;li&gt;5+ years of backend engineering or infrastructure experience&lt;/li&gt;
&lt;/ul&gt;
&lt;p&gt;&lt;strong&gt;We prefer:&lt;/strong&gt;&lt;/p&gt;
&lt;ul&gt;
&lt;li&gt;Experience with C++ (or a willingness to participate in professional development activities to stay current on industry knowledge)&lt;/li&gt;
&lt;li&gt;Experience working in environments including nontechnical team members&lt;/li&gt;
&lt;li&gt;Experience with operations tooling, developer productivity, or developer tools&lt;/li&gt;
&lt;/ul&gt;
&lt;p&gt;#LI-Hybrid&lt;/p&gt;",US,"Warsaw, Poland ",https://careers.withwaymo.com/jobs?gh_jid=7912827,"2026-06-01T14:07:49-04:00",Full Time,2026-08-31 20:56:55.376 +0700,7
greenhouse,Waymo,"Staff Systems Engineer, Motion Control","&lt;div class=&quot;content-intro&quot;&gt;&lt;p&gt;Waymo is an autonomous driving technology company with the mission to be the world&#39;s most trusted driver. Since its start as the Google Self-Driving Car Project in 2009, Waymo has focused on building the Waymo Driver—The World&#39;s Most Experienced Driver™—to improve access to mobility while saving thousands of lives now lost to traffic crashes. The Waymo Driver powers Waymo’s fully autonomous ride-hail service and can also be applied to a range of vehicle platforms and product use cases. The Waymo Driver has provided over ten million rider-only trips, enabled by its experience autonomously driving over 100 million miles on public roads and tens of billions in simulation across 15+ U.S. states.&lt;/p&gt;&lt;/div&gt;&lt;p data-pm-slice=&quot;1 1 []&quot;&gt;&lt;em&gt;Hardware Engineering is an innovative and collaborative group of electrical, mechanical, reliability, software and vehicle engineers. We design, build, and perfect the products which are the eyes and ears of Waymo&#39;s autonomous driving technology, and integrate those products into vehicle platforms. We&#39;re seeking curious and talented teammates to keep us moving in the right direction.&lt;/em&gt;&lt;/p&gt;
&lt;p&gt;&lt;em&gt;This role follows a hybrid work schedule and you will report to Systems Engineering Manager.&amp;nbsp;&lt;/em&gt;&lt;/p&gt;
&lt;p&gt;&lt;strong&gt;You will:&lt;/strong&gt;&lt;/p&gt;
&lt;ul&gt;
&lt;li&gt;Derive requirements on trajectories and motion control algorithms, from safety goals and product performance objectives.&lt;/li&gt;
&lt;li&gt;Lead&amp;nbsp; the sign-off of hardware and software subsystems for new releases and expanded scope&amp;nbsp;&lt;/li&gt;
&lt;li&gt;Build analysis tools (e.g. dashboards, database queries, scripts) for large-scale analyses of Waymo’s massive datasets.&lt;/li&gt;
&lt;li&gt;Write risk assessments that trade off performance and reliability.&lt;/li&gt;
&lt;li&gt;Continuously improve Waymo analysis and evaluation processes to reduce time to deployment.&lt;/li&gt;
&lt;li&gt;Collaborate with multidisciplinary teams of engineers to solve complex technical challenges, and contribute to a culture of clear communication and high standard&lt;/li&gt;
&lt;/ul&gt;
&lt;p&gt;&amp;nbsp;&lt;/p&gt;
&lt;p&gt;&lt;strong&gt;You have:&lt;/strong&gt;&lt;/p&gt;
&lt;ul&gt;
&lt;li&gt;7+ years of Systems Engineering experience decomposing safety goals to requirements for motion control, motion planning, or dynamics.&amp;nbsp;&lt;/li&gt;
&lt;li&gt;Must have direct experience in developing requirements for multiple systems that apply across multiple products, software versions, or hardware iterations&lt;/li&gt;
&lt;li&gt;Demonstrated experience writing Python code to analyze data, and understanding C++ production code&lt;/li&gt;
&lt;li&gt;Project management experience&lt;/li&gt;
&lt;li&gt;Strong collaboration skills with test engineers, software engineers, and other systems engineers&lt;/li&gt;
&lt;li&gt;Master&#39;s Degree in a relevant field (e.g. Mechanical, Computer, Electrical Engineering, CS, Robotics, Systems Design) or equivalent industry experience&lt;/li&gt;
&lt;/ul&gt;
&lt;p&gt;&amp;nbsp;&lt;/p&gt;
&lt;p&gt;&lt;strong&gt;We prefer:&lt;/strong&gt;&lt;/p&gt;
&lt;ul&gt;
&lt;li&gt;Autonomous vehicle or similar experience working on systems with safety-critical hardware and software components&lt;/li&gt;
&lt;li&gt;Experience with analyzing very large datasets (hundreds of thousands of records, high frequency)&lt;/li&gt;
&lt;li&gt;Test engineering experience&lt;/li&gt;
&lt;/ul&gt;&lt;div class=&quot;content-pay-transparency&quot;&gt;&lt;div class=&quot;pay-input&quot;&gt;&lt;div class=&quot;description&quot;&gt;&lt;p&gt;&lt;span style=&quot;font-weight: 400;&quot;&gt;The expected base salary range for this full-time position across US locations is listed below. Actual starting pay will be based on job-related factors, including exact work location, experience, relevant training and education, and skill level. Your recruiter can share more about the specific salary range for the role location or, if the role can be performed remote, the specific salary range for your preferred location, during the hiring process.&amp;nbsp;&lt;/span&gt;&lt;/p&gt;
&lt;p&gt;&lt;span style=&quot;font-weight: 400;&quot;&gt;Waymo employees are also eligible to participate in Waymo’s discretionary annual bonus program, equity incentive plan, and generous Company benefits program, subject to eligibility requirements.&amp;nbsp;&lt;/span&gt;&lt;/p&gt;&lt;/div&gt;&lt;div class=&quot;title&quot;&gt;Salary Range&lt;/div&gt;&lt;div class=&quot;pay-range&quot;&gt;&lt;span&gt;$230,000&lt;/span&gt;&lt;span class=&quot;divider&quot;&gt;&amp;mdash;&lt;/span&gt;&lt;span&gt;$284,000 USD&lt;/span&gt;&lt;/div&gt;&lt;/div&gt;&lt;/div&gt;",US,"Mountain View, CA, USA",https://careers.withwaymo.com/jobs?gh_jid=7905387,"2026-05-07T17:01:46-04:00",Full Time,2026-08-31 20:56:55.376 +0700,8
greenhouse,Motional,Senior Benefits Analyst,"&lt;h3&gt;&lt;strong&gt;Job Summary&lt;/strong&gt;&lt;/h3&gt;
&lt;p&gt;As a Benefits Analyst at Motional, you’ll support the day-to-day administration and compliance of the Health &amp;amp; Welfare, Leave, Recognition, and 401(k) retirement programs. This role will serve as the subject matter expert for Benefits &amp;amp; Leave, be the primary support for compliance related tasks including but not limited to external and internal audits, required filings, testing and reporting and benefit plan funding and payments to vendors. You’ll deliver a positive experience for employees and managers across the business, cultivating a reputation as a subject matter expert, efficient and reliable shepherd of systems and process, and trusted advisor.&lt;/p&gt;
&lt;p&gt;&lt;strong&gt;Key Responsibilities&lt;/strong&gt;&lt;/p&gt;
&lt;ul&gt;
&lt;li&gt;Proactively data mining benefits enrollment information in the HRIS system, identifying inconsistencies &amp;amp; eligibility concerns where further research or enrollment/de-enrollment is needed.&lt;/li&gt;
&lt;li&gt;Conducts audits of enrollments with benefit vendors to ensure data integrity between systems.&lt;/li&gt;
&lt;li&gt;Has a strong understanding of benefits data integrations with carriers &amp;amp; consistently audits the transfer of information to the vendors.&lt;/li&gt;
&lt;li&gt;Assists in the planning, execution of the open enrollment configuration and testing.&lt;/li&gt;
&lt;li&gt;Maintain process documentation (SOPS) and audit controls.&lt;/li&gt;
&lt;li&gt;Preparing and submitting compliance and/or census reports including but not limited to ACA filings, 5500 filings and non-discrimination testing.&lt;/li&gt;
&lt;li&gt;Assists with the modeling and costing of plan related changes under Manager guidance.&lt;/li&gt;
&lt;li&gt;Under the guidance of their Manager, develop and distribute clear, effective employee communications across multiple platforms - including the company intranet, newsletters, periodic reminders, plan materials, FAQS, how-to guides, and training sessions - ensuring all benefit and wellness information remains accurate, user-friendly, and up to date for onboarding, annual open enrollment, and individual consultations.&lt;/li&gt;
&lt;li&gt;Own the Benefits and Leave mailboxes as the first line of support, ensuring all inquiries regarding life events, enrollment, and policy interpretation are addressed within established SLAs. Independently resolve complex benefit issues and strategically escalate high-priority or sensitive matters to their manager with synthesized data and recommended solutions.&lt;/li&gt;
&lt;li&gt;Owns benefit programs billing/invoicing.&lt;/li&gt;
&lt;li&gt;Ensure timely and accurate payment of invoices, track variances and resolve discrepancies utilizing HRIS reports and collaborating with Finance/AP.&lt;/li&gt;
&lt;li&gt;Conduct audits of payroll benefit deductions and ensure benefit deductions for 401(k), HSA &amp;amp; FSAs are transmitted timely and accurately to vendors.&lt;/li&gt;
&lt;li&gt;Serve as the primary point of contact for employees, HRBPs and managers regarding all leave types, including FMLA, ADA, Short-Term Disability (STD), Long-Term Disability (LTD), and state-mandated leave.&lt;/li&gt;
&lt;li&gt;Oversee the end-to-end leave lifecycle, ensuring timely communication with employees, HRBP team, managers tracking return-to-work dates, and managing the interactive process for ADA accommodations with manager guidance where needed.&lt;/li&gt;
&lt;li&gt;Maintain relationships with third-party leave administrators to ensure consistent policy application and compliance with evolving federal, state, and local leave laws.&lt;/li&gt;
&lt;li&gt;Partner with Payroll to ensure accurate pay during leaves (including benefit deductions and disability offsets) and monitor benefit eligibility during unpaid periods.&lt;/li&gt;
&lt;li&gt;Own the Annual NDT process&lt;/li&gt;
&lt;li&gt;Coordinates annual plan audit with internal and external auditors.&lt;/li&gt;
&lt;li&gt;Auditing data with record-keeper to identify discrepancies and rectifying records.&lt;/li&gt;
&lt;li&gt;Assist with the annual company match contribution process.&lt;/li&gt;
&lt;li&gt;Participate in regular record-keeper and consultant calls as part of the Benefits team.&lt;/li&gt;
&lt;li&gt;Assist in the day-to-day operations of the company’s global recognition platform, ensuring a seamless user experience for employees and managers.&lt;/li&gt;
&lt;li&gt;Assist in the development of creative campaigns to drive program adoption and align recognition moments with company core values.&lt;/li&gt;
&lt;li&gt;Coordinate onsite wellness events, including biometric screenings, flu shot clinics, and onsite wellness perks like massages.&lt;/li&gt;
&lt;li&gt;Maintain and update company plan documents, Summary Plan Descriptions (SPDs), and benefit information on the company intranet.&lt;/li&gt;
&lt;/ul&gt;
&lt;h3&gt;&lt;strong&gt;Skills&amp;nbsp;&lt;/strong&gt;&lt;/h3&gt;
&lt;ul&gt;
&lt;li&gt;Proficiency with Microsoft Office and Google Workspace Products&amp;nbsp;&lt;/li&gt;
&lt;li&gt;Excellent communications skills.&lt;/li&gt;
&lt;li&gt;Strong analytical skills and financial acumen.&lt;/li&gt;
&lt;li&gt;Operates efficiently with a strong sense of urgency and a high level of service orientation for internal and external customers; provides clear, comprehensive communications to reduce redundancy and the need for follow-up inquiries.&lt;/li&gt;
&lt;li&gt;Proactive, solution-oriented and comfortable working independently while contributing to a collaborative team environment.&lt;/li&gt;
&lt;li&gt;High tech-savviness with a strong curiosity and aptitude for learning new software platforms and leveraging AI technologies to streamline routine daily tasks.&lt;/li&gt;
&lt;li&gt;Understanding of federal, state and local regulations including ERISA, ACA, COBRA and HIPAA.&lt;/li&gt;
&lt;/ul&gt;&lt;div class=&quot;content-pay-transparency&quot;&gt;&lt;div class=&quot;pay-input&quot;&gt;&lt;div class=&quot;description&quot;&gt;&lt;p&gt;&lt;span style=&quot;font-weight: 400;&quot;&gt;The salary range for this role is an estimate based on a wide range of compensation factors including but not limited to specific skills, experience and expertise, role location, certifications, licenses, and business needs. The estimated compensation range listed in this job posting reflects base salary only. This role may include additional forms of compensation such as a bonus or company equity. The recruiter assigned to this role can share more information about the specific compensation and benefit details associated with this role during the hiring process.&amp;nbsp;&lt;/span&gt;&lt;/p&gt;
&lt;p&gt;&lt;span style=&quot;font-weight: 400;&quot;&gt;Candidates for certain positions are eligible to participate in Motional’s benefits program. Motional’s benefits include but are not limited to medical, dental, vision, 401k with a company match, health saving accounts, life insurance, pet insurance, and more. &lt;/span&gt;&lt;/p&gt;&lt;/div&gt;&lt;div class=&quot;title&quot;&gt;Salary Range&lt;/div&gt;&lt;div class=&quot;pay-range&quot;&gt;&lt;span&gt;$109,000&lt;/span&gt;&lt;span class=&quot;divider&quot;&gt;&amp;mdash;&lt;/span&gt;&lt;span&gt;$142,000 USD&lt;/span&gt;&lt;/div&gt;&lt;/div&gt;&lt;/div&gt;&lt;div class=&quot;content-conclusion&quot;&gt;&lt;p&gt;&lt;strong&gt;Motional is a driverless technology company making autonomous vehicles a safe, reliable, and accessible reality. We’re driven by something more.&lt;/strong&gt;&lt;/p&gt;
&lt;p&gt;&lt;strong&gt;Our journey is always people first.&lt;/strong&gt;&lt;/p&gt;
&lt;p&gt;We aren&#39;t just developing driverless cars; we&#39;re creating safer roadways, more equitable transportation options, and making our communities better places to live, work, and connect. Our team is made up of engineers, researchers, innovators, dreamers and doers, who are creating a technology with the potential to transform the way we move.&lt;/p&gt;
&lt;p&gt;&lt;strong&gt;Higher purpose, greater impact.&lt;/strong&gt;&lt;/p&gt;
&lt;p&gt;We’re creating first-of-its-kind technology that will transform transportation. To do so successfully, we must design for everyone in our cities and on our roads. We believe in building a great place to work through a progressive, global culture that is diverse, inclusive, and ensures people feel valued at every level of the organization. Diversity helps us to see the world differently; it’s not only good for our business, it’s the right thing to do.&amp;nbsp;&amp;nbsp;&lt;/p&gt;
&lt;p&gt;&lt;strong&gt;Scale up, not starting up.&lt;/strong&gt;&lt;/p&gt;
&lt;p&gt;Our team is behind some of the industry&#39;s largest leaps forward, including the first fully-autonomous cross-country drive in the U.S, the launch of the world&#39;s first robotaxi pilot, and operation of the world&#39;s longest-standing public robotaxi fleet. We’re driven to scale; we’re moving towards commercialization of our technology, and we need team members who are ready to embrace change and challenges.&lt;/p&gt;
&lt;p&gt;Formed as a joint venture between Hyundai Motor Group and Aptiv, Motional is fundamentally changing how people move through their lives. Headquartered in Boston, Motional has operations in the U.S and Asia. For more information, visit&amp;nbsp; &lt;a href=&quot;https://c212.net/c/link/?t=0&amp;amp;l=en&amp;amp;o=3300142-1&amp;amp;h=1642745316&amp;amp;u=https%3A%2F%2Fc212.net%2Fc%2Flink%2F%3Ft%3D0%26l%3Den%26o%3D3253528-1%26h%3D3781125006%26u%3Dhttps%253A%252F%252Fc212.net%252Fc%252Flink%252F%253Ft%253D0%2526l%253Den%2526o%253D3089636-1%2526h%253D3468778127%2526u%253Dhttps%25253A%25252F%25252Fc212.net%25252Fc%25252Flink%25252F%25253Ft%25253D0%252526l%25253Den%252526o%25253D2881693-1%252526h%25253D646020682%252526u%25253Dhttps%2525253A%2525252F%2525252Furldefense.com%2525252Fv3%2525252F__http%2525253A%2525252Fwww.motional.com%2525252F__%2525253B!!KT8c38mO!j78LjnhAm2VK7Fu23VO6KlwqDXvVTQFMzmyzieKQqZDQksh2tpWEseK4to8eKzwsEwI%25252524%252526a%25253Dwww.Motional.com%2526a%253Dwww.Motional.com%26a%3Dwww.Motional.com&amp;amp;a=www.Motional.com&quot;&gt;www.Motional.com&lt;/a&gt; and follow us on &lt;a href=&quot;https://twitter.com/motionaldrive&quot;&gt;Twitter&lt;/a&gt;, &lt;a href=&quot;https://www.linkedin.com/company/67123512/&quot;&gt;LinkedIn&lt;/a&gt;,&amp;nbsp;&lt;a href=&quot;https://www.instagram.com/motionaldrive/&quot;&gt;Instagram&lt;/a&gt; and &lt;a href=&quot;https://www.youtube.com/channel/UCr__mGPkBb-KMoYWbSGuA9w&quot;&gt;YouTube&lt;/a&gt;.&lt;/p&gt;
&lt;p&gt;&lt;em&gt;Motional AD Inc. is an EOE. We celebrate diversity and are committed to creating an inclusive environment for all employees. To comply with Federal Law, we participate in E-Verify. All newly-hired employees are queried through this electronic system established by the DHS and the SSA to verify their identity and employment eligibility.&lt;/em&gt;&lt;/p&gt;&lt;/div&gt;",US,"Boston, Massachusetts, United States",https://motional.com/open-positions/?gh_jid=7922409003#/7922409003,"2026-08-20T23:15:59-04:00",Full Time,2026-08-31 20:56:55.376 +0700,9
greenhouse,Wayve,"Staff ML Engineer, Gaia ","&lt;div class=&quot;content-intro&quot;&gt;&lt;h2&gt;&lt;strong&gt;About us&amp;nbsp;&lt;/strong&gt;&amp;nbsp;&amp;nbsp;&lt;/h2&gt;
&lt;p&gt;Founded in 2017, Wayve is the leading developer of Embodied AI technology.&amp;nbsp; Our advanced AI software and foundation models enable vehicles to perceive, understand, and navigate any complex environment, enhancing the usability and safety of automated driving systems.&lt;/p&gt;
&lt;p&gt;Our vision is to create autonomy that propels the world forward.&amp;nbsp; Our intelligent, mapless, and hardware-agnostic AI products are designed for automakers, accelerating the transition from assisted to automated driving.&amp;nbsp; &lt;br&gt;&lt;br&gt;In our fast-paced environment big problems ignite us—we embrace uncertainty, leaning into complex challenges to unlock groundbreaking solutions. We aim high and stay humble in our pursuit of excellence, constantly learning and evolving as we pave the way for a smarter, safer future.&lt;/p&gt;
&lt;p&gt;At Wayve, your contributions matter.&amp;nbsp; We value diversity, embrace new perspectives, and foster an inclusive work environment; we back each other to deliver impact.&amp;nbsp;&amp;nbsp;&lt;/p&gt;
&lt;p&gt;Make Wayve the experience that defines your career!&amp;nbsp;&amp;nbsp;&lt;/p&gt;&lt;/div&gt;&lt;h2&gt;&lt;strong&gt;The role&amp;nbsp;&lt;/strong&gt;&lt;/h2&gt;
&lt;p&gt;Gaia is Wayve’s video world model: trained on large-scale driving video, it predicts future frames from past context—functioning as a simulator that helps generate synthetic scenarios, including rare or safety-critical events. As a Staff ML Engineer on Gaia, you’ll own and drive work on training and improving frontier-scale models trained in-house. This is a high-impact role with the opportunity to tech-lead a key area and help shape the next version of Gaia in a fast-paced, results-focused environment.&lt;/p&gt;
&lt;p&gt;Key responsibilities:&lt;/p&gt;
&lt;ul&gt;
&lt;li&gt;Lead and execute large-scale training runs for video (or adjacent) foundation models, from experimental design through production-grade execution&lt;/li&gt;
&lt;li&gt;Contribute to model architecture and training strategy, using first-principles understanding rather than “off-the-shelf” application&lt;/li&gt;
&lt;li&gt;Improve world-model capabilities that enable synthetic scenario generation and downstream evaluation/training of the driving model&lt;/li&gt;
&lt;li&gt;Partner closely with research, applications, simulation engineering, and cloud/infrastructure teams to deliver end-to-end impact&lt;/li&gt;
&lt;li&gt;Provide technical leadership through mentorship, review, and setting high engineering/research standards (Senior/Staff scope)&lt;/li&gt;
&lt;/ul&gt;
&lt;h2&gt;&lt;strong&gt;About you&lt;/strong&gt;&amp;nbsp;&amp;nbsp;&lt;/h2&gt;
&lt;p&gt;In order to set you up for success as a Staff ML Engineer (Gaia) at Wayve, we’re looking for the following skills and experience.&lt;/p&gt;
&lt;p&gt;Essential&lt;/p&gt;
&lt;ul&gt;
&lt;li&gt;In-depth experience training large-scale models (language, video, or other foundation models), including ownership of training at scale&lt;/li&gt;
&lt;li&gt;Strong understanding of model architecture and the ability to contribute meaningfully to architectural/training decisions&lt;/li&gt;
&lt;li&gt;Strong hands-on engineering skills with modern ML stacks (e.g., PyTorch), including debugging and performance/reliability-minded development&lt;/li&gt;
&lt;li&gt;Relevant industry experience (typically 4–5+ years); advanced degrees are valued, but depth of applied experience is important&lt;/li&gt;
&lt;/ul&gt;
&lt;p&gt;Desirable&lt;/p&gt;
&lt;ul&gt;
&lt;li&gt;Direct experience with world models, video generation, or long-horizon prediction&lt;/li&gt;
&lt;li&gt;Experience improving data/training pipelines and working across infrastructure constraints (distributed training, efficiency, reliability)&lt;/li&gt;
&lt;li&gt;Proven technical leadership (tech lead ownership, mentoring, setting direction across an area)&lt;/li&gt;
&lt;/ul&gt;
&lt;p&gt;This is a full-time role based in our office in London.&amp;nbsp; At Wayve we want the best of all worlds so we operate a hybrid working policy that combines time together in our offices and workshops to fuel innovation, culture, relationships and learning, and time spent working from home.&amp;nbsp;&amp;nbsp;&amp;nbsp;&lt;/p&gt;
&lt;p&gt;&amp;nbsp;&lt;/p&gt;&lt;div class=&quot;content-conclusion&quot;&gt;&lt;p&gt;&lt;span class=&quot;notion-enable-hover&quot; data-token-index=&quot;0&quot;&gt;Wayve is committed to creating an inclusive interview experience. If you require any accommodations or adjustments to participate fully in our interview process, please let us know.&lt;br&gt;&lt;/span&gt;&lt;/p&gt;
&lt;p&gt;We understand that everyone has a unique set of skills and experiences and that not everyone will meet all of the requirements listed above. If you’re passionate about self-driving cars and think you have what it takes to make a positive impact on the world, we encourage you to apply.&lt;br&gt;&lt;br&gt;At Wayve we&#39;re committed to creating a diverse, fair and respectful culture that is inclusive of everyone based on their unique skills and perspectives, and regardless of sex, race, religion or belief, ethnic or national origin, disability, age, citizenship, marital, domestic or civil partnership status, sexual orientation, gender identity, veteran status, pregnancy or related condition&amp;nbsp; (including breastfeeding) or any other basis as protected by applicable law. &amp;nbsp;&lt;/p&gt;
&lt;p&gt;For more information visit &lt;a href=&quot;https://wayve.ai/careers/&quot;&gt;Careers at Wayve.&amp;nbsp;&lt;/a&gt;&lt;/p&gt;
&lt;p&gt;To learn more about what drives us, visit &lt;a href=&quot;https://wayve.ai/careers/&quot;&gt;Values at Wayve&amp;nbsp;&lt;/a&gt;&lt;/p&gt;
&lt;p&gt;For US candidates only, please visit &lt;a href=&quot;https://drive.google.com/file/d/1N46n3iN0AG8EPEO-hCanyyv7hzz8KgT_/view?usp=sharing&quot;&gt;E-Verify Notice&lt;/a&gt; and &lt;a href=&quot;https://www.ussc.gov/sites/default/files/pdf/employment/RightToWork.pdf&quot;&gt;Participation and Right to Work&lt;/a&gt;&lt;/p&gt;
&lt;hr&gt;
&lt;p&gt;DISCLAIMER: We will not ask about marriage or pregnancy, care responsibilities or disabilities in any of our job adverts or interviews. However, we do look to capture information about care responsibilities, and disabilities among other diversity information as part of an optional DEI Monitoring form to help us identify areas of improvement in our hiring process and ensure that the process is inclusive and non-discriminatory.&lt;/p&gt;
&lt;p&gt;&amp;nbsp;&lt;/p&gt;
&lt;p&gt;&amp;nbsp;&lt;/p&gt;&lt;/div&gt;",GB,London,https://wayve.firststage.co/jobs?gh_jid=8610095002,"2026-06-26T11:13:25-04:00",Full Time,2026-08-31 20:56:55.376 +0700,10
greenhouse,Kodiak,"Staff Software Engineer, Mission Planning","&lt;div class=&quot;content-intro&quot;&gt;&lt;p&gt;Kodiak Robotics, Inc. was founded in 2018 and has become a leader in autonomous ground transportation committed to a safer and more efficient future for all. The company has developed an artificial intelligence (AI) powered technology stack purpose-built for commercial trucking and the public sector. The company delivers freight daily for its customers across the southern United States using its autonomous technology. In 2024, Kodiak became the first known company to publicly announce delivering a driverless semi-truck to a customer. Kodiak is also leveraging its commercial self-driving software to develop, test and deploy autonomous capabilities for the U.S. Department of Defense.&lt;/p&gt;&lt;/div&gt;&lt;p&gt;Kodiak Robotics, Inc. was founded in 2018 and has become a leader in autonomous ground transportation committed to a safer and more efficient future for all. The company has developed an artificial intelligence (AI) powered technology stack purpose-built for commercial trucking and the public sector. The company delivers freight daily for its customers across the southern United States using its autonomous technology. In 2024, Kodiak became the first known company to publicly announce delivering a driverless semi-truck to a customer. Kodiak is also leveraging its commercial self-driving software to develop, test and deploy autonomous capabilities for the U.S. Department of Defense.&lt;/p&gt;
&lt;p&gt;&amp;nbsp;&lt;/p&gt;
&lt;p&gt;Kodiak is recruiting a Staff Software Engineer to lead design and development of mission planning, routing, and human-assisted autonomy for Kodiak driverless trucks. The role provides scope and visibility to influence the roadmap for the entire motion planning stack, including behavior, prediction, and trajectory generation.&lt;/p&gt;
&lt;p&gt;&amp;nbsp;&lt;/p&gt;
&lt;p&gt;This is an opportunity to collaborate with Product, Perception, Controls, and other cross-functional teams in order to improve overall autonomy performance. Customers interact with Kodiak trucks through mission assignments, making this a key engineering position to achieve product excellence.&lt;/p&gt;
&lt;p&gt;&amp;nbsp;&lt;/p&gt;
&lt;p&gt;The role spans a range of motion planning responsibilities, from graph traversal and routing, to mission planning and product development, to human-assisted autonomy and operations.&lt;/p&gt;
&lt;p&gt;&amp;nbsp;&lt;/p&gt;
&lt;p&gt;&lt;strong&gt;In this role, you will:&lt;/strong&gt;&lt;/p&gt;
&lt;ul&gt;
&lt;li&gt;Lead the design and development of mission planning, routing, and human-assisted autonomy for driverless operation on public roads&lt;/li&gt;
&lt;li&gt;Develop the architecture and long-term roadmap for motion planning&lt;/li&gt;
&lt;li&gt;Identify metrics to orient engineering teams toward product excellence&lt;/li&gt;
&lt;li&gt;Study the product for opportunities to delight our customers&lt;/li&gt;
&lt;li&gt;Mentor and provide technical leadership to junior and senior engineers, raising the bar for engineering excellence across the engineering organization&lt;/li&gt;
&lt;li&gt;Integrate onboard and offboard driving logic&lt;/li&gt;
&lt;li&gt;Collaborate with human-assisted autonomy and operations specialists to facilitate safe, efficient missions&lt;/li&gt;
&lt;li&gt;Evaluate the effectiveness of the Kodiak Driver&lt;/li&gt;
&lt;li&gt;Automate and expedite truck launches and landings&lt;/li&gt;
&lt;li&gt;Partner cross-functionally with Perception, Controls, Systems, Simulation, and Product teams to define interfaces, requirements, and system behavior&lt;/li&gt;
&lt;li&gt;Solve difficult real-world problems involving route generation, mission updates, responsive driving, real-time and cloud computing, and more!&lt;/li&gt;
&lt;/ul&gt;
&lt;p&gt;&amp;nbsp;&lt;/p&gt;
&lt;p&gt;&lt;strong&gt;What you’ll bring:&lt;/strong&gt;&lt;/p&gt;
&lt;ul&gt;
&lt;li&gt;6+ years of experience developing production-level robotics software&lt;/li&gt;
&lt;li&gt;Strong facility with modern C++&lt;/li&gt;
&lt;li&gt;Expertise in motion planning, graph theory, distributed computing, and related domains&lt;/li&gt;
&lt;li&gt;Delivery of complex autonomous systems&lt;/li&gt;
&lt;li&gt;Leadership to solve ambiguous, real-world challenges&lt;/li&gt;
&lt;/ul&gt;
&lt;p&gt;&amp;nbsp;&lt;/p&gt;
&lt;p&gt;&lt;strong&gt;Bonus points if you have:&lt;/strong&gt;&lt;/p&gt;
&lt;ul&gt;
&lt;li&gt;Managed or mentored robotics engineers&lt;/li&gt;
&lt;li&gt;Deployed software on autonomous vehicles&lt;/li&gt;
&lt;li&gt;Built a safety case for driverless autonomy&lt;/li&gt;
&lt;li&gt;Improved system performance (latency, throughput, reliability) in production environments&lt;/li&gt;
&lt;li&gt;Built on simulation frameworks&lt;/li&gt;
&lt;li&gt;Based decisions on data analysis&lt;/li&gt;
&lt;/ul&gt;
&lt;p&gt;&amp;nbsp;&lt;/p&gt;
&lt;p&gt;&lt;strong&gt;What we offer:&lt;/strong&gt;&lt;/p&gt;
&lt;ul&gt;
&lt;li&gt;Competitive compensation package including equity and annual bonuses&lt;/li&gt;
&lt;li&gt;Excellent Medical, Dental, and Vision plans through Kaiser Permanente, Cigna, and&amp;nbsp; MetLife (including a medical plan with infertility benefits)&lt;/li&gt;
&lt;li&gt;MetLife Legal Services, Identity &amp;amp; Fraud Protection, Hospital Indemnity Insurance, Accident Insurance, &amp;amp; Critical Illness Insurance&lt;/li&gt;
&lt;li&gt;Flexible PTO, 10 paid holidays, and generous parental leave policies&lt;/li&gt;
&lt;li&gt;Our office is centrally located in Mountain View, CA&lt;/li&gt;
&lt;li&gt;Office perks: dog-friendly, free catered lunch, a fully stocked kitchen, and free EV charging&lt;/li&gt;
&lt;li&gt;Long Term Disability, Short Term Disability, Life Insurance&lt;/li&gt;
&lt;li&gt;Wellbeing Benefits - Headspace through Cigna, Calm through Kaiser, One Medical, Gympass, Spring Health through Cigna, Rula (mental health navigation)&amp;nbsp;&lt;/li&gt;
&lt;li&gt;Fidelity 401(k)&lt;/li&gt;
&lt;li&gt;Commuter, FSA, Dependent Care FSA, HSA&lt;/li&gt;
&lt;li&gt;Various incentive programs (referral bonuses, patent bonuses, etc.)&lt;/li&gt;
&lt;/ul&gt;&lt;div class=&quot;content-pay-transparency&quot;&gt;&lt;div class=&quot;pay-input&quot;&gt;&lt;div class=&quot;description&quot;&gt;&lt;p&gt;The pay range listed below reflects the base salary&amp;nbsp;&lt;strong data-stringify-type=&quot;bold&quot;&gt;in our SF/Silicon Valley location,&amp;nbsp;&lt;/strong&gt;across several internal levels. Actual starting pay will be based on job-related factors including: work location, experience, relevant training, education, skill level and performance during interview. Total compensation at Kodiak includes base pay, equity, bonus and a competitive benefits package&lt;/p&gt;&lt;/div&gt;&lt;div class=&quot;title&quot;&gt;California Pay Range&lt;/div&gt;&lt;div class=&quot;pay-range&quot;&gt;&lt;span&gt;$200,000&lt;/span&gt;&lt;span class=&quot;divider&quot;&gt;&amp;mdash;&lt;/span&gt;&lt;span&gt;$250,000 USD&lt;/span&gt;&lt;/div&gt;&lt;/div&gt;&lt;/div&gt;&lt;div class=&quot;content-conclusion&quot;&gt;&lt;div&gt;&amp;nbsp;&lt;/div&gt;
&lt;div&gt;At Kodiak, we strive to build a diverse community working towards our common company goals in a safe and collaborative environment where harassment of any kind is strictly prohibited. Kodiak is committed to equal opportunity employment regardless of race, ethnicity, religion, gender identity, sexual orientation, age, disability, or veteran status, or any other basis protected by applicable law.&lt;/div&gt;
&lt;div&gt;&amp;nbsp;&lt;/div&gt;
&lt;div&gt;In alignment with its business operations, Kodiak adheres to all relevant statutes, regulations, and administrative prerequisites. Accordingly, roles that carry more sensitive requirements may be limited to candidates that can satisfy additional scrutiny and eligibility for such positions may hinge on verification of a candidate’s residence, U.S. person status, and/or citizenship status. Should the position require, and Kodiak determines that a candidate’s residence, U.S. person status, and/or citizenship status necessitate an export license, bar the candidate from the position, or otherwise fall under national security-related restrictions, Kodiak will consider the candidate for alternative positions unaffected by such restrictions, under terms and conditions set forth at Kodiak’s sole discretion, or, as an alternative, opt not to proceed with the candidate’s application. If applicable, Kodiak may provide visa sponsorship for eligible candidates.&lt;/div&gt;
&lt;div&gt;&amp;nbsp;&lt;/div&gt;
&lt;div&gt;&lt;em&gt;We use a third-party AI tool (Endorsed) to assist in the initial screening of applications. As part of the evaluation process, we provide Endorsed with job requirements and candidate-submitted applications. Final hiring decisions are made by our human recruitment team, and no automated system makes the ultimate decision regarding hiring. Certain features of the platform may qualify it as an Automated Employment Decision Tool (AEDT) under applicable regulations. We began using Endorsed on January 1, 2026. You can review the independent bias audit report covering our use of Endorsed [here](&lt;/em&gt;&lt;em&gt;&lt;a href=&quot;https://endorsed.com/local-law-144&quot; target=&quot;_blank&quot; data-sk=&quot;tooltip_parent&quot;&gt;https://endorsed.com/local-law-144&lt;/a&gt;&lt;/em&gt;&lt;em&gt;). By submitting your application, you acknowledge that your application may be processed by AI systems as part of the screening and selection process. If you have any questions or would like to request a separate review of your application, please contact &lt;/em&gt;&lt;em&gt;&lt;a href=&quot;mailto:careers@kodiak.ai&quot; target=&quot;_blank&quot; data-sk=&quot;tooltip_parent&quot;&gt;careers@kodiak.ai&lt;/a&gt;&lt;/em&gt;&lt;em&gt; with &quot;Separate Review Request&quot; in the email subject line.&lt;/em&gt;&lt;/div&gt;
&lt;p&gt;&amp;nbsp;&lt;/p&gt;&lt;/div&gt;",US,"Mountain View, CA",https://job-boards.greenhouse.io/kodiak/jobs/4183788009,"2026-03-13T18:40:11-04:00",Full Time,2026-08-31 20:56:55.376 +0700,11
greenhouse,Torc Robotics,Test Safety Engineer,"&lt;p&gt;&lt;strong&gt;&lt;span data-contrast=&quot;auto&quot;&gt;About the Company&lt;/span&gt;&lt;/strong&gt;&lt;span data-ccp-props=&quot;{}&quot;&gt;&amp;nbsp;&lt;/span&gt;&lt;/p&gt;
&lt;p&gt;&lt;span data-contrast=&quot;auto&quot;&gt;At Torc, we have always believed that autonomous vehicle technology will transform how we travel, move freight, and do business.&lt;/span&gt;&amp;nbsp;&lt;br&gt;&lt;span data-contrast=&quot;auto&quot;&gt;A leader in autonomous driving since 2007, Torc has spent over a decade commercializing our solutions with experienced partners. &lt;/span&gt;&lt;a href=&quot;https://torc.ai/daimler-testing-automated-trucks-public/&quot;&gt;&lt;span data-contrast=&quot;none&quot;&gt;&lt;span data-ccp-charstyle=&quot;Hyperlink&quot;&gt;Now a part of the Daimler family&lt;/span&gt;&lt;/span&gt;&lt;/a&gt;&lt;span data-contrast=&quot;auto&quot;&gt;, we are focused solely on developing software for automated trucks to transform how the world moves freight.&lt;/span&gt;&amp;nbsp;&lt;br&gt;&lt;span data-contrast=&quot;auto&quot;&gt;Join us and catapult your career with the company that helped pioneer autonomous technology, and the first AV software company with the vision to partner directly with a truck manufacturer.&lt;/span&gt;&lt;span data-ccp-props=&quot;{}&quot;&gt;&amp;nbsp;&lt;/span&gt;&lt;/p&gt;
&lt;p&gt;&lt;strong&gt;&lt;span data-contrast=&quot;none&quot;&gt;Meet the Team&lt;/span&gt;&lt;/strong&gt;&lt;span data-ccp-props=&quot;{}&quot;&gt;&amp;nbsp;&lt;/span&gt;&lt;/p&gt;
&lt;p&gt;&lt;span data-ccp-props=&quot;{}&quot;&gt;Support Torc’s Test Safety program by collaborating with product development, engineering, Safety and Regulatory and fleet operation teams to perform Operational Safety Analysis and monitor, assess, and improve the safe testing of Autonomous Driving System (ADS)-equipped heavy trucks.&lt;/span&gt;&lt;/p&gt;
&lt;p&gt;&lt;strong&gt;&lt;span data-contrast=&quot;none&quot;&gt;What You’ll Do&lt;/span&gt;&lt;/strong&gt;&lt;span data-ccp-props=&quot;{}&quot;&gt;&amp;nbsp;&lt;/span&gt;&lt;/p&gt;
&lt;p&gt;&lt;span data-ccp-props=&quot;{}&quot;&gt;&lt;/span&gt;&lt;/p&gt;
&lt;ul data-pm-slice=&quot;3 3 []&quot;&gt;
&lt;li&gt;
&lt;p&gt;Drive, Perform and Maintain Operational Safety Concept and operational safety relevant work products.&lt;/p&gt;
&lt;/li&gt;
&lt;li&gt;
&lt;p&gt;Develop and maintain Test Safety processes for software&amp;nbsp;releases and public road testing.&lt;/p&gt;
&lt;/li&gt;
&lt;li&gt;
&lt;p&gt;Lead/perform safety risk assessments with internal stakeholders.&lt;/p&gt;
&lt;/li&gt;
&lt;li&gt;
&lt;p&gt;Develop and document Operational Safety plan, requirements and concept.&lt;/p&gt;
&lt;/li&gt;
&lt;li&gt;
&lt;p&gt;Partner with product management, design engineering, service, and maintenance to driver Operational Safety Design.&lt;/p&gt;
&lt;/li&gt;
&lt;li&gt;
&lt;p&gt;Support the development and maintenance of operational procedures related to testing autonomous vehicles safely.&lt;/p&gt;
&lt;/li&gt;
&lt;li&gt;
&lt;p&gt;Provide data analyses to maintain a safety case for Autonomous Vehicle platforms, including real-time safety support of operational testing.&lt;/p&gt;
&lt;/li&gt;
&lt;li&gt;
&lt;p&gt;Develop metrics to track Operational Safety of autonomous vehicle testing.&lt;/p&gt;
&lt;/li&gt;
&lt;li&gt;
&lt;p&gt;Evaluate safety results of tests and develop risk mitigation plans.&lt;/p&gt;
&lt;/li&gt;
&lt;li&gt;
&lt;p&gt;Support Torc accident and incident response process, mishap investigation, and corrective action plans.&lt;/p&gt;
&lt;/li&gt;
&lt;li&gt;
&lt;p&gt;Review engineering design specifications, test operations procedures, change proposals, deficiency reports, exceptions, and other requests for potential test safety impacts.&lt;/p&gt;
&lt;/li&gt;
&lt;li&gt;
&lt;p&gt;Support preparation of presentations, analyses, and reports for customer &amp;amp; Torc Safety Board meetings, program design reviews, and test readiness reviews.&lt;/p&gt;
&lt;/li&gt;
&lt;li&gt;
&lt;p&gt;Perform and contribute to safety &amp;amp; reliability analysis (e.g., FMEA, DFMEA, DFMEDA, FTA, STPA, etc.).&lt;/p&gt;
&lt;/li&gt;
&lt;li&gt;
&lt;p&gt;Support cross functional product development engineering teams to identify and close gaps to ensure component and system level safety compliance.&lt;/p&gt;
&lt;/li&gt;
&lt;li&gt;
&lt;p&gt;Review system technical specifications/requirements, system design documents, unit and system level software development, test plans, test reports&lt;/p&gt;
&lt;/li&gt;
&lt;li&gt;
&lt;p&gt;Coordinate and collaborate across&amp;nbsp;stakeholders&amp;nbsp;to&amp;nbsp;ensure test safety&amp;nbsp;is&amp;nbsp;integral to all autonomous development testing and operations.&lt;/p&gt;
&lt;/li&gt;
&lt;/ul&gt;
&lt;p&gt;&lt;span data-ccp-props=&quot;{}&quot;&gt;&lt;/span&gt;&lt;/p&gt;
&lt;p&gt;&lt;strong&gt;&lt;span data-contrast=&quot;none&quot;&gt;What You’ll Need to Succeed&lt;/span&gt;&lt;/strong&gt;&lt;span data-ccp-props=&quot;{}&quot;&gt;&amp;nbsp;&lt;/span&gt;&lt;/p&gt;
&lt;p&gt;&lt;span data-ccp-props=&quot;{}&quot;&gt;&lt;/span&gt;&lt;/p&gt;
&lt;ul&gt;
&lt;li data-pm-slice=&quot;1 1 []&quot;&gt;Bachelor’s Degree in Computer Science, Robotics, Electrical Engineering or related technical field plus demonstrates competences and technical proficiencies typically acquired through 4+ years of experience or;&lt;/li&gt;
&lt;li&gt;Master’s Degree in Computer Science, Robotics, Electrical Engineering or related technical field plus demonstrates competences and technical proficiencies typically acquired through 0-3+ years of experience.&lt;/li&gt;
&lt;/ul&gt;
&lt;p&gt;&lt;/p&gt;
&lt;ul data-pm-slice=&quot;3 3 []&quot;&gt;
&lt;li&gt;
&lt;p&gt;Knowledge of automotive, heavy duty trucks, or aerospace products and industries.&lt;/p&gt;
&lt;/li&gt;
&lt;li&gt;
&lt;p&gt;Professional experience in automotive and surface transportation safety industry.&lt;/p&gt;
&lt;/li&gt;
&lt;li&gt;
&lt;p&gt;Experience with or theoretical knowledge of Systems Engineering, Hazard and Risk Assessment (HARA), Design Failure Mode and Effect Analysis (DFMEA), Fault Tree Analysis (FTA) and/or Systems Theoretic Process Analysis (STPA).&lt;/p&gt;
&lt;/li&gt;
&lt;li&gt;
&lt;p&gt;Critical/logical thinking to identify problems and provide solutions to ensure efficiency, safety, and quality.&lt;/p&gt;
&lt;/li&gt;
&lt;li&gt;
&lt;p&gt;Exceptional problem-solving skills, able to identify root causes in complex integrated systems.&lt;/p&gt;
&lt;/li&gt;
&lt;li&gt;
&lt;p&gt;Experience in project management, vehicle program management, product development life cycle, and project planning.&lt;/p&gt;
&lt;/li&gt;
&lt;li&gt;
&lt;p&gt;Experience with requirements management tools (such as JAMA) and framework to document, review, and approve safety requirements.&lt;/p&gt;
&lt;/li&gt;
&lt;li&gt;
&lt;p&gt;Strong interpersonal skills and oral and written communication skills.&lt;/p&gt;
&lt;/li&gt;
&lt;li&gt;
&lt;p&gt;Detail oriented, reliable, and self-motivated.&lt;/p&gt;
&lt;/li&gt;
&lt;li&gt;
&lt;p&gt;Ability to work in an environment of ambiguity and ongoing change.&lt;/p&gt;
&lt;/li&gt;
&lt;li&gt;
&lt;p&gt;Ability to thrive in a face-paced environment with quickly changing business needs.&lt;/p&gt;
&lt;/li&gt;
&lt;li&gt;
&lt;p&gt;Ability to ethically handle sensitive and confidential information with impartiality and professionalism.&lt;/p&gt;
&lt;/li&gt;
&lt;/ul&gt;
&lt;p&gt;&lt;/p&gt;
&lt;p&gt;&lt;span data-ccp-props=&quot;{}&quot;&gt;&lt;/span&gt;&lt;/p&gt;
&lt;p&gt;&lt;strong&gt;&lt;span data-contrast=&quot;none&quot;&gt;Bonus Points&lt;/span&gt;&lt;/strong&gt;&amp;nbsp;&lt;/p&gt;
&lt;p&gt;&lt;/p&gt;
&lt;ul data-pm-slice=&quot;3 3 [&amp;quot;bullet_list&amp;quot;,{&amp;quot;tight&amp;quot;:false}]&quot;&gt;
&lt;li&gt;
&lt;p&gt;Experience performing systematic and comprehensive assessments on the system architecture, integrated design, software, support equipment, and installation of the subsystems, and experiments to ensure that relevant safety requirements are met.&lt;/p&gt;
&lt;/li&gt;
&lt;li&gt;
&lt;p&gt;Experience with robotics, autonomous vehicle operations, or systems integration of complex electro-mechanical systems desired&lt;/p&gt;
&lt;/li&gt;
&lt;li&gt;
&lt;p&gt;Experience using ROS is preferred.&lt;/p&gt;
&lt;/li&gt;
&lt;li&gt;
&lt;p&gt;Programming experience in C++ and Python is desired.&lt;/p&gt;
&lt;/li&gt;
&lt;li&gt;
&lt;p&gt;Demonstrated safety&amp;nbsp;engineering analyses.&lt;/p&gt;
&lt;/li&gt;
&lt;li&gt;
&lt;p&gt;Vehicle program support and root cause analysis for vehicle issues&lt;/p&gt;
&lt;/li&gt;
&lt;li&gt;
&lt;p&gt;Experience ensuring and auditing compliance.&lt;/p&gt;
&lt;/li&gt;
&lt;li&gt;
&lt;p&gt;ISO 26262, IEC 61508 and ISO 21448 Proficiency.&lt;/p&gt;
&lt;/li&gt;
&lt;/ul&gt;
&lt;p&gt;&lt;/p&gt;
&lt;p&gt;&lt;strong&gt;&lt;span data-contrast=&quot;auto&quot;&gt;Perks of Being a Full-time Torc’r&lt;/span&gt;&lt;/strong&gt;&amp;nbsp;&lt;br&gt;&lt;span data-contrast=&quot;auto&quot;&gt;Torc cares about our team members and we strive to provide benefits and resources to support their health, work/life balance, and future. Our culture is collaborative, energetic, and team focused. Torc offers:&amp;nbsp;&amp;nbsp; &lt;/span&gt;&amp;nbsp;&lt;br&gt;&lt;span data-ccp-props=&quot;{}&quot;&gt;&amp;nbsp;&lt;/span&gt;&lt;/p&gt;
&lt;ul&gt;
&lt;li data-leveltext=&quot;&quot; data-font=&quot;Symbol&quot; data-listid=&quot;2&quot; data-list-defn-props=&quot;{&amp;quot;335552541&amp;quot;:1,&amp;quot;335559685&amp;quot;:720,&amp;quot;335559991&amp;quot;:360,&amp;quot;469769226&amp;quot;:&amp;quot;Symbol&amp;quot;,&amp;quot;469769242&amp;quot;:[8226],&amp;quot;469777803&amp;quot;:&amp;quot;left&amp;quot;,&amp;quot;469777804&amp;quot;:&amp;quot;&amp;quot;,&amp;quot;469777815&amp;quot;:&amp;quot;hybridMultilevel&amp;quot;}&quot; data-aria-posinset=&quot;1&quot; data-aria-level=&quot;1&quot;&gt;&lt;span data-contrast=&quot;auto&quot;&gt;A competitive compensation package that includes a bonus component and stock options&lt;/span&gt;&lt;span data-ccp-props=&quot;{&amp;quot;335559739&amp;quot;:0}&quot;&gt;&amp;nbsp;&lt;/span&gt;&lt;/li&gt;
&lt;/ul&gt;
&lt;ul&gt;
&lt;li data-leveltext=&quot;&quot; data-font=&quot;Symbol&quot; data-listid=&quot;2&quot; data-list-defn-props=&quot;{&amp;quot;335552541&amp;quot;:1,&amp;quot;335559685&amp;quot;:720,&amp;quot;335559991&amp;quot;:360,&amp;quot;469769226&amp;quot;:&amp;quot;Symbol&amp;quot;,&amp;quot;469769242&amp;quot;:[8226],&amp;quot;469777803&amp;quot;:&amp;quot;left&amp;quot;,&amp;quot;469777804&amp;quot;:&amp;quot;&amp;quot;,&amp;quot;469777815&amp;quot;:&amp;quot;hybridMultilevel&amp;quot;}&quot; data-aria-posinset=&quot;2&quot; data-aria-level=&quot;1&quot;&gt;&lt;span data-contrast=&quot;auto&quot;&gt;100% paid medical, dental, and vision premiums for full-time employees&lt;/span&gt;&lt;span data-ccp-props=&quot;{&amp;quot;335559739&amp;quot;:0}&quot;&gt;&amp;nbsp;&lt;/span&gt;&lt;/li&gt;
&lt;/ul&gt;
&lt;ul&gt;
&lt;li data-leveltext=&quot;&quot; data-font=&quot;Symbol&quot; data-listid=&quot;2&quot; data-list-defn-props=&quot;{&amp;quot;335552541&amp;quot;:1,&amp;quot;335559685&amp;quot;:720,&amp;quot;335559991&amp;quot;:360,&amp;quot;469769226&amp;quot;:&amp;quot;Symbol&amp;quot;,&amp;quot;469769242&amp;quot;:[8226],&amp;quot;469777803&amp;quot;:&amp;quot;left&amp;quot;,&amp;quot;469777804&amp;quot;:&amp;quot;&amp;quot;,&amp;quot;469777815&amp;quot;:&amp;quot;hybridMultilevel&amp;quot;}&quot; data-aria-posinset=&quot;3&quot; data-aria-level=&quot;1&quot;&gt;&lt;span data-contrast=&quot;auto&quot;&gt;401K plan with a 6% employer match&lt;/span&gt;&lt;span data-ccp-props=&quot;{&amp;quot;335559739&amp;quot;:0}&quot;&gt;&amp;nbsp;&lt;/span&gt;&lt;/li&gt;
&lt;/ul&gt;
&lt;ul&gt;
&lt;li data-leveltext=&quot;&quot; data-font=&quot;Symbol&quot; data-listid=&quot;2&quot; data-list-defn-props=&quot;{&amp;quot;335552541&amp;quot;:1,&amp;quot;335559685&amp;quot;:720,&amp;quot;335559991&amp;quot;:360,&amp;quot;469769226&amp;quot;:&amp;quot;Symbol&amp;quot;,&amp;quot;469769242&amp;quot;:[8226],&amp;quot;469777803&amp;quot;:&amp;quot;left&amp;quot;,&amp;quot;469777804&amp;quot;:&amp;quot;&amp;quot;,&amp;quot;469777815&amp;quot;:&amp;quot;hybridMultilevel&amp;quot;}&quot; data-aria-posinset=&quot;4&quot; data-aria-level=&quot;1&quot;&gt;&lt;span data-contrast=&quot;auto&quot;&gt;Flexibility in schedule and generous paid vacation (available immediately after start date)&lt;/span&gt;&lt;span data-ccp-props=&quot;{&amp;quot;335559739&amp;quot;:0}&quot;&gt;&amp;nbsp;&lt;/span&gt;&lt;/li&gt;
&lt;/ul&gt;
&lt;ul&gt;
&lt;li data-leveltext=&quot;&quot; data-font=&quot;Symbol&quot; data-listid=&quot;2&quot; data-list-defn-props=&quot;{&amp;quot;335552541&amp;quot;:1,&amp;quot;335559685&amp;quot;:720,&amp;quot;335559991&amp;quot;:360,&amp;quot;469769226&amp;quot;:&amp;quot;Symbol&amp;quot;,&amp;quot;469769242&amp;quot;:[8226],&amp;quot;469777803&amp;quot;:&amp;quot;left&amp;quot;,&amp;quot;469777804&amp;quot;:&amp;quot;&amp;quot;,&amp;quot;469777815&amp;quot;:&amp;quot;hybridMultilevel&amp;quot;}&quot; data-aria-posinset=&quot;5&quot; data-aria-level=&quot;1&quot;&gt;&lt;span data-contrast=&quot;auto&quot;&gt;AD+D and Life Insurance&lt;/span&gt;&lt;span data-ccp-props=&quot;{&amp;quot;335559739&amp;quot;:0}&quot;&gt;&amp;nbsp;&lt;/span&gt;&lt;/li&gt;
&lt;/ul&gt;
&lt;p&gt;&lt;span data-ccp-props=&quot;{&amp;quot;335559739&amp;quot;:0}&quot;&gt;&lt;span class=&quot;TextRun SCXW117940672 BCX0&quot; lang=&quot;EN-US&quot; data-contrast=&quot;auto&quot;&gt;&lt;span class=&quot;NormalTextRun SCXW117940672 BCX0&quot;&gt;At Torc, &lt;/span&gt;&lt;span class=&quot;NormalTextRun SCXW117940672 BCX0&quot;&gt;we’re&lt;/span&gt;&lt;span class=&quot;NormalTextRun SCXW117940672 BCX0&quot;&gt; committed to building a diverse and inclusive workplace. We celebrate the uniqueness of our &lt;/span&gt;&lt;span class=&quot;NormalTextRun SpellingErrorV2Themed SCXW117940672 BCX0&quot;&gt;Torc’rs&lt;/span&gt;&lt;span class=&quot;NormalTextRun SCXW117940672 BCX0&quot;&gt; and do not discriminate based on race, religion, color, national origin, gender (including pregnancy, childbirth, or related medical conditions), sexual orientation, gender identity, gender expression, age, veteran status, or disabilities.&lt;/span&gt;&lt;/span&gt;&lt;span class=&quot;LineBreakBlob BlobObject DragDrop SCXW117940672 BCX0&quot;&gt;&lt;span class=&quot;SCXW117940672 BCX0&quot;&gt;&amp;nbsp;&lt;/span&gt;&lt;br class=&quot;SCXW117940672 BCX0&quot;&gt;&lt;/span&gt;&lt;span class=&quot;TextRun SCXW117940672 BCX0&quot; lang=&quot;EN-US&quot; data-contrast=&quot;auto&quot;&gt;&lt;span class=&quot;NormalTextRun SCXW117940672 BCX0&quot;&gt;Even if you &lt;/span&gt;&lt;span class=&quot;NormalTextRun SCXW117940672 BCX0&quot;&gt;don’t&lt;/span&gt;&lt;span class=&quot;NormalTextRun SCXW117940672 BCX0&quot;&gt; meet 100% of the qualifications listed for this opportunity, we encourage you to apply.&lt;/span&gt;&lt;/span&gt;&lt;span class=&quot;EOP Selected SCXW117940672 BCX0&quot; data-ccp-props=&quot;{}&quot;&gt;&amp;nbsp;&lt;/span&gt;&lt;/span&gt;&lt;/p&gt;
&lt;p&gt;&lt;span data-ccp-props=&quot;{&amp;quot;335559739&amp;quot;:0}&quot;&gt;&lt;span class=&quot;NormalTextRun SCXW224255755 BCX0&quot;&gt;Our compensation reflects the cost of labor across several geographic markets. &lt;/span&gt;&lt;span class=&quot;NormalTextRun SCXW224255755 BCX0&quot;&gt;Pay is based on a number of factors and may vary depending on job-related knowledge, skills, and experience.&lt;/span&gt; &lt;span class=&quot;NormalTextRun SCXW224255755 BCX0&quot;&gt;Torc&#39;s total compensation package will also include our corporate bonus and stock option plan.&lt;/span&gt;&lt;span class=&quot;NormalTextRun SCXW224255755 BCX0&quot;&gt; Dependent on the position offered, sign-on payments, relocation, and other forms of compensation may be provided as part of a total compensation package, in addition to a full range of medical, financial, and/or other benefits.&lt;/span&gt;&lt;/span&gt;&lt;/p&gt;
&lt;p&gt;&lt;span data-ccp-props=&quot;{&amp;quot;335559739&amp;quot;:0}&quot;&gt;&lt;span class=&quot;TextRun SCXW120109045 BCX0&quot; lang=&quot;EN-US&quot; data-contrast=&quot;auto&quot;&gt;&lt;span class=&quot;NormalTextRun SCXW120109045 BCX0&quot;&gt;Job ID:&amp;nbsp;&lt;/span&gt;&lt;/span&gt;&lt;span class=&quot;EOP Selected SCXW120109045 BCX0&quot; data-ccp-props=&quot;{}&quot;&gt; 102943&lt;/span&gt;&lt;/span&gt;&lt;/p&gt;&lt;div class=&quot;content-pay-transparency&quot;&gt;&lt;div class=&quot;pay-input&quot;&gt;&lt;div class=&quot;description&quot;&gt;&lt;span style=&quot;text-decoration: underline;&quot;&gt;&lt;strong&gt;Hiring Range for Job Opening&amp;nbsp;&lt;/strong&gt;&lt;/span&gt;&lt;/div&gt;&lt;div class=&quot;title&quot;&gt;US Pay Range&lt;/div&gt;&lt;div class=&quot;pay-range&quot;&gt;&lt;span&gt;$106,600&lt;/span&gt;&lt;span class=&quot;divider&quot;&gt;&amp;mdash;&lt;/span&gt;&lt;span&gt;$127,900 USD&lt;/span&gt;&lt;/div&gt;&lt;/div&gt;&lt;/div&gt;",US,"Fort Worth, Texas, Remote - US",https://job-boards.greenhouse.io/torcrobotics/jobs/8719797002,"2026-08-19T11:15:24-04:00",Full Time,2026-08-31 20:56:55.376 +0700,12
greenhouse,Waymo,"Senior Software Engineer, Training Efficiency","&lt;div class=&quot;content-intro&quot;&gt;&lt;p&gt;Waymo is an autonomous driving technology company with the mission to be the world&#39;s most trusted driver. Since its start as the Google Self-Driving Car Project in 2009, Waymo has focused on building the Waymo Driver—The World&#39;s Most Experienced Driver™—to improve access to mobility while saving thousands of lives now lost to traffic crashes. The Waymo Driver powers Waymo’s fully autonomous ride-hail service and can also be applied to a range of vehicle platforms and product use cases. The Waymo Driver has provided over ten million rider-only trips, enabled by its experience autonomously driving over 100 million miles on public roads and tens of billions in simulation across 15+ U.S. states.&lt;/p&gt;&lt;/div&gt;&lt;p&gt;The Waymo ML Infrastructure team works with Research and Production teams to develop models in Perception and Planning that are core to our autonomous driving software. We help our partners by offering the best solutions for the entire model development lifecycle. These solutions are developed in close collaboration with teams at Google. They are geared towards both scaling models and solving problems unique to ML for autonomous driving. You will improve the runtime efficiency of input data pipelines for large-scale training workloads. This is a unique opportunity to work on ML systems and improve on our model training processes.&amp;nbsp;&lt;/p&gt;
&lt;p&gt;&lt;strong&gt;You Will:&lt;/strong&gt;&lt;/p&gt;
&lt;ul&gt;
&lt;li&gt;Design, and improve distributed input data pipelines for large-scale ML training workloads.&lt;/li&gt;
&lt;li&gt;Collaborate with researchers and ML engineers to resolve bottlenecks in data pipeline performance.&lt;/li&gt;
&lt;li&gt;Improve runtime goodput of ML training workload, including optimizing input data processing systems, ensuring scalability and reliability across distributed environments.&lt;/li&gt;
&lt;li&gt;Implement and maintain advanced ML infrastructure tools, including ML Pathways, Grain, JAX, and TensorFlow.&lt;/li&gt;
&lt;li&gt;Evaluate and integrate modern technologies to enhance the performance and scalability of ML systems.&lt;/li&gt;
&lt;li&gt;Promote best practices for distributed systems architecture and contribute to technical leadership within the team.&lt;/li&gt;
&lt;/ul&gt;
&lt;p&gt;&lt;strong&gt;You Have:&lt;/strong&gt;&lt;/p&gt;
&lt;ul&gt;
&lt;li&gt;B.S. in Computer Science, Math, or 5+ years equivalent real-world experience.&lt;/li&gt;
&lt;li&gt;Proficient in distributed systems design with an understanding of ML data pipeline optimization.&lt;/li&gt;
&lt;li&gt;Experience with ML frameworks, including TensorFlow and JAX.&lt;/li&gt;
&lt;li&gt;Hands-on experience libraries like Grain or tf.data service.&lt;/li&gt;
&lt;li&gt;Solid programming skills in Python and C++.&lt;/li&gt;
&lt;li&gt;Practical familiarity with profiling tools to uncover performance bottlenecks.&lt;/li&gt;
&lt;/ul&gt;
&lt;p&gt;&lt;strong&gt;We Prefer:&lt;/strong&gt;&lt;/p&gt;
&lt;ul&gt;
&lt;li&gt;MS in Computer Science, Math&lt;/li&gt;
&lt;li&gt;Familiarity with distributed dataflow frameworks like ML Pathways&lt;/li&gt;
&lt;/ul&gt;
&lt;p&gt;#LI-Hybrid&lt;/p&gt;&lt;div class=&quot;content-pay-transparency&quot;&gt;&lt;div class=&quot;pay-input&quot;&gt;&lt;div class=&quot;description&quot;&gt;&lt;p&gt;&lt;span style=&quot;font-weight: 400;&quot;&gt;The expected base salary range for this full-time position across US locations is listed below. Actual starting pay will be based on job-related factors, including exact work location, experience, relevant training and education, and skill level. Your recruiter can share more about the specific salary range for the role location or, if the role can be performed remote, the specific salary range for your preferred location, during the hiring process.&amp;nbsp;&lt;/span&gt;&lt;/p&gt;
&lt;p&gt;&lt;span style=&quot;font-weight: 400;&quot;&gt;Waymo employees are also eligible to participate in Waymo’s discretionary annual bonus program, equity incentive plan, and generous Company benefits program, subject to eligibility requirements.&amp;nbsp;&lt;/span&gt;&lt;/p&gt;&lt;/div&gt;&lt;div class=&quot;title&quot;&gt;Salary Range&lt;/div&gt;&lt;div class=&quot;pay-range&quot;&gt;&lt;span&gt;$238,000&lt;/span&gt;&lt;span class=&quot;divider&quot;&gt;&amp;mdash;&lt;/span&gt;&lt;span&gt;$302,000 USD&lt;/span&gt;&lt;/div&gt;&lt;/div&gt;&lt;/div&gt;",US,"Mountain View, California",https://careers.withwaymo.com/jobs?gh_jid=7121224,"2025-08-11T10:22:06-04:00",Full Time,2026-08-31 20:56:55.376 +0700,13
greenhouse,Gatik,Box Truck Driver ,"&lt;div&gt;
&lt;h3&gt;&lt;span style=&quot;font-family: &#39;times new roman&#39;, times, serif;&quot;&gt;Who we are&lt;/span&gt;&lt;/h3&gt;
&lt;p style=&quot;text-align: justify;&quot;&gt;&lt;span style=&quot;font-family: &#39;times new roman&#39;, times, serif;&quot;&gt;Gatik, the leader in autonomous middle-mile logistics, is revolutionizing the B2B supply chain with its autonomous transportation-as-a-service (ATaaS) solution and prioritizing safe, consistent deliveries while streamlining freight movement by reducing congestion. The company focuses on short-haul, B2B logistics for Fortune 500 retailers and in 2021 launched the world’s first fully driverless commercial transportation service with Walmart. Gatik&#39;s Class 3-7 autonomous trucks are commercially deployed across major markets, including Texas, Arkansas, and Ontario, Canada, driving innovation in freight transportation.&amp;nbsp;&lt;/span&gt;&lt;/p&gt;
&lt;p style=&quot;text-align: justify;&quot;&gt;&lt;span style=&quot;font-family: &#39;times new roman&#39;, times, serif;&quot;&gt;The company&#39;s proprietary Level 4 autonomous technology, Gatik Carrier™, is custom-built to transport freight safely and efficiently between pick-up and drop-off locations on the middle mile. With robust capabilities in both highway and urban environments, Gatik Carrier™ serves as an all-encompassing solution that integrates advanced software and hardware powering the fleet, facilitating effortless integration into customers&#39; logistics&lt;span style=&quot;font-size: 10pt;&quot;&gt; operations.&lt;/span&gt;&amp;nbsp;&lt;/span&gt;&lt;/p&gt;
&lt;/div&gt;
&lt;h3&gt;&lt;span style=&quot;font-family: &#39;times new roman&#39;, times, serif;&quot;&gt;About the role&lt;/span&gt;&lt;/h3&gt;
&lt;div&gt;&lt;span style=&quot;font-size: 10pt; font-family: &#39;times new roman&#39;, times, serif;&quot;&gt;Join&amp;nbsp;&lt;span class=&quot;hover:entity-accent entity-underline inline cursor-pointer align-baseline&quot;&gt;&lt;span class=&quot;whitespace-normal&quot;&gt;Gatik&lt;/span&gt;&lt;/span&gt;&amp;nbsp;in&amp;nbsp;&lt;strong data-start=&quot;66&quot; data-end=&quot;81&quot;&gt;Omaha&lt;/strong&gt;&amp;nbsp;and help support the future of autonomous trucking. In this role, you will operate CDL or box trucks while working alongside advanced vehicle technology that powers Gatik’s middle-mile logistics network.&lt;/span&gt;&lt;/div&gt;
&lt;div&gt;&lt;span style=&quot;font-size: 10pt; font-family: &#39;times new roman&#39;, times, serif;&quot;&gt;We’re looking for experienced, safety-focused drivers who are comfortable with new technology and excited to be part of the next generation of freight transportation.&lt;/span&gt;&lt;/div&gt;
&lt;div class=&quot;css-1dhd1xm eu4oa1w0&quot;&gt;
&lt;div class=&quot;jd-appended-job-description&quot;&gt;
&lt;div class=&quot;jd-section-employer&quot;&gt;
&lt;div class=&quot;jd-description-text&quot;&gt;
&lt;p&gt;&amp;nbsp;&lt;/p&gt;
&lt;p&gt;&lt;strong&gt;What You’ll Do&lt;/strong&gt;&lt;/p&gt;
&lt;ul&gt;
&lt;li style=&quot;font-size: 10pt; font-family: &#39;times new roman&#39;, times, serif;&quot;&gt;&lt;span style=&quot;font-size: 10pt; font-family: &#39;times new roman&#39;, times, serif;&quot;&gt;Operate &lt;strong&gt;26–30 ft box trucks &lt;/strong&gt;on dedicated local routes&lt;/span&gt;&lt;/li&gt;
&lt;li style=&quot;font-size: 10pt; font-family: &#39;times new roman&#39;, times, serif;&quot;&gt;&lt;span style=&quot;font-size: 10pt; font-family: &#39;times new roman&#39;, times, serif;&quot;&gt;No loading, dock-to-dock deliveries.&lt;/span&gt;&lt;/li&gt;
&lt;li style=&quot;font-size: 10pt; font-family: &#39;times new roman&#39;, times, serif;&quot;&gt;&lt;span style=&quot;font-size: 10pt; font-family: &#39;times new roman&#39;, times, serif;&quot;&gt;Use Samsara ELD &amp;amp; mobile apps for compliant logging and dispatch communication.&lt;/span&gt;&lt;/li&gt;
&lt;li style=&quot;font-size: 10pt; font-family: &#39;times new roman&#39;, times, serif;&quot;&gt;&lt;span style=&quot;font-size: 10pt; font-family: &#39;times new roman&#39;, times, serif;&quot;&gt;Prioritize safety and alertness in strict compliance with DOT guidelines&lt;/span&gt;&lt;/li&gt;
&lt;/ul&gt;
&lt;p&gt;&lt;strong&gt;What We’re Looking For&lt;/strong&gt;&lt;/p&gt;
&lt;ul&gt;
&lt;li style=&quot;font-size: 10pt; font-family: &#39;times new roman&#39;, times, serif;&quot;&gt;&lt;span style=&quot;font-size: 10pt; font-family: &#39;times new roman&#39;, times, serif;&quot;&gt;&lt;strong&gt;3+ years truck‑driving experience, including 1 year operating 26–30 ft box trucks (Required)&amp;nbsp;&lt;/strong&gt;&lt;/span&gt;&lt;/li&gt;
&lt;li style=&quot;font-size: 10pt; font-family: &#39;times new roman&#39;, times, serif;&quot;&gt;&lt;span style=&quot;font-size: 10pt; font-family: &#39;times new roman&#39;, times, serif;&quot;&gt;&lt;strong&gt;Valid DL/CDL&lt;/strong&gt;&amp;nbsp;(Required)&lt;/span&gt;&lt;/li&gt;
&lt;li style=&quot;font-size: 10pt; font-family: &#39;times new roman&#39;, times, serif;&quot;&gt;&lt;span style=&quot;font-size: 10pt; font-family: &#39;times new roman&#39;, times, serif;&quot;&gt;&lt;strong&gt;Clean MVR&lt;/strong&gt;&amp;nbsp;(Required)&lt;/span&gt;&lt;/li&gt;
&lt;li style=&quot;font-size: 10pt; font-family: &#39;times new roman&#39;, times, serif;&quot;&gt;&lt;span style=&quot;font-size: 10pt; font-family: &#39;times new roman&#39;, times, serif;&quot;&gt;Able to repeatedly mount and dismount 26-30ft commercial trucks safely using three points of contact&lt;/span&gt;&lt;/li&gt;
&lt;li style=&quot;font-size: 10pt; font-family: &#39;times new roman&#39;, times, serif;&quot;&gt;&lt;span style=&quot;font-size: 10pt; font-family: &#39;times new roman&#39;, times, serif;&quot;&gt;Comfortable with technology and ability to learn new applications&lt;/span&gt;&lt;/li&gt;
&lt;li style=&quot;font-size: 10pt; font-family: &#39;times new roman&#39;, times, serif;&quot;&gt;&lt;span style=&quot;font-size: 10pt; font-family: &#39;times new roman&#39;, times, serif;&quot;&gt;Able to pass a background check and drug screen&lt;/span&gt;&lt;/li&gt;
&lt;li style=&quot;font-size: 10pt; font-family: &#39;times new roman&#39;, times, serif;&quot;&gt;&lt;span style=&quot;font-size: 10pt; font-family: &#39;times new roman&#39;, times, serif;&quot;&gt;Flexible availability (rotating or variable shifts)&lt;/span&gt;&lt;/li&gt;
&lt;li style=&quot;font-size: 10pt; font-family: &#39;times new roman&#39;, times, serif;&quot;&gt;&lt;span style=&quot;font-size: 10pt; font-family: &#39;times new roman&#39;, times, serif;&quot;&gt;Excellent judgment under pressure&lt;/span&gt;&lt;/li&gt;
&lt;li style=&quot;font-size: 10pt; font-family: &#39;times new roman&#39;, times, serif;&quot;&gt;&lt;span style=&quot;font-size: 10pt; font-family: &#39;times new roman&#39;, times, serif;&quot;&gt;Strong communication skills and the ability to write clear, simple reports&lt;/span&gt;&lt;/li&gt;
&lt;li style=&quot;font-size: 10pt; font-family: &#39;times new roman&#39;, times, serif;&quot;&gt;&lt;span style=&quot;font-size: 10pt; font-family: &#39;times new roman&#39;, times, serif;&quot;&gt;Ability to repeatedly mount and dismount 26–30 ft commercial trucks safely using three points of contact.&lt;/span&gt;&lt;/li&gt;
&lt;/ul&gt;
&lt;p&gt;&lt;strong&gt;Why You’ll Love Working With Us&lt;/strong&gt;&lt;/p&gt;
&lt;ul&gt;
&lt;li style=&quot;font-size: 10pt; font-family: &#39;times new roman&#39;, times, serif;&quot;&gt;&lt;span style=&quot;font-size: 10pt; font-family: &#39;times new roman&#39;, times, serif;&quot;&gt;Local routes — home daily&lt;/span&gt;&lt;/li&gt;
&lt;li style=&quot;font-size: 10pt; font-family: &#39;times new roman&#39;, times, serif;&quot;&gt;&lt;span style=&quot;font-size: 10pt; font-family: &#39;times new roman&#39;, times, serif;&quot;&gt;Weekly pay&lt;/span&gt;&lt;/li&gt;
&lt;li style=&quot;font-size: 10pt; font-family: &#39;times new roman&#39;, times, serif;&quot;&gt;&lt;span style=&quot;font-size: 10pt; font-family: &#39;times new roman&#39;, times, serif;&quot;&gt;Competitive wages&lt;/span&gt;&lt;/li&gt;
&lt;li style=&quot;font-size: 10pt; font-family: &#39;times new roman&#39;, times, serif;&quot;&gt;&lt;span style=&quot;font-size: 10pt; font-family: &#39;times new roman&#39;, times, serif;&quot;&gt;Solid benefits package&lt;/span&gt;&lt;/li&gt;
&lt;li style=&quot;font-size: 10pt; font-family: &#39;times new roman&#39;, times, serif;&quot;&gt;&lt;span style=&quot;font-size: 10pt; font-family: &#39;times new roman&#39;, times, serif;&quot;&gt;Unlimited opportunities for growth&lt;/span&gt;&lt;/li&gt;
&lt;li style=&quot;font-size: 10pt; font-family: &#39;times new roman&#39;, times, serif;&quot;&gt;&lt;span style=&quot;font-size: 10pt; font-family: &#39;times new roman&#39;, times, serif;&quot;&gt;Be part of cutting-edge autonomous vehicle innovation&lt;/span&gt;&lt;/li&gt;
&lt;/ul&gt;
&lt;/div&gt;
&lt;/div&gt;
&lt;div class=&quot;jd-section-job-work-location&quot;&gt;
&lt;p data-start=&quot;0&quot; data-end=&quot;48&quot;&gt;&lt;strong data-start=&quot;0&quot; data-end=&quot;48&quot;&gt;Interested in Shaping the Future of Freight?&lt;/strong&gt;&lt;/p&gt;
&lt;p data-start=&quot;50&quot; data-end=&quot;247&quot;&gt;&lt;span style=&quot;font-size: 10pt; font-family: &#39;times new roman&#39;, times, serif;&quot;&gt;Apply today and bring your driving expertise to the world of autonomous technology.&amp;nbsp;&lt;span class=&quot;hover:entity-accent entity-underline inline cursor-pointer align-baseline&quot;&gt;&lt;span class=&quot;whitespace-normal&quot;&gt;Gatik&lt;/span&gt;&lt;/span&gt;&amp;nbsp;is growing rapidly, and this is an opportunity to grow your career with us.&lt;/span&gt;&lt;/p&gt;
&lt;span style=&quot;font-size: 10pt; font-family: &#39;times new roman&#39;, times, serif;&quot;&gt;&lt;strong data-start=&quot;249&quot; data-end=&quot;262&quot;&gt;Job Type:&lt;/strong&gt;&amp;nbsp;Full-time&lt;/span&gt;&lt;br data-start=&quot;272&quot; data-end=&quot;275&quot;&gt;&lt;span style=&quot;font-size: 10pt; font-family: &#39;times new roman&#39;, times, serif;&quot;&gt;&lt;strong data-path-to-node=&quot;1,0,0&quot; data-index-in-node=&quot;0&quot;&gt;Pay:&lt;/strong&gt; $25.00 – $27.00 / hour (based on CDL class)&lt;/span&gt;&lt;/div&gt;
&lt;div class=&quot;jd-section-job-work-location&quot;&gt;&lt;span style=&quot;font-size: 10pt; font-family: &#39;times new roman&#39;, times, serif;&quot;&gt;&lt;strong data-start=&quot;249&quot; data-end=&quot;262&quot;&gt;Shift:&lt;/strong&gt; Approx. 4:00AM to 12:00PM/4:00PM&lt;br data-start=&quot;272&quot; data-end=&quot;275&quot;&gt;&lt;strong data-path-to-node=&quot;1,0,0&quot; data-index-in-node=&quot;0&quot;&gt;Schedule:&lt;/strong&gt; 5-6 days (Monday through Sunday operation)&lt;/span&gt;&lt;/div&gt;
&lt;/div&gt;
&lt;/div&gt;
&lt;p&gt;&lt;span style=&quot;font-size: 10pt; font-family: &#39;times new roman&#39;, times, serif;&quot;&gt;&lt;strong data-start=&quot;249&quot; data-end=&quot;262&quot;&gt;Requirement:&lt;/strong&gt; (Open availability is required)&lt;br data-start=&quot;272&quot; data-end=&quot;275&quot;&gt;&lt;br&gt;&lt;/span&gt;&lt;strong&gt;&lt;span style=&quot;font-family: &#39;times new roman&#39;, times, serif;&quot;&gt;More about Gatik&lt;/span&gt;&lt;/strong&gt;&lt;/p&gt;
&lt;p&gt;&lt;span style=&quot;font-family: &#39;times new roman&#39;, times, serif;&quot;&gt;Founded in 2017 by experts in autonomous vehicle technology, Gatik has rapidly expanded its presence to Mountain View, Dallas-Fort Worth, Arkansas, and Toronto. As the &lt;em&gt;first and only&lt;/em&gt; company to achieve fully driverless middle-mile commercial deliveries, Gatik holds a unique and defensible position in the AV industry, with a clear trajectory toward sustainable growth and profitability.&lt;/span&gt;&lt;/p&gt;
&lt;p&gt;&lt;span style=&quot;font-family: &#39;times new roman&#39;, times, serif;&quot;&gt;We have delivered complete, proprietary AV technology - an integration of software and hardware - to enable earlier successes for our clients in constrained Level 4 autonomy.&amp;nbsp; By choosing the middle mile – with defined point-to-point delivery, we have simplified some of the more complex AV challenges, enabling us to achieve full autonomy ahead of competitors. Given extensive knowledge of Gatik’s well-defined, fixed route ODDs and hybrid architecture, we are able to hyper-optimize our models with exponentially less data, establish gate-keeping mechanisms to maintain explainability, and ensure continued safety of the system for unmanned operations.&lt;/span&gt;&lt;/p&gt;
&lt;p&gt;&lt;span style=&quot;font-family: &#39;times new roman&#39;, times, serif;&quot;&gt;Visit us at &lt;span style=&quot;text-decoration: underline;&quot;&gt;&lt;a href=&quot;http://gatik.ai/&quot;&gt;Gatik&lt;/a&gt;&lt;/span&gt; for more company information and &lt;span style=&quot;text-decoration: underline;&quot;&gt;&lt;a href=&quot;https://gatik.ai/careers/&quot;&gt;Careers at Gatik&lt;/a&gt;&lt;/span&gt; for more open roles.&lt;/span&gt;&lt;/p&gt;
&lt;h3&gt;&lt;span style=&quot;font-family: &#39;times new roman&#39;, times, serif;&quot;&gt;Notable News&lt;/span&gt;&lt;/h3&gt;
&lt;ul&gt;
&lt;li style=&quot;font-family: &#39;times new roman&#39;, times, serif;&quot;&gt;&lt;span style=&quot;font-family: &#39;times new roman&#39;, times, serif;&quot;&gt;Bloomberg: &lt;span style=&quot;text-decoration: underline;&quot;&gt;&lt;a href=&quot;https://www.bloomberg.com/news/articles/2026-01-27/autonomous-trucking-firm-gatik-inks-contracts-worth-600-million&quot;&gt;Autonomous Trucking Firm Gatik Inks Contracts Worth $600 Million&lt;/a&gt;&lt;/span&gt;&lt;/span&gt;&lt;/li&gt;
&lt;li style=&quot;font-family: &#39;times new roman&#39;, times, serif;&quot;&gt;&lt;span style=&quot;font-family: &#39;times new roman&#39;, times, serif;&quot;&gt;Forbes: &lt;span style=&quot;text-decoration: underline;&quot;&gt;&lt;a href=&quot;https://www.forbes.com/sites/alanohnsman/2026/01/28/hundreds-of-gatik-robot-delivery-trucks-headed-for-us-roads/?utm_campaign=ForbesMainLI&amp;amp;utm_source=ForbesMainLinkedIn&amp;amp;utm_medium=social&quot;&gt;Hundreds’ Of Gatik Robot Delivery Trucks Headed For U.S. Roads&lt;/a&gt;&lt;/span&gt;&lt;/span&gt;&lt;/li&gt;
&lt;li style=&quot;font-family: &#39;times new roman&#39;, times, serif;&quot;&gt;&lt;span style=&quot;font-family: &#39;times new roman&#39;, times, serif;&quot;&gt;Forbes:&amp;nbsp;&lt;a href=&quot;https://www.forbes.com/sites/richardbishop1/2025/09/23/gatik-and-loblaw-announce-largest-commercial-deployment-of-av-trucks/&quot;&gt;&lt;span style=&quot;text-decoration: underline;&quot;&gt;Gatik And Loblaw Announce Largest Commercial Deployment Of AV Trucks&lt;/span&gt;&lt;/a&gt;&lt;/span&gt;&lt;/li&gt;
&lt;li style=&quot;font-family: &#39;times new roman&#39;, times, serif;&quot;&gt;&lt;span style=&quot;font-family: &#39;times new roman&#39;, times, serif;&quot;&gt;Forbes:&amp;nbsp;&lt;span style=&quot;text-decoration: underline;&quot;&gt;&lt;a href=&quot;https://www.forbes.com/sites/alanohnsman/2023/09/05/forget-robotaxis-upstart-gatik-sees-middle-mile-deliveries-as-the-path-to-profitable-avs/?sh=52b7a7866e61&quot;&gt;Forget robotaxis. Upstart Gatik sees middle-mile deliveries as the path to profitable AVs&lt;/a&gt;&lt;/span&gt;&lt;/span&gt;&lt;/li&gt;
&lt;li style=&quot;font-family: &#39;times new roman&#39;, times, serif;&quot;&gt;&lt;span style=&quot;font-family: &#39;times new roman&#39;, times, serif;&quot;&gt;Tech Brew: &lt;span style=&quot;text-decoration: underline;&quot;&gt;&lt;a href=&quot;https://www.emergingtechbrew.com/stories/2024/09/06/gatik-ai-richard-steiner-regulations-av-industry&quot;&gt;Gatik AI exec unpacks the regulations that could shape the AV industry&lt;/a&gt;&lt;/span&gt;&lt;/span&gt;&lt;/li&gt;
&lt;li style=&quot;font-family: &#39;times new roman&#39;, times, serif;&quot;&gt;&lt;span style=&quot;font-family: &#39;times new roman&#39;, times, serif;&quot;&gt;Business Wire: &lt;span style=&quot;text-decoration: underline;&quot;&gt;&lt;a href=&quot;https://www.businesswire.com/news/home/20241008155613/en/Gatik-Paves-the-Way-for-Safe-Driverless-Operations-%E2%80%98Freight-Only%E2%80%99-at-Scale-with-Industry-First-Third-Party-Safety-Assessment-Framework&quot;&gt;Gatik Paves the Way for Safe Driverless Operations (‘Freight-Only’) at Scale with Industry-First Third-Party Safety Assessment Framework&lt;/a&gt;&lt;/span&gt;&lt;/span&gt;&lt;/li&gt;
&lt;li style=&quot;font-family: &#39;times new roman&#39;, times, serif;&quot;&gt;&lt;span style=&quot;font-family: &#39;times new roman&#39;, times, serif;&quot;&gt;Auto Futures: &lt;span style=&quot;text-decoration: underline;&quot;&gt;&lt;a href=&quot;https://www.autofutures.tv/news-features/autonomous-trucking-group-gatik-secures-investment-from-nippon-express-holdings/s/e125e5df-220b-42b6-b2df-754f54d602a9&quot;&gt;Autonomous Trucking Group Gatik Secures Investment From NIPPON EXPRESS HOLDINGS&lt;/a&gt;&lt;/span&gt;&lt;/span&gt;&lt;/li&gt;
&lt;li style=&quot;font-family: &#39;times new roman&#39;, times, serif;&quot;&gt;&lt;span style=&quot;font-family: &#39;times new roman&#39;, times, serif;&quot;&gt;Automotive News: &lt;span style=&quot;text-decoration: underline;&quot;&gt;&lt;a href=&quot;https://www.autonews.com/mobility-report/gatik-prepares-launch-self-driving-trucks-scale&quot;&gt;Gatik foresees hundreds of self-driving trucks on road soon, and that&#39;s just the beginning&lt;/a&gt;&lt;/span&gt;&lt;/span&gt;&lt;/li&gt;
&lt;li style=&quot;font-family: &#39;times new roman&#39;, times, serif;&quot;&gt;&lt;span style=&quot;font-family: &#39;times new roman&#39;, times, serif;&quot;&gt;Forbes: &lt;span style=&quot;text-decoration: underline;&quot;&gt;&lt;a href=&quot;https://www.forbes.com/sites/richardbishop1/2024/05/30/isuzu-and-gatik-go-all-in-to-scale-up-driverless-freight-services/&quot;&gt;Isuzu And Gatik Go All In To Scale Up Driverless Freight Services&lt;/a&gt;&lt;/span&gt;&lt;/span&gt;&lt;/li&gt;
&lt;li style=&quot;font-family: &#39;times new roman&#39;, times, serif;&quot;&gt;&lt;span style=&quot;font-family: &#39;times new roman&#39;, times, serif;&quot;&gt;Bloomberg: &lt;span style=&quot;text-decoration: underline;&quot;&gt;&lt;a href=&quot;https://www.bloomberg.com/news/newsletters/2024-05-24/autonomous-vehicle-startup-takes-off-by-picking-off-easier-routes&quot;&gt;Autonomous Vehicle Startup Takes Off by Picking Off Easier Routes&lt;/a&gt;&lt;/span&gt;&lt;/span&gt;&lt;/li&gt;
&lt;li style=&quot;font-family: &#39;times new roman&#39;, times, serif;&quot;&gt;&lt;span style=&quot;font-family: &#39;times new roman&#39;, times, serif;&quot;&gt;Reuters: &lt;span style=&quot;text-decoration: underline;&quot;&gt;&lt;a href=&quot;https://www.reuters.com/technology/driverless-vehicles-limited-routes-bump-along-despite-us-robotaxi-scrutiny-2023-12-13/&quot;&gt;Driverless vehicles on limited routes bump along despite US robotaxi scrutiny&lt;/a&gt;&lt;/span&gt;&lt;/span&gt;&lt;/li&gt;
&lt;/ul&gt;
&lt;h3&gt;&lt;span style=&quot;font-family: &#39;times new roman&#39;, times, serif;&quot;&gt;Taking care of our team&lt;/span&gt;&lt;/h3&gt;
&lt;p style=&quot;text-align: justify;&quot;&gt;&lt;span style=&quot;font-family: &#39;times new roman&#39;, times, serif;&quot;&gt;At Gatik, we connect people of extraordinary talent and experience to an opportunity to create a more resilient supply chain and contribute to our environment’s sustainability. We are diverse in our backgrounds and perspectives yet united by a bold vision and shared commitment to our values. Our culture emphasizes the importance of collaboration, respect and agility.&lt;/span&gt;&lt;/p&gt;
&lt;p style=&quot;text-align: justify;&quot;&gt;&lt;span style=&quot;font-family: &#39;times new roman&#39;, times, serif;&quot;&gt;We at Gatik strive to create a diverse and inclusive environment where everyone feels they have opportunities to succeed and grow because we know that together we can do great things. We are committed to an inclusive and diverse team. We do not discriminate based on race, color, ethnicity, ancestry, national origin, religion, sex, gender, gender identity, gender expression, sexual orientation, age, disability, veteran status, genetic information, marital status or any legally protected status.&lt;/span&gt;&lt;/p&gt;
&lt;h3&gt;&amp;nbsp;&lt;/h3&gt;
&lt;p style=&quot;text-align: justify;&quot;&gt;&amp;nbsp;&lt;/p&gt;",US,"Omaha, Nebraska",https://boards.greenhouse.io/gatikaiinc/jobs/4579299006?gh_jid=4579299006,"2025-06-25T16:44:55-04:00",Full Time,2026-08-31 20:56:55.376 +0700,14
greenhouse,May Mobility,"Lead, Safety Assurance","&lt;div class=&quot;content-intro&quot;&gt;&lt;p&gt;&lt;span style=&quot;font-size: 12pt;&quot;&gt;May Mobility is transforming cities through autonomous technology to create a safer, greener, more accessible world. Based in Ann Arbor, Michigan, May develops and deploys autonomous vehicles (AVs) powered by our innovative Multi-Policy Decision Making (MPDM) technology that literally reimagines the way AVs think.&lt;/span&gt;&lt;br&gt;&lt;br&gt;&lt;span style=&quot;font-size: 12pt;&quot;&gt;Our vehicles do more than just drive themselves - they provide value to communities, bridge public transit gaps and move people where they need to go safely, easily and with a lot more fun. We’re building the world’s best autonomy system to reimagine transit by minimizing congestion, expanding access and encouraging better land use in order to foster more green, vibrant and livable spaces. Since our founding in 2017, we’ve given more than 500,000 autonomous rides to real people around the globe. And we’re just getting started. We’re hiring people who share our passion for building the future, today, solving real-world problems and seeing the impact of their work. Join us.&lt;/span&gt;&lt;/p&gt;&lt;/div&gt;&lt;p&gt;&lt;span style=&quot;font-size: 12pt;&quot;&gt;&lt;strong&gt;Job Summary&lt;/strong&gt;&lt;/span&gt;&lt;/p&gt;
&lt;p&gt;&lt;span style=&quot;font-size: 12pt;&quot;&gt;May Mobility is seeking a Lead, Safety Assurance to serve as the company&#39;s primary authority on autonomous vehicle safety compliance. Reporting to the Legal team and supporting the engineering safety team, this senior subject matter expert role operates independently from the engineering Safety organization to provide an objective, compliance-anchored perspective on May Mobility&#39;s safety posture. This person will lead regulatory engagement on safety matters end-to-end—from monitoring emerging federal and state requirements to leading NHTSA correspondence, reviewing SGO incident narratives, and maintaining the compliance documentation that underpins May Mobility&#39;s ability to operate and expand.&lt;/span&gt;&lt;/p&gt;
&lt;p&gt;&lt;span style=&quot;font-size: 12pt;&quot;&gt;This role requires someone who combines deep regulatory expertise with firsthand knowledge of how federal safety frameworks apply in practice—and who can translate that knowledge into durable internal processes appropriate in an agile startup environment, credible external submissions, and sound counsel to Safety and Legal leadership.&lt;/span&gt;&lt;/p&gt;
&lt;p&gt;&lt;span style=&quot;font-size: 12pt;&quot;&gt;&lt;strong&gt;Essential Responsibilities&lt;/strong&gt;&lt;/span&gt;&lt;/p&gt;
&lt;p&gt;&lt;span style=&quot;font-size: 12pt;&quot;&gt;&lt;strong&gt;NHTSA &amp;amp; SGO Leadership&lt;/strong&gt;&lt;/span&gt;&lt;/p&gt;
&lt;ul&gt;
&lt;li style=&quot;font-size: 12pt;&quot;&gt;&lt;span style=&quot;font-size: 12pt;&quot;&gt;Review, quality-assure, and approve SGO incident narratives prior to submission, ensuring accuracy, completeness, and appropriate framing&lt;/span&gt;&lt;/li&gt;
&lt;li style=&quot;font-size: 12pt;&quot;&gt;&lt;span style=&quot;font-size: 12pt;&quot;&gt;Monitor NHTSA and state enforcement trends, proposed rulemakings, safety guidance, and regulatory developments at the state and federal levels; proactively surface implications to Safety and Legal leadership&lt;/span&gt;&lt;/li&gt;
&lt;li style=&quot;font-size: 12pt;&quot;&gt;&lt;span style=&quot;font-size: 12pt;&quot;&gt;Support responses to NHTSA investigations or enforcement actions, coordinating with outside counsel and internal stakeholders as needed&lt;/span&gt;&lt;/li&gt;
&lt;/ul&gt;
&lt;p&gt;&lt;span style=&quot;font-size: 12pt;&quot;&gt;&lt;strong&gt;Regulatory Compliance &amp;amp; Gap Analysis&lt;/strong&gt;&lt;/span&gt;&lt;/p&gt;
&lt;ul&gt;
&lt;li style=&quot;font-size: 12pt;&quot;&gt;&lt;span style=&quot;font-size: 12pt;&quot;&gt;Monitor federal and state AV regulatory requirements and assess alignment with May Mobility’s internal safety policies, identifying gaps where internal standards fall short of the regulatory floor&lt;/span&gt;&lt;/li&gt;
&lt;li style=&quot;font-size: 12pt;&quot;&gt;&lt;span style=&quot;font-size: 12pt;&quot;&gt;Support development of internal safety benchmarks, including review of the company SMS calibrated against applicable federal standards, including FMVSS, NHTSA frameworks, SAE standards, and other industry best practices&lt;/span&gt;&lt;/li&gt;
&lt;li style=&quot;font-size: 12pt;&quot;&gt;&lt;span style=&quot;font-size: 12pt;&quot;&gt;Participate in enterprise risk management activities with a regulatory consequence lens, assessing whether identified operational risks carry regulatory implications&lt;/span&gt;&lt;/li&gt;
&lt;li style=&quot;font-size: 12pt;&quot;&gt;&lt;span style=&quot;font-size: 12pt;&quot;&gt;Track emerging ADS-related guidance, enforcement trends, and state-level rulemakings; maintain a current regulatory landscape view for leadership&lt;/span&gt;&lt;/li&gt;
&lt;/ul&gt;
&lt;p&gt;&lt;span style=&quot;font-size: 12pt;&quot;&gt;&lt;strong&gt;Compliance Documentation &amp;amp; Submissions&lt;/strong&gt;&lt;/span&gt;&lt;/p&gt;
&lt;ul&gt;
&lt;li style=&quot;font-size: 12pt;&quot;&gt;&lt;span style=&quot;font-size: 12pt;&quot;&gt;Create and maintain a comprehensive library of compliance documentation, including regulatory context summaries, gap analyses, submission records, and background materials&lt;/span&gt;&lt;/li&gt;
&lt;li style=&quot;font-size: 12pt;&quot;&gt;&lt;span style=&quot;font-size: 12pt;&quot;&gt;Prepare and review safety-relevant regulatory submissions and correspondence, ensuring accuracy of safety content and appropriate routing through Legal prior to submission&lt;/span&gt;&lt;/li&gt;
&lt;li style=&quot;font-size: 12pt;&quot;&gt;&lt;span style=&quot;font-size: 12pt;&quot;&gt;Prepare supporting documentation for regulatory engagements where safety posture is relevant, including materials for meetings with state DOTs, federal agencies, and other stakeholders&lt;/span&gt;&lt;/li&gt;
&lt;/ul&gt;
&lt;p&gt;&lt;span style=&quot;font-size: 12pt;&quot;&gt;&lt;strong&gt;Safety Assurance &amp;amp; Cross-Functional Advisory&lt;/strong&gt;&lt;/span&gt;&lt;/p&gt;
&lt;ul&gt;
&lt;li style=&quot;font-size: 12pt;&quot;&gt;&lt;span style=&quot;font-size: 12pt;&quot;&gt;Advise on passenger and public safety best practices informed by federal standards, NTSB findings, and industry precedent; support their operationalization within May Mobility’s safety programs&lt;/span&gt;&lt;/li&gt;
&lt;li style=&quot;font-size: 12pt;&quot;&gt;&lt;span style=&quot;font-size: 12pt;&quot;&gt;Provide regulatory compliance perspective to Safety leadership on safety case development, incident response, and operational risk decisions&lt;/span&gt;&lt;/li&gt;
&lt;li style=&quot;font-size: 12pt;&quot;&gt;&lt;span style=&quot;font-size: 12pt;&quot;&gt;Coordinate with outside counsel on regulatory strategy, submission review, and government engagement as needed&lt;/span&gt;&lt;/li&gt;
&lt;li style=&quot;font-size: 12pt;&quot;&gt;&lt;span style=&quot;font-size: 12pt;&quot;&gt;Brief executive and Legal leadership on regulatory developments, compliance status, and recommended response actions&lt;/span&gt;&lt;/li&gt;
&lt;/ul&gt;
&lt;p&gt;&lt;span style=&quot;font-size: 12pt;&quot;&gt;&lt;strong&gt;Skills and Abilities&lt;/strong&gt;&lt;/span&gt;&lt;/p&gt;
&lt;p&gt;&lt;span style=&quot;font-size: 12pt;&quot;&gt;&lt;em&gt;Success in this role typically requires the following competencies:&lt;/em&gt;&lt;/span&gt;&lt;/p&gt;
&lt;ul&gt;
&lt;li style=&quot;font-size: 12pt;&quot;&gt;&lt;span style=&quot;font-size: 12pt;&quot;&gt;Exceptional written communication skills; able to translate complex technical safety content into accurate, defensible regulatory language&lt;/span&gt;&lt;/li&gt;
&lt;li style=&quot;font-size: 12pt;&quot;&gt;&lt;span style=&quot;font-size: 12pt;&quot;&gt;Ability to operate independently and exercise sound judgment across ambiguous, high-stakes situations&lt;/span&gt;&lt;/li&gt;
&lt;/ul&gt;
&lt;p&gt;&lt;span style=&quot;font-size: 12pt;&quot;&gt;&lt;strong&gt;Qualifications and Experience&lt;/strong&gt;&lt;/span&gt;&lt;/p&gt;
&lt;p&gt;&lt;span style=&quot;font-size: 12pt;&quot;&gt;&lt;em&gt;Candidates most successful in this role typically hold the following qualifications or comparable knowledge or experience:&lt;/em&gt;&lt;/span&gt;&lt;/p&gt;
&lt;ul&gt;
&lt;li style=&quot;font-size: 12pt;&quot;&gt;&lt;span style=&quot;font-size: 12pt;&quot;&gt;7+ years of experience in AV safety regulation, incident management, or safety compliance within NHTSA, a federal agency, or an AV/automotive company&lt;/span&gt;&lt;/li&gt;
&lt;li style=&quot;font-size: 12pt;&quot;&gt;&lt;span style=&quot;font-size: 12pt;&quot;&gt;Deep familiarity with NHTSA’s Standing General Order (SGO) reporting requirements and crash investigation processes&lt;/span&gt;&lt;/li&gt;
&lt;li style=&quot;font-size: 12pt;&quot;&gt;&lt;span style=&quot;font-size: 12pt;&quot;&gt;Hands-on experience with FMVSS, NHTSA exemption frameworks, and SAE ADS taxonomy&lt;/span&gt;&lt;/li&gt;
&lt;li style=&quot;font-size: 12pt;&quot;&gt;&lt;span style=&quot;font-size: 12pt;&quot;&gt;Proven ability to prepare and manage regulatory submissions, safety correspondence, and compliance documentation&lt;/span&gt;&lt;/li&gt;
&lt;li style=&quot;font-size: 12pt;&quot;&gt;&lt;span style=&quot;font-size: 12pt;&quot;&gt;Experience working closely with or alongside legal counsel on regulatory matters and strategy&lt;/span&gt;&lt;/li&gt;
&lt;/ul&gt;
&lt;p&gt;&lt;span style=&quot;font-size: 12pt;&quot;&gt;&lt;strong&gt;Preferred&amp;nbsp;&lt;/strong&gt;&lt;/span&gt;&lt;/p&gt;
&lt;ul&gt;
&lt;li style=&quot;font-size: 12pt;&quot;&gt;&lt;span style=&quot;font-size: 12pt;&quot;&gt;Prior experience at NHTSA’s Office of Automation Safety, Office of Vehicle Safety Compliance, or equivalent federal safety office&lt;/span&gt;&lt;/li&gt;
&lt;li style=&quot;font-size: 12pt;&quot;&gt;&lt;span style=&quot;font-size: 12pt;&quot;&gt;Background in crash reconstruction, forensic engineering, or ADS safety case evaluation&lt;/span&gt;&lt;/li&gt;
&lt;li style=&quot;font-size: 12pt;&quot;&gt;&lt;span style=&quot;font-size: 12pt;&quot;&gt;Experience briefing senior leadership or executive teams on incident trends and regulatory strategy&lt;/span&gt;&lt;/li&gt;
&lt;li style=&quot;font-size: 12pt;&quot;&gt;&lt;span style=&quot;font-size: 12pt;&quot;&gt;Graduate degree in mechanical engineering, safety engineering, or a related technical field&lt;/span&gt;&lt;/li&gt;
&lt;li style=&quot;font-size: 12pt;&quot;&gt;&lt;span style=&quot;font-size: 12pt;&quot;&gt;Experience working within cross-functional teams to manage safety critical issues&lt;/span&gt;&lt;/li&gt;
&lt;/ul&gt;
&lt;p&gt;&lt;span style=&quot;font-size: 12pt;&quot;&gt;&lt;strong&gt;Physical Requirements&lt;/strong&gt;&lt;/span&gt;&lt;/p&gt;
&lt;ul&gt;
&lt;li style=&quot;font-size: 12pt;&quot;&gt;&lt;span style=&quot;font-size: 12pt;&quot;&gt;Standard office working conditions which includes but not limited to:&lt;/span&gt;&lt;/li&gt;
&lt;ul&gt;
&lt;li style=&quot;font-size: 12pt;&quot;&gt;&lt;span style=&quot;font-size: 12pt;&quot;&gt;Prolonged sitting&lt;/span&gt;&lt;/li&gt;
&lt;li style=&quot;font-size: 12pt;&quot;&gt;&lt;span style=&quot;font-size: 12pt;&quot;&gt;Prolonged standing&lt;/span&gt;&lt;/li&gt;
&lt;li style=&quot;font-size: 12pt;&quot;&gt;&lt;span style=&quot;font-size: 12pt;&quot;&gt;Prolonged computer use&lt;/span&gt;&lt;/li&gt;
&lt;/ul&gt;
&lt;li style=&quot;font-size: 12pt;&quot;&gt;&lt;span style=&quot;font-size: 12pt;&quot;&gt;Travel Required?&lt;strong&gt; &lt;/strong&gt;&amp;nbsp;&lt;span data-rich-links=&quot;{&amp;quot;dde_di&amp;quot;:&amp;quot;kix.yoved9f8dcwk&amp;quot;,&amp;quot;dde-fdv&amp;quot;:&amp;quot;Minimal: 1%-10%&amp;quot;,&amp;quot;dde-sii&amp;quot;:&amp;quot;dropdownItem.46jgrysombt1&amp;quot;,&amp;quot;ddefe-ddi&amp;quot;:{&amp;quot;cv&amp;quot;:{&amp;quot;op&amp;quot;:&amp;quot;set&amp;quot;,&amp;quot;opValue&amp;quot;:[{&amp;quot;di-id&amp;quot;:&amp;quot;dropdownItem.buibgfbx5qcf&amp;quot;,&amp;quot;di-v&amp;quot;:&amp;quot;Select Expected Travel&amp;quot;,&amp;quot;di-dv&amp;quot;:&amp;quot;Select Expected Travel&amp;quot;,&amp;quot;di-ts&amp;quot;:{&amp;quot;ts_bd&amp;quot;:false,&amp;quot;ts_fs&amp;quot;:11,&amp;quot;ts_ff&amp;quot;:&amp;quot;Arial&amp;quot;,&amp;quot;ts_it&amp;quot;:false,&amp;quot;ts_sc&amp;quot;:false,&amp;quot;ts_st&amp;quot;:false,&amp;quot;ts_tw&amp;quot;:400,&amp;quot;ts_un&amp;quot;:false,&amp;quot;ts_va&amp;quot;:&amp;quot;nor&amp;quot;,&amp;quot;ts_bgc2&amp;quot;:{&amp;quot;clr_type&amp;quot;:0,&amp;quot;hclr_color&amp;quot;:&amp;quot;#e6e6e6&amp;quot;},&amp;quot;ts_fgc2&amp;quot;:{&amp;quot;clr_type&amp;quot;:0,&amp;quot;hclr_color&amp;quot;:&amp;quot;#3d3d3d&amp;quot;},&amp;quot;ts_bd_i&amp;quot;:false,&amp;quot;ts_fs_i&amp;quot;:false,&amp;quot;ts_ff_i&amp;quot;:false,&amp;quot;ts_it_i&amp;quot;:false,&amp;quot;ts_sc_i&amp;quot;:false,&amp;quot;ts_st_i&amp;quot;:false,&amp;quot;ts_un_i&amp;quot;:false,&amp;quot;ts_va_i&amp;quot;:false,&amp;quot;ts_bgc2_i&amp;quot;:false,&amp;quot;ts_fgc2_i&amp;quot;:false},&amp;quot;di-cv&amp;quot;:{&amp;quot;dicv_v&amp;quot;:0,&amp;quot;dicv_ft&amp;quot;:0}},{&amp;quot;di-id&amp;quot;:&amp;quot;dropdownItem.oikolz35vv2k&amp;quot;,&amp;quot;di-v&amp;quot;:&amp;quot;No: 0%&amp;quot;,&amp;quot;di-dv&amp;quot;:&amp;quot;No: 0%&amp;quot;,&amp;quot;di-ts&amp;quot;:{&amp;quot;ts_bd&amp;quot;:false,&amp;quot;ts_fs&amp;quot;:11,&amp;quot;ts_ff&amp;quot;:&amp;quot;Arial&amp;quot;,&amp;quot;ts_it&amp;quot;:false,&amp;quot;ts_sc&amp;quot;:false,&amp;quot;ts_st&amp;quot;:false,&amp;quot;ts_tw&amp;quot;:400,&amp;quot;ts_un&amp;quot;:false,&amp;quot;ts_va&amp;quot;:&amp;quot;nor&amp;quot;,&amp;quot;ts_bgc2&amp;quot;:{&amp;quot;clr_type&amp;quot;:0,&amp;quot;hclr_color&amp;quot;:&amp;quot;#d4edbc&amp;quot;},&amp;quot;ts_fgc2&amp;quot;:{&amp;quot;clr_type&amp;quot;:0,&amp;quot;hclr_color&amp;quot;:&amp;quot;#11734b&amp;quot;},&amp;quot;ts_bd_i&amp;quot;:false,&amp;quot;ts_fs_i&amp;quot;:false,&amp;quot;ts_ff_i&amp;quot;:false,&amp;quot;ts_it_i&amp;quot;:false,&amp;quot;ts_sc_i&amp;quot;:false,&amp;quot;ts_st_i&amp;quot;:false,&amp;quot;ts_un_i&amp;quot;:false,&amp;quot;ts_va_i&amp;quot;:false,&amp;quot;ts_bgc2_i&amp;quot;:false,&amp;quot;ts_fgc2_i&amp;quot;:false},&amp;quot;di-cv&amp;quot;:{&amp;quot;dicv_v&amp;quot;:0,&amp;quot;dicv_ft&amp;quot;:0}},{&amp;quot;di-id&amp;quot;:&amp;quot;dropdownItem.46jgrysombt1&amp;quot;,&amp;quot;di-v&amp;quot;:&amp;quot;Minimal: 1%-10%&amp;quot;,&amp;quot;di-dv&amp;quot;:&amp;quot;Minimal: 1%-10%&amp;quot;,&amp;quot;di-ts&amp;quot;:{&amp;quot;ts_bd&amp;quot;:false,&amp;quot;ts_fs&amp;quot;:11,&amp;quot;ts_ff&amp;quot;:&amp;quot;Arial&amp;quot;,&amp;quot;ts_it&amp;quot;:false,&amp;quot;ts_sc&amp;quot;:false,&amp;quot;ts_st&amp;quot;:false,&amp;quot;ts_tw&amp;quot;:400,&amp;quot;ts_un&amp;quot;:false,&amp;quot;ts_va&amp;quot;:&amp;quot;nor&amp;quot;,&amp;quot;ts_bgc2&amp;quot;:{&amp;quot;clr_type&amp;quot;:0,&amp;quot;hclr_color&amp;quot;:&amp;quot;#d4edbc&amp;quot;},&amp;quot;ts_fgc2&amp;quot;:{&amp;quot;clr_type&amp;quot;:0,&amp;quot;hclr_color&amp;quot;:&amp;quot;#11734b&amp;quot;},&amp;quot;ts_bd_i&amp;quot;:false,&amp;quot;ts_fs_i&amp;quot;:false,&amp;quot;ts_ff_i&amp;quot;:false,&amp;quot;ts_it_i&amp;quot;:false,&amp;quot;ts_sc_i&amp;quot;:false,&amp;quot;ts_st_i&amp;quot;:false,&amp;quot;ts_un_i&amp;quot;:false,&amp;quot;ts_va_i&amp;quot;:false,&amp;quot;ts_bgc2_i&amp;quot;:false,&amp;quot;ts_fgc2_i&amp;quot;:false},&amp;quot;di-cv&amp;quot;:{&amp;quot;dicv_v&amp;quot;:0,&amp;quot;dicv_ft&amp;quot;:0}},{&amp;quot;di-id&amp;quot;:&amp;quot;dropdownItem.73gee6xsb50v&amp;quot;,&amp;quot;di-v&amp;quot;:&amp;quot;Moderate: 11%-25%&amp;quot;,&amp;quot;di-dv&amp;quot;:&amp;quot;Moderate: 11%-25%&amp;quot;,&amp;quot;di-ts&amp;quot;:{&amp;quot;ts_bd&amp;quot;:false,&amp;quot;ts_fs&amp;quot;:11,&amp;quot;ts_ff&amp;quot;:&amp;quot;Arial&amp;quot;,&amp;quot;ts_it&amp;quot;:false,&amp;quot;ts_sc&amp;quot;:false,&amp;quot;ts_st&amp;quot;:false,&amp;quot;ts_tw&amp;quot;:400,&amp;quot;ts_un&amp;quot;:false,&amp;quot;ts_va&amp;quot;:&amp;quot;nor&amp;quot;,&amp;quot;ts_bgc2&amp;quot;:{&amp;quot;clr_type&amp;quot;:0,&amp;quot;hclr_color&amp;quot;:&amp;quot;#d4edbc&amp;quot;},&amp;quot;ts_fgc2&amp;quot;:{&amp;quot;clr_type&amp;quot;:0,&amp;quot;hclr_color&amp;quot;:&amp;quot;#11734b&amp;quot;},&amp;quot;ts_bd_i&amp;quot;:false,&amp;quot;ts_fs_i&amp;quot;:false,&amp;quot;ts_ff_i&amp;quot;:false,&amp;quot;ts_it_i&amp;quot;:false,&amp;quot;ts_sc_i&amp;quot;:false,&amp;quot;ts_st_i&amp;quot;:false,&amp;quot;ts_un_i&amp;quot;:false,&amp;quot;ts_va_i&amp;quot;:false,&amp;quot;ts_bgc2_i&amp;quot;:false,&amp;quot;ts_fgc2_i&amp;quot;:false},&amp;quot;di-cv&amp;quot;:{&amp;quot;dicv_v&amp;quot;:0,&amp;quot;dicv_ft&amp;quot;:0}},{&amp;quot;di-id&amp;quot;:&amp;quot;dropdownItem.gsw9emavxr25&amp;quot;,&amp;quot;di-v&amp;quot;:&amp;quot;Frequent: 26%-50%&amp;quot;,&amp;quot;di-dv&amp;quot;:&amp;quot;Frequent: 26%-50%&amp;quot;,&amp;quot;di-ts&amp;quot;:{&amp;quot;ts_bd&amp;quot;:false,&amp;quot;ts_fs&amp;quot;:11,&amp;quot;ts_ff&amp;quot;:&amp;quot;Arial&amp;quot;,&amp;quot;ts_it&amp;quot;:false,&amp;quot;ts_sc&amp;quot;:false,&amp;quot;ts_st&amp;quot;:false,&amp;quot;ts_tw&amp;quot;:400,&amp;quot;ts_un&amp;quot;:false,&amp;quot;ts_va&amp;quot;:&amp;quot;nor&amp;quot;,&amp;quot;ts_bgc2&amp;quot;:{&amp;quot;clr_type&amp;quot;:0,&amp;quot;hclr_color&amp;quot;:&amp;quot;#d4edbc&amp;quot;},&amp;quot;ts_fgc2&amp;quot;:{&amp;quot;clr_type&amp;quot;:0,&amp;quot;hclr_color&amp;quot;:&amp;quot;#11734b&amp;quot;},&amp;quot;ts_bd_i&amp;quot;:false,&amp;quot;ts_fs_i&amp;quot;:false,&amp;quot;ts_ff_i&amp;quot;:false,&amp;quot;ts_it_i&amp;quot;:false,&amp;quot;ts_sc_i&amp;quot;:false,&amp;quot;ts_st_i&amp;quot;:false,&amp;quot;ts_un_i&amp;quot;:false,&amp;quot;ts_va_i&amp;quot;:false,&amp;quot;ts_bgc2_i&amp;quot;:false,&amp;quot;ts_fgc2_i&amp;quot;:false},&amp;quot;di-cv&amp;quot;:{&amp;quot;dicv_v&amp;quot;:0,&amp;quot;dicv_ft&amp;quot;:0}},{&amp;quot;di-id&amp;quot;:&amp;quot;dropdownItem.32mr5yqb0km&amp;quot;,&amp;quot;di-v&amp;quot;:&amp;quot;Extensive: 51%-75%&amp;quot;,&amp;quot;di-dv&amp;quot;:&amp;quot;Extensive: 51%-75%&amp;quot;,&amp;quot;di-ts&amp;quot;:{&amp;quot;ts_bd&amp;quot;:false,&amp;quot;ts_fs&amp;quot;:11,&amp;quot;ts_ff&amp;quot;:&amp;quot;Arial&amp;quot;,&amp;quot;ts_it&amp;quot;:false,&amp;quot;ts_sc&amp;quot;:false,&amp;quot;ts_st&amp;quot;:false,&amp;quot;ts_tw&amp;quot;:400,&amp;quot;ts_un&amp;quot;:false,&amp;quot;ts_va&amp;quot;:&amp;quot;nor&amp;quot;,&amp;quot;ts_bgc2&amp;quot;:{&amp;quot;clr_type&amp;quot;:0,&amp;quot;hclr_color&amp;quot;:&amp;quot;#d4edbc&amp;quot;},&amp;quot;ts_fgc2&amp;quot;:{&amp;quot;clr_type&amp;quot;:0,&amp;quot;hclr_color&amp;quot;:&amp;quot;#11734b&amp;quot;},&amp;quot;ts_bd_i&amp;quot;:false,&amp;quot;ts_fs_i&amp;quot;:false,&amp;quot;ts_ff_i&amp;quot;:false,&amp;quot;ts_it_i&amp;quot;:false,&amp;quot;ts_sc_i&amp;quot;:false,&amp;quot;ts_st_i&amp;quot;:false,&amp;quot;ts_un_i&amp;quot;:false,&amp;quot;ts_va_i&amp;quot;:false,&amp;quot;ts_bgc2_i&amp;quot;:false,&amp;quot;ts_fgc2_i&amp;quot;:false},&amp;quot;di-cv&amp;quot;:{&amp;quot;dicv_v&amp;quot;:0,&amp;quot;dicv_ft&amp;quot;:0}},{&amp;quot;di-id&amp;quot;:&amp;quot;dropdownItem.8vlix7ndlh7v&amp;quot;,&amp;quot;di-v&amp;quot;:&amp;quot;Heavy: 76%-100%&amp;quot;,&amp;quot;di-dv&amp;quot;:&amp;quot;Heavy: 76%-100%&amp;quot;,&amp;quot;di-ts&amp;quot;:{&amp;quot;ts_bd&amp;quot;:false,&amp;quot;ts_fs&amp;quot;:11,&amp;quot;ts_ff&amp;quot;:&amp;quot;Arial&amp;quot;,&amp;quot;ts_it&amp;quot;:false,&amp;quot;ts_sc&amp;quot;:false,&amp;quot;ts_st&amp;quot;:false,&amp;quot;ts_tw&amp;quot;:400,&amp;quot;ts_un&amp;quot;:false,&amp;quot;ts_va&amp;quot;:&amp;quot;nor&amp;quot;,&amp;quot;ts_bgc2&amp;quot;:{&amp;quot;clr_type&amp;quot;:0,&amp;quot;hclr_color&amp;quot;:&amp;quot;#d4edbc&amp;quot;},&amp;quot;ts_fgc2&amp;quot;:{&amp;quot;clr_type&amp;quot;:0,&amp;quot;hclr_color&amp;quot;:&amp;quot;#11734b&amp;quot;},&amp;quot;ts_bd_i&amp;quot;:false,&amp;quot;ts_fs_i&amp;quot;:false,&amp;quot;ts_ff_i&amp;quot;:false,&amp;quot;ts_it_i&amp;quot;:false,&amp;quot;ts_sc_i&amp;quot;:false,&amp;quot;ts_st_i&amp;quot;:false,&amp;quot;ts_un_i&amp;quot;:false,&amp;quot;ts_va_i&amp;quot;:false,&amp;quot;ts_bgc2_i&amp;quot;:false,&amp;quot;ts_fgc2_i&amp;quot;:false},&amp;quot;di-cv&amp;quot;:{&amp;quot;dicv_v&amp;quot;:0,&amp;quot;dicv_ft&amp;quot;:0}}]}},&amp;quot;ddefe-t&amp;quot;:&amp;quot;Travel&amp;quot;,&amp;quot;type&amp;quot;:&amp;quot;dropdown&amp;quot;}&quot;&gt;Minimal: 1%-10%&lt;/span&gt;&lt;/span&gt;&lt;/li&gt;
&lt;/ul&gt;
&lt;hr&gt;
&lt;div class=&quot;c-message_kit__blocks c-message_kit__blocks--rich_text&quot;&gt;
&lt;div class=&quot;c-message__message_blocks c-message__message_blocks--rich_text&quot; data-qa=&quot;message-text&quot;&gt;
&lt;div class=&quot;p-block_kit_renderer&quot; data-qa=&quot;block-kit-renderer&quot;&gt;
&lt;div class=&quot;p-block_kit_renderer__block_wrapper p-block_kit_renderer__block_wrapper--first&quot;&gt;
&lt;div class=&quot;p-rich_text_block&quot;&gt;
&lt;div class=&quot;p-rich_text_section&quot;&gt;
&lt;p&gt;&lt;strong&gt;Benefits and Perks&lt;/strong&gt;&lt;/p&gt;
&lt;ul&gt;
&lt;li&gt;Comprehensive healthcare suite including medical, dental, vision, life, and disability plans. Domestic partners who have been residing together at least one year are also eligible to participate.&amp;nbsp;&lt;/li&gt;
&lt;li&gt;Health Savings and Flexible Spending Healthcare and Dependent Care Accounts available.&lt;/li&gt;
&lt;li&gt;Rich retirement benefits, including an immediately vested employer safe harbor match.&lt;/li&gt;
&lt;li&gt;Generous paid parental leave as well as a phased return to work.&amp;nbsp;&lt;/li&gt;
&lt;li&gt;Flexible vacation policy in addition to paid company holidays.&lt;/li&gt;
&lt;li&gt;Total Wellness Program providing numerous resources for overall wellbeing&amp;nbsp;&amp;nbsp;&amp;nbsp;&lt;/li&gt;
&lt;/ul&gt;
&lt;/div&gt;
&lt;div class=&quot;p-rich_text_section&quot;&gt;Don’t meet every single requirement? Studies have shown that women and/or people of color are less likely to apply to a job unless they meet every qualification. At May Mobility, we’re committed to building a diverse, inclusive, and authentic workforce, so if you’re excited about this role but your previous experience doesn’t align perfectly with every qualification, we encourage you to apply anyway! You may be the perfect candidate for this or another role at May.&lt;/div&gt;
&lt;/div&gt;
&lt;/div&gt;
&lt;/div&gt;
&lt;/div&gt;
&lt;/div&gt;
&lt;p&gt;&lt;em&gt;Want to learn more about our culture &amp;amp; benefits? Check out our&amp;nbsp;&lt;a href=&quot;https://maymobility.com/careers/&quot; target=&quot;_blank&quot;&gt;website&lt;/a&gt;!&lt;/em&gt;&lt;/p&gt;
&lt;p&gt;&lt;em&gt;May Mobility is an equal opportunity employer.&amp;nbsp; All applicants for employment will be considered without regard to race, color, religion, sex, national origin, age, disability, sexual orientation, gender identity or expression, veteran status, genetics or any other legally protected basis. &amp;nbsp; Below, you have the opportunity to share your preferred gender pronouns, gender, ethnicity, and veteran status with May Mobility to help us identify areas of improvement in our hiring and recruitment processes. Completion of these questions is entirely voluntary.&amp;nbsp; Any information you choose to provide will be kept confidential, and will not impact the hiring decision in any way. If you believe that you will need any type of accommodation, please let us know.&lt;/em&gt;&lt;/p&gt;
&lt;p&gt;&lt;strong&gt;&lt;em&gt;Note to Recruitment Agencies:&lt;/em&gt;&lt;/strong&gt;&lt;em&gt;&amp;nbsp;May Mobility does not accept unsolicited agency resumes. Furthermore, May Mobility does not pay placement fees for candidates submitted by any agency other than its approved partners.&lt;/em&gt;&lt;/p&gt;&lt;div class=&quot;content-pay-transparency&quot;&gt;&lt;div class=&quot;pay-input&quot;&gt;&lt;div class=&quot;title&quot;&gt;Salary Range&lt;/div&gt;&lt;div class=&quot;pay-range&quot;&gt;&lt;span&gt;$140,000&lt;/span&gt;&lt;span class=&quot;divider&quot;&gt;&amp;mdash;&lt;/span&gt;&lt;span&gt;$200,000 USD&lt;/span&gt;&lt;/div&gt;&lt;/div&gt;&lt;/div&gt;&lt;div class=&quot;content-conclusion&quot;&gt;&lt;p&gt;&lt;em&gt;May Mobility uses automated tools to support — but not replace — human judgment in our recruiting process,&amp;nbsp;to find out more please click&amp;nbsp;&lt;a href=&quot;https://drive.google.com/file/d/1eGgErDdZ99HVoyxBrVpVUjhdUcmKogki/view?usp=drive_link&quot; target=&quot;_blank&quot; data-saferedirecturl=&quot;https://www.google.com/url?q=https://drive.google.com/file/d/1eGgErDdZ99HVoyxBrVpVUjhdUcmKogki/view?usp%3Ddrive_link&amp;amp;source=gmail&amp;amp;ust=1783531371699000&amp;amp;usg=AOvVaw1I0-jRwBKi4mKGIvZGCIUS&quot;&gt;here&lt;/a&gt;&lt;/em&gt;&lt;/p&gt;&lt;/div&gt;",US,USA - Remote,https://job-boards.greenhouse.io/maymobility/jobs/8687497002,"2026-08-10T11:11:17-04:00",Full Time,2026-08-31 20:56:55.376 +0700,15
greenhouse,Wayve,Executive Assistant,"&lt;div class=&quot;content-intro&quot;&gt;&lt;h2&gt;&lt;strong&gt;About us&amp;nbsp;&lt;/strong&gt;&amp;nbsp;&amp;nbsp;&lt;/h2&gt;
&lt;p&gt;Founded in 2017, Wayve is the leading developer of Embodied AI technology.&amp;nbsp; Our advanced AI software and foundation models enable vehicles to perceive, understand, and navigate any complex environment, enhancing the usability and safety of automated driving systems.&lt;/p&gt;
&lt;p&gt;Our vision is to create autonomy that propels the world forward.&amp;nbsp; Our intelligent, mapless, and hardware-agnostic AI products are designed for automakers, accelerating the transition from assisted to automated driving.&amp;nbsp; &lt;br&gt;&lt;br&gt;In our fast-paced environment big problems ignite us—we embrace uncertainty, leaning into complex challenges to unlock groundbreaking solutions. We aim high and stay humble in our pursuit of excellence, constantly learning and evolving as we pave the way for a smarter, safer future.&lt;/p&gt;
&lt;p&gt;At Wayve, your contributions matter.&amp;nbsp; We value diversity, embrace new perspectives, and foster an inclusive work environment; we back each other to deliver impact.&amp;nbsp;&amp;nbsp;&lt;/p&gt;
&lt;p&gt;Make Wayve the experience that defines your career!&amp;nbsp;&amp;nbsp;&lt;/p&gt;&lt;/div&gt;&lt;h2&gt;&lt;strong&gt;The role&amp;nbsp;&lt;/strong&gt;&amp;nbsp;&lt;/h2&gt;
&lt;p&gt;The role of Executive Assistant offers a dynamic opportunity to have a direct impact on the company’s efficiency and success, providing comprehensive support across various facets of business operations at Wayve.&amp;nbsp;&lt;/p&gt;
&lt;h2&gt;&lt;strong&gt;About you&lt;/strong&gt;&amp;nbsp;&amp;nbsp;&lt;/h2&gt;
&lt;p&gt;In order to set you up for success as an EA at Wayve, we’re looking for the following skills and experience.&amp;nbsp;&lt;/p&gt;
&lt;p&gt;&lt;strong&gt;Essential&amp;nbsp;&lt;/strong&gt;&lt;/p&gt;
&lt;ul&gt;
&lt;li&gt;Excellent organisational and time management skills across multiple timezones with the ability to prioritise effectively.&lt;/li&gt;
&lt;li&gt;Thrive in a fast-paced environment, working well under pressure, delivering good results&lt;/li&gt;
&lt;li&gt;Can handle shifting priorities and formulate contingency plans&lt;/li&gt;
&lt;li&gt;Comfortable working with senior stakeholders at all levels internally and externally - candidates will need to be able to build and develop strong relationships with a range of stakeholders&lt;/li&gt;
&lt;li&gt;Detail-oriented, proactive and takes initiative&lt;/li&gt;
&lt;li&gt;Experience supporting Executives/C-suites&lt;/li&gt;
&lt;li&gt;Creative approach to problem solving and are solutions orientated&lt;/li&gt;
&lt;li&gt;Ability to demonstrate highest level of integrity and confidentiality at all times&lt;/li&gt;
&lt;li&gt;A flexible and adaptive style to working, positive attitude, and a team player&lt;/li&gt;
&lt;li&gt;Proficient knowledge of Google Drive skills and can adapt to new platforms&lt;/li&gt;
&lt;li&gt;Strong communication skills - verbal and written&lt;/li&gt;
&lt;/ul&gt;
&lt;p&gt;&lt;strong&gt;Desirable&amp;nbsp;&lt;/strong&gt;&lt;/p&gt;
&lt;ul&gt;
&lt;li&gt;Experienced in managing complex calendars, travel and logistics.&lt;/li&gt;
&lt;li&gt;Strong project management skills with experience coordinating complex events and multi-step processes&lt;/li&gt;
&lt;li&gt;Skilled in handling expenses and budget management, ensuring financial oversight and compliance&lt;/li&gt;
&lt;li&gt;Experience in organising large-scale company events, such as offsites, conferences, or team-building activities&lt;/li&gt;
&lt;li&gt;Proficient in managing internal communications and coordinating with teams across different departments&lt;/li&gt;
&lt;li&gt;Proactive in identifying opportunities to streamline processes and improve operational efficiency&lt;/li&gt;
&lt;li&gt;A creative mindset, comfortable contributing ideas to improve the team experience and the company’s work culture&lt;/li&gt;
&lt;li&gt;Strong interpersonal skills with a high level of emotional intelligence, able to navigate sensitive situations with diplomacy and tact&lt;/li&gt;
&lt;/ul&gt;
&lt;p&gt;&amp;nbsp;&lt;/p&gt;
&lt;p&gt;This is a full-time role based in our office, a minimum of three days a week. At Wayve we want the best of all worlds so we operate a hybrid working policy that combines time together in our offices and workshops to fuel innovation, culture, relationships and learning, and time spent working from home.&amp;nbsp;The reasonably estimated salary for this role ranges from $ 105,800 to $ 120,700 plus a competitive equity package. Actual compensation is based on the candidate&#39;s skills, qualifications, and experience.&lt;/p&gt;&lt;div class=&quot;content-conclusion&quot;&gt;&lt;p&gt;&lt;span class=&quot;notion-enable-hover&quot; data-token-index=&quot;0&quot;&gt;Wayve is committed to creating an inclusive interview experience. If you require any accommodations or adjustments to participate fully in our interview process, please let us know.&lt;br&gt;&lt;/span&gt;&lt;/p&gt;
&lt;p&gt;We understand that everyone has a unique set of skills and experiences and that not everyone will meet all of the requirements listed above. If you’re passionate about self-driving cars and think you have what it takes to make a positive impact on the world, we encourage you to apply.&lt;br&gt;&lt;br&gt;At Wayve we&#39;re committed to creating a diverse, fair and respectful culture that is inclusive of everyone based on their unique skills and perspectives, and regardless of sex, race, religion or belief, ethnic or national origin, disability, age, citizenship, marital, domestic or civil partnership status, sexual orientation, gender identity, veteran status, pregnancy or related condition&amp;nbsp; (including breastfeeding) or any other basis as protected by applicable law. &amp;nbsp;&lt;/p&gt;
&lt;p&gt;For more information visit &lt;a href=&quot;https://wayve.ai/careers/&quot;&gt;Careers at Wayve.&amp;nbsp;&lt;/a&gt;&lt;/p&gt;
&lt;p&gt;To learn more about what drives us, visit &lt;a href=&quot;https://wayve.ai/careers/&quot;&gt;Values at Wayve&amp;nbsp;&lt;/a&gt;&lt;/p&gt;
&lt;p&gt;For US candidates only, please visit &lt;a href=&quot;https://drive.google.com/file/d/1N46n3iN0AG8EPEO-hCanyyv7hzz8KgT_/view?usp=sharing&quot;&gt;E-Verify Notice&lt;/a&gt; and &lt;a href=&quot;https://www.ussc.gov/sites/default/files/pdf/employment/RightToWork.pdf&quot;&gt;Participation and Right to Work&lt;/a&gt;&lt;/p&gt;
&lt;hr&gt;
&lt;p&gt;DISCLAIMER: We will not ask about marriage or pregnancy, care responsibilities or disabilities in any of our job adverts or interviews. However, we do look to capture information about care responsibilities, and disabilities among other diversity information as part of an optional DEI Monitoring form to help us identify areas of improvement in our hiring process and ensure that the process is inclusive and non-discriminatory.&lt;/p&gt;
&lt;p&gt;&amp;nbsp;&lt;/p&gt;
&lt;p&gt;&amp;nbsp;&lt;/p&gt;&lt;/div&gt;",GB,Sunnyvale,https://wayve.firststage.co/jobs?gh_jid=8757395002,"2026-08-27T17:33:39-04:00",Full Time,2026-08-31 20:56:55.376 +0700,16
greenhouse,Kodiak,"Winter 2027 Intern, Simulation","&lt;div class=&quot;content-intro&quot;&gt;&lt;p&gt;Kodiak Robotics, Inc. was founded in 2018 and has become a leader in autonomous ground transportation committed to a safer and more efficient future for all. The company has developed an artificial intelligence (AI) powered technology stack purpose-built for commercial trucking and the public sector. The company delivers freight daily for its customers across the southern United States using its autonomous technology. In 2024, Kodiak became the first known company to publicly announce delivering a driverless semi-truck to a customer. Kodiak is also leveraging its commercial self-driving software to develop, test and deploy autonomous capabilities for the U.S. Department of Defense.&lt;/p&gt;&lt;/div&gt;&lt;p&gt;&lt;span style=&quot;font-size: 12pt; font-family: helvetica, arial, sans-serif;&quot;&gt;We are looking for a highly skilled Simulation Intern to join us and solve real-world robotics problems. Our ideal candidates exhibit a can-do attitude and approach their work with vigor and determination. Candidates will be expected to demonstrate excellence in their respective fields and to possess the ability to learn quickly within a fast-paced environment.&lt;/span&gt;&lt;br&gt;&lt;br&gt;&lt;span style=&quot;font-size: 12pt; font-family: helvetica, arial, sans-serif;&quot;&gt;&lt;strong&gt;We are looking for Interns who:&lt;/strong&gt;&lt;/span&gt;&lt;/p&gt;
&lt;ul&gt;
&lt;li style=&quot;font-size: 12pt; font-family: helvetica, arial, sans-serif;&quot;&gt;&lt;span style=&quot;font-size: 12pt; font-family: helvetica, arial, sans-serif;&quot;&gt;Are excited to work on autonomous trucks that are running in the real world. Your work will help advance the state-of-the-art autonomous trucking platform.&lt;/span&gt;&lt;/li&gt;
&lt;li style=&quot;font-size: 12pt; font-family: helvetica, arial, sans-serif;&quot;&gt;&lt;span style=&quot;font-size: 12pt; font-family: helvetica, arial, sans-serif;&quot;&gt;Have experience working C++ codebases and are looking to further develop their coding skills on a production-level codebase in self-driving.&lt;/span&gt;&lt;/li&gt;
&lt;li style=&quot;font-size: 12pt; font-family: helvetica, arial, sans-serif;&quot;&gt;&lt;span style=&quot;font-size: 12pt; font-family: helvetica, arial, sans-serif;&quot;&gt;Look forward to collaborating with other engineers on a day-to-day basis.&lt;/span&gt;&lt;/li&gt;
&lt;li style=&quot;font-size: 12pt; font-family: helvetica, arial, sans-serif;&quot;&gt;&lt;span style=&quot;font-size: 12pt; font-family: helvetica, arial, sans-serif;&quot;&gt;Are motivated by challenging problems without clear-cut solutions.&lt;/span&gt;&lt;/li&gt;
&lt;/ul&gt;
&lt;p&gt;&lt;span style=&quot;font-size: 12pt; font-family: helvetica, arial, sans-serif;&quot;&gt;&lt;strong&gt;Bonus points for:&lt;/strong&gt;&lt;/span&gt;&lt;/p&gt;
&lt;ul&gt;
&lt;li style=&quot;font-size: 12pt; font-family: helvetica, arial, sans-serif;&quot;&gt;&lt;span style=&quot;font-size: 12pt; font-family: helvetica, arial, sans-serif;&quot;&gt;Experience with modern dev-ops, aws.&lt;/span&gt;&lt;/li&gt;
&lt;li style=&quot;font-size: 12pt; font-family: helvetica, arial, sans-serif;&quot;&gt;&lt;span style=&quot;font-size: 12pt; font-family: helvetica, arial, sans-serif;&quot;&gt;Experience working within high-fidelity simulation frameworks.&lt;/span&gt;&lt;/li&gt;
&lt;li style=&quot;font-size: 12pt; font-family: helvetica, arial, sans-serif;&quot;&gt;&lt;span style=&quot;font-size: 12pt; font-family: helvetica, arial, sans-serif;&quot;&gt;Knowledge of robotics fundamentals.&lt;/span&gt;&lt;/li&gt;
&lt;li style=&quot;font-size: 12pt; font-family: helvetica, arial, sans-serif;&quot;&gt;&lt;span style=&quot;font-size: 12pt; font-family: helvetica, arial, sans-serif;&quot;&gt;Knowledge of agent harnessing.&lt;/span&gt;&lt;/li&gt;
&lt;/ul&gt;
&lt;p&gt;&lt;span style=&quot;font-size: 12pt; font-family: helvetica, arial, sans-serif;&quot;&gt;&lt;strong&gt;Educational Requirement:&lt;/strong&gt;&lt;/span&gt;&lt;/p&gt;
&lt;ul&gt;
&lt;li style=&quot;font-size: 12pt; font-family: helvetica, arial, sans-serif;&quot;&gt;&lt;span style=&quot;font-size: 12pt; font-family: helvetica, arial, sans-serif;&quot;&gt;Field(s) of study: Computer Science, Electrical Engineering, Aerospace Engineering, Mechanical Engineering or other related fields.&lt;/span&gt;&lt;/li&gt;
&lt;li style=&quot;font-size: 12pt; font-family: helvetica, arial, sans-serif;&quot;&gt;&lt;span style=&quot;font-size: 12pt; font-family: helvetica, arial, sans-serif;&quot;&gt;Are currently pursuing a degree at an accredited university.&lt;/span&gt;&lt;/li&gt;
&lt;li style=&quot;font-size: 12pt; font-family: helvetica, arial, sans-serif;&quot;&gt;&lt;span style=&quot;font-size: 12pt; font-family: helvetica, arial, sans-serif;&quot;&gt;Juniors, Seniors, or graduate students&lt;/span&gt;&lt;/li&gt;
&lt;/ul&gt;
&lt;p&gt;&lt;span style=&quot;font-size: 12pt; font-family: helvetica, arial, sans-serif;&quot;&gt;&lt;strong&gt;Internship Program Details:&lt;/strong&gt;&lt;/span&gt;&lt;/p&gt;
&lt;ul&gt;
&lt;li style=&quot;font-size: 12pt; font-family: helvetica, arial, sans-serif;&quot;&gt;&lt;span style=&quot;font-size: 12pt; font-family: helvetica, arial, sans-serif;&quot;&gt;Start Date: January 2027&lt;/span&gt;&lt;/li&gt;
&lt;li style=&quot;font-size: 12pt; font-family: helvetica, arial, sans-serif;&quot;&gt;&lt;span style=&quot;font-size: 12pt; font-family: helvetica, arial, sans-serif;&quot;&gt;Our internship program is 12-16 weeks, end date us flexible based on individual needs.&lt;/span&gt;&lt;/li&gt;
&lt;li style=&quot;font-size: 12pt; font-family: helvetica, arial, sans-serif;&quot;&gt;&lt;span style=&quot;font-size: 12pt; font-family: helvetica, arial, sans-serif;&quot;&gt;Location: Mountain View, CA.&lt;/span&gt;&lt;/li&gt;
&lt;li style=&quot;font-size: 12pt; font-family: helvetica, arial, sans-serif;&quot;&gt;&lt;span style=&quot;font-size: 12pt; font-family: helvetica, arial, sans-serif;&quot;&gt;Housing: Interns are responsible for housing&lt;/span&gt;&lt;/li&gt;
&lt;/ul&gt;
&lt;p&gt;&lt;span style=&quot;font-size: 12pt; font-family: helvetica, arial, sans-serif;&quot;&gt;&lt;strong&gt;What We Offer:&lt;/strong&gt;&lt;/span&gt;&lt;/p&gt;
&lt;ul&gt;
&lt;li style=&quot;font-size: 12pt; font-family: helvetica, arial, sans-serif;&quot;&gt;&lt;span style=&quot;font-size: 12pt; font-family: helvetica, arial, sans-serif;&quot;&gt;A fast-paced environment where we work with talented, committed, and supportive teammates.&lt;/span&gt;&lt;/li&gt;
&lt;li style=&quot;font-size: 12pt; font-family: helvetica, arial, sans-serif;&quot;&gt;&lt;span style=&quot;font-size: 12pt; font-family: helvetica, arial, sans-serif;&quot;&gt;Competitive pay.&lt;/span&gt;&lt;/li&gt;
&lt;li style=&quot;font-size: 12pt; font-family: helvetica, arial, sans-serif;&quot;&gt;&lt;span style=&quot;font-size: 12pt; font-family: helvetica, arial, sans-serif;&quot;&gt;Excellent medical, dental, and vision benefits.&amp;nbsp;&amp;nbsp;&lt;/span&gt;&lt;/li&gt;
&lt;li style=&quot;font-size: 12pt; font-family: helvetica, arial, sans-serif;&quot;&gt;&lt;span style=&quot;font-size: 12pt; font-family: helvetica, arial, sans-serif;&quot;&gt;A beautiful facility in Mountain View.&lt;/span&gt;&lt;/li&gt;
&lt;li style=&quot;font-size: 12pt; font-family: helvetica, arial, sans-serif;&quot;&gt;&lt;span style=&quot;font-size: 12pt; font-family: helvetica, arial, sans-serif;&quot;&gt;We love our dogs, so we are a dog-friendly office!&lt;/span&gt;&lt;/li&gt;
&lt;li style=&quot;font-size: 12pt; font-family: helvetica, arial, sans-serif;&quot;&gt;&lt;span style=&quot;font-size: 12pt; font-family: helvetica, arial, sans-serif;&quot;&gt;Free catered lunch.&lt;/span&gt;&lt;/li&gt;
&lt;/ul&gt;&lt;div class=&quot;content-pay-transparency&quot;&gt;&lt;div class=&quot;pay-input&quot;&gt;&lt;div class=&quot;description&quot;&gt;&lt;p&gt;The pay range listed below reflects the base salary&amp;nbsp;&lt;strong data-stringify-type=&quot;bold&quot;&gt;in our SF/Silicon Valley location,&amp;nbsp;&lt;/strong&gt;across several internal levels. Actual starting pay will be based on job-related factors including: work location, experience, relevant training, education, skill level and performance during interview. Total compensation at Kodiak includes base pay, equity, bonus and a competitive benefits package&lt;/p&gt;&lt;/div&gt;&lt;div class=&quot;title&quot;&gt;California Pay Range&lt;/div&gt;&lt;div class=&quot;pay-range&quot;&gt;&lt;span&gt;$10,000&lt;/span&gt;&lt;span class=&quot;divider&quot;&gt;&amp;mdash;&lt;/span&gt;&lt;span&gt;$10,000 USD&lt;/span&gt;&lt;/div&gt;&lt;/div&gt;&lt;/div&gt;&lt;div class=&quot;content-conclusion&quot;&gt;&lt;div&gt;&amp;nbsp;&lt;/div&gt;
&lt;div&gt;At Kodiak, we strive to build a diverse community working towards our common company goals in a safe and collaborative environment where harassment of any kind is strictly prohibited. Kodiak is committed to equal opportunity employment regardless of race, ethnicity, religion, gender identity, sexual orientation, age, disability, or veteran status, or any other basis protected by applicable law.&lt;/div&gt;
&lt;div&gt;&amp;nbsp;&lt;/div&gt;
&lt;div&gt;In alignment with its business operations, Kodiak adheres to all relevant statutes, regulations, and administrative prerequisites. Accordingly, roles that carry more sensitive requirements may be limited to candidates that can satisfy additional scrutiny and eligibility for such positions may hinge on verification of a candidate’s residence, U.S. person status, and/or citizenship status. Should the position require, and Kodiak determines that a candidate’s residence, U.S. person status, and/or citizenship status necessitate an export license, bar the candidate from the position, or otherwise fall under national security-related restrictions, Kodiak will consider the candidate for alternative positions unaffected by such restrictions, under terms and conditions set forth at Kodiak’s sole discretion, or, as an alternative, opt not to proceed with the candidate’s application. If applicable, Kodiak may provide visa sponsorship for eligible candidates.&lt;/div&gt;
&lt;div&gt;&amp;nbsp;&lt;/div&gt;
&lt;div&gt;&lt;em&gt;We use a third-party AI tool (Endorsed) to assist in the initial screening of applications. As part of the evaluation process, we provide Endorsed with job requirements and candidate-submitted applications. Final hiring decisions are made by our human recruitment team, and no automated system makes the ultimate decision regarding hiring. Certain features of the platform may qualify it as an Automated Employment Decision Tool (AEDT) under applicable regulations. We began using Endorsed on January 1, 2026. You can review the independent bias audit report covering our use of Endorsed [here](&lt;/em&gt;&lt;em&gt;&lt;a href=&quot;https://endorsed.com/local-law-144&quot; target=&quot;_blank&quot; data-sk=&quot;tooltip_parent&quot;&gt;https://endorsed.com/local-law-144&lt;/a&gt;&lt;/em&gt;&lt;em&gt;). By submitting your application, you acknowledge that your application may be processed by AI systems as part of the screening and selection process. If you have any questions or would like to request a separate review of your application, please contact &lt;/em&gt;&lt;em&gt;&lt;a href=&quot;mailto:careers@kodiak.ai&quot; target=&quot;_blank&quot; data-sk=&quot;tooltip_parent&quot;&gt;careers@kodiak.ai&lt;/a&gt;&lt;/em&gt;&lt;em&gt; with &quot;Separate Review Request&quot; in the email subject line.&lt;/em&gt;&lt;/div&gt;
&lt;p&gt;&amp;nbsp;&lt;/p&gt;&lt;/div&gt;",US,"Mountain View, CA",https://job-boards.greenhouse.io/kodiak/jobs/4378662009,"2026-08-24T21:50:46-04:00",Full Time,2026-08-31 20:56:55.376 +0700,17
greenhouse,Motional,"Senior Data Scientist, Systems Performance","&lt;p&gt;&lt;strong&gt;Mission Summary:&lt;/strong&gt;&lt;/p&gt;
&lt;p&gt;The Systems Readiness and Performance team is the crucial bridge between software development and real-world deployment. We are responsible for driving system design, for verifying and validating the autonomy stack, and for defining, measuring, and validating system performance targets. We work closely with stakeholders in autonomy, infrastructure, and operations to build the definitive safety case for the commercial launch of our fully driverless IONIQ 5 robotaxis in Las Vegas.&lt;/p&gt;
&lt;p&gt;Rigorous behavioral and system performance evaluation is critical to scaling our service and achieving Motional&#39;s long-term goals. We are seeking a Senior Data Scientist to lead initiatives that improve evaluation and testing methodologies, measure the quality and trustworthiness of our evaluation portfolio, and partner with engineering teams to monitor and strengthen the health of the evaluation ecosystem. You will help ensure Motional&#39;s performance evaluation is efficient, scientifically rigorous, and aligned with our growth priorities.&lt;/p&gt;
&lt;p&gt;In this role, you will lead development of evaluation methodologies and metrics that assess the quality and business relevance of solutions spanning on-road and off-board data. You will influence the evaluation signals software engineers rely on to validate that changes to the autonomy stack deliver intended improvements, conduct deep-dive analyses to understand bottlenecks in current methodologies, and prototype improvements in metrics, sampling strategy, and statistical inference. You will develop deep expertise in how evaluation signals inform launch and release decisions, weigh trade-offs across the evaluation portfolio, and provide actionable insights for designing launch criteria.&lt;/p&gt;
&lt;p&gt;If you are a rigorous, collaborative data scientist with a passion for improving how autonomous systems are measured and validated at scale, we encourage you to apply.&lt;br&gt;&lt;br&gt;&lt;/p&gt;
&lt;p&gt;&lt;strong&gt;What You’ll Be Doing:&lt;/strong&gt;&lt;/p&gt;
&lt;ul&gt;
&lt;li&gt;Lead the development of evaluation frameworks for the autonomous system, connecting technical problems to rigorous, data-driven approaches for measuring and validating performance.&amp;nbsp;&lt;/li&gt;
&lt;li&gt;Collaborate closely with Functional Safety and Systems Engineering teams to ensure evaluation metrics map effectively to automotive safety standards (e.g., SOTIF, ISO 21448) and launch readiness decisions.&lt;/li&gt;
&lt;li&gt;Ensure evaluation metrics are reliable enough to inform safety cases and launch readiness decisions.&lt;/li&gt;
&lt;li&gt;Monitor the reliability of evaluation metrics and incoming performance data over time, including detecting drift, inconsistencies, and degradation in metric definitions, to ensure the evaluation ecosystem remains accurate and trustworthy.&lt;/li&gt;
&lt;li&gt;Drive our approach to performance analysis using data-backed statistical methods for simulation and on-road data.&lt;/li&gt;
&lt;li&gt;Develop new statistical analysis methods to analyze AV performance data and lead by example in applying them to real problems.&lt;/li&gt;
&lt;li&gt;Partner with triage operators and simulation engineers to turn raw disengagements and identified edge cases into procedural or generative scenarios, feeding them back into the simulation catalog to strengthen test coverage.&lt;/li&gt;
&lt;li&gt;Use fleet and evaluation data to identify edge cases in an automated manner and coverage gaps, and partner with engineering to feed novel scenarios back into the simulation catalog and strengthen test coverage.&lt;/li&gt;
&lt;li&gt;Build confidence in the evaluation framework through data-driven insights and clear communication of findings to technical leaders and stakeholders.&lt;/li&gt;
&lt;li&gt;Establish correlation between on-road and simulation data to improve how we interpret and act on evaluation results.&lt;/li&gt;
&lt;li&gt;Make sense of large datasets to drive insights, solve ambiguous performance questions, and communicate results effectively across teams and upward to leadership.&lt;/li&gt;
&lt;li&gt;Establish a self-service model for developers to understand the impact of their changes.&lt;/li&gt;
&lt;li&gt;Develop new metrics, interpret trends, and investigate anomalies in simulation and on-road data.&amp;nbsp;&lt;/li&gt;
&lt;li&gt;Collaborate with developers to drive action based on these results.&lt;/li&gt;
&lt;li&gt;Serve as an advisor and influence collaborators across multiple teams, promote data-aware decision making, and establish best practices around the use of data.&lt;/li&gt;
&lt;li&gt;Mentor and collaborate with fellow engineers and foster a positive, collaborative work environment.&lt;/li&gt;
&lt;li&gt;Introduce the use of ML methods for performance evaluation where they add rigor and scale.&lt;br&gt;&lt;br&gt;&lt;/li&gt;
&lt;/ul&gt;
&lt;p&gt;&lt;strong&gt;What You Bring:&lt;/strong&gt;&lt;/p&gt;
&lt;ul&gt;
&lt;li&gt;5+ years of industry experience solving complex problems with large datasets, with a track record of framing ambiguous questions into rigorous, data-driven analyses.&lt;/li&gt;
&lt;li&gt;Bachelor&#39;s or higher degree in Computer Science, Computer Engineering, Data Science, Robotics, Physics, Mathematics, or a related quantitative field. Master&#39;s or PhD preferred.&lt;/li&gt;
&lt;li&gt;Strong problem-solving skills: ability to break down complex performance and evaluation challenges, think logically, and remove bias from how problems are defined and assessed.&lt;/li&gt;
&lt;li&gt;Strong Python and SQL skills, with demonstrated experience using data analysis libraries to work with large, complex datasets.&lt;/li&gt;
&lt;li&gt;Experience applying advanced statistical and ML methods to drive insights from large and complex data sets.&lt;/li&gt;
&lt;li&gt;Demonstrated experience with statistical analysis, hypothesis testing, causal analysis and data analysis.&lt;/li&gt;
&lt;li&gt;Demonstrated ability to work independently with minimal guidance and drive projects from problem definition through to actionable results.&lt;/li&gt;
&lt;li&gt;Proven communication and interpersonal skills, with the ability to explain technical findings clearly to engineering partners and leadership.&lt;/li&gt;
&lt;li&gt;Eager to learn new statistical and ML techniques and demonstrated willingness to teach&lt;br&gt;&lt;br&gt;&lt;/li&gt;
&lt;/ul&gt;
&lt;p&gt;&lt;strong&gt;Bonus Points:&lt;/strong&gt;&lt;/p&gt;
&lt;ul&gt;
&lt;li&gt;Experience with adversarial scenario generation and closed-loop simulation environments.&lt;/li&gt;
&lt;li&gt;Experience in autonomous driving or robotics, specifically evaluating sub-systems like Perception, Prediction, or Motion Planning.&lt;/li&gt;
&lt;li&gt;Familiarity with data pipelines and distributed compute (e.g., AWS) to seamlessly collaborate with our Data Engineering and MLOps partners.&lt;/li&gt;
&lt;li&gt;Expertise in Machine Learning and Deep Learning.&lt;/li&gt;
&lt;li&gt;Expertise in modern sequence modeling (e.g., Transformers applied to time-series or trajectory data) and probabilistic ML / uncertainty quantification for distinguishing rare-but-safe behavior from out-of-distribution failures.&lt;/li&gt;
&lt;li&gt;Familiarity with automotive safety standards like ISO 26262 or ISO 21448 (SOTIF).&lt;br&gt;&lt;br&gt;&lt;/li&gt;
&lt;/ul&gt;
&lt;p&gt;&lt;strong&gt;We encourage a hybrid schedule with in-office time at one of our locations in Boston, Pittsburgh, or Las Vegas to support collaboration, or this role can be fully remote.&lt;/strong&gt;&lt;/p&gt;&lt;div class=&quot;content-pay-transparency&quot;&gt;&lt;div class=&quot;pay-input&quot;&gt;&lt;div class=&quot;description&quot;&gt;&lt;p&gt;&lt;span style=&quot;font-weight: 400;&quot;&gt;The salary range for this role is an estimate based on a wide range of compensation factors including but not limited to specific skills, experience and expertise, role location, certifications, licenses, and business needs. The estimated compensation range listed in this job posting reflects base salary only. This role may include additional forms of compensation such as a bonus or company equity. The recruiter assigned to this role can share more information about the specific compensation and benefit details associated with this role during the hiring process.&amp;nbsp;&lt;/span&gt;&lt;/p&gt;
&lt;p&gt;&lt;span style=&quot;font-weight: 400;&quot;&gt;Candidates for certain positions are eligible to participate in Motional’s benefits program. Motional’s benefits include but are not limited to medical, dental, vision, 401k with a company match, health saving accounts, life insurance, pet insurance, and more. &lt;/span&gt;&lt;/p&gt;&lt;/div&gt;&lt;div class=&quot;title&quot;&gt;Salary Range&lt;/div&gt;&lt;div class=&quot;pay-range&quot;&gt;&lt;span&gt;$149,000&lt;/span&gt;&lt;span class=&quot;divider&quot;&gt;&amp;mdash;&lt;/span&gt;&lt;span&gt;$198,500 USD&lt;/span&gt;&lt;/div&gt;&lt;/div&gt;&lt;/div&gt;&lt;div class=&quot;content-conclusion&quot;&gt;&lt;p&gt;&lt;strong&gt;Motional is a driverless technology company making autonomous vehicles a safe, reliable, and accessible reality. We’re driven by something more.&lt;/strong&gt;&lt;/p&gt;
&lt;p&gt;&lt;strong&gt;Our journey is always people first.&lt;/strong&gt;&lt;/p&gt;
&lt;p&gt;We aren&#39;t just developing driverless cars; we&#39;re creating safer roadways, more equitable transportation options, and making our communities better places to live, work, and connect. Our team is made up of engineers, researchers, innovators, dreamers and doers, who are creating a technology with the potential to transform the way we move.&lt;/p&gt;
&lt;p&gt;&lt;strong&gt;Higher purpose, greater impact.&lt;/strong&gt;&lt;/p&gt;
&lt;p&gt;We’re creating first-of-its-kind technology that will transform transportation. To do so successfully, we must design for everyone in our cities and on our roads. We believe in building a great place to work through a progressive, global culture that is diverse, inclusive, and ensures people feel valued at every level of the organization. Diversity helps us to see the world differently; it’s not only good for our business, it’s the right thing to do.&amp;nbsp;&amp;nbsp;&lt;/p&gt;
&lt;p&gt;&lt;strong&gt;Scale up, not starting up.&lt;/strong&gt;&lt;/p&gt;
&lt;p&gt;Our team is behind some of the industry&#39;s largest leaps forward, including the first fully-autonomous cross-country drive in the U.S, the launch of the world&#39;s first robotaxi pilot, and operation of the world&#39;s longest-standing public robotaxi fleet. We’re driven to scale; we’re moving towards commercialization of our technology, and we need team members who are ready to embrace change and challenges.&lt;/p&gt;
&lt;p&gt;Formed as a joint venture between Hyundai Motor Group and Aptiv, Motional is fundamentally changing how people move through their lives. Headquartered in Boston, Motional has operations in the U.S and Asia. For more information, visit&amp;nbsp; &lt;a href=&quot;https://c212.net/c/link/?t=0&amp;amp;l=en&amp;amp;o=3300142-1&amp;amp;h=1642745316&amp;amp;u=https%3A%2F%2Fc212.net%2Fc%2Flink%2F%3Ft%3D0%26l%3Den%26o%3D3253528-1%26h%3D3781125006%26u%3Dhttps%253A%252F%252Fc212.net%252Fc%252Flink%252F%253Ft%253D0%2526l%253Den%2526o%253D3089636-1%2526h%253D3468778127%2526u%253Dhttps%25253A%25252F%25252Fc212.net%25252Fc%25252Flink%25252F%25253Ft%25253D0%252526l%25253Den%252526o%25253D2881693-1%252526h%25253D646020682%252526u%25253Dhttps%2525253A%2525252F%2525252Furldefense.com%2525252Fv3%2525252F__http%2525253A%2525252Fwww.motional.com%2525252F__%2525253B!!KT8c38mO!j78LjnhAm2VK7Fu23VO6KlwqDXvVTQFMzmyzieKQqZDQksh2tpWEseK4to8eKzwsEwI%25252524%252526a%25253Dwww.Motional.com%2526a%253Dwww.Motional.com%26a%3Dwww.Motional.com&amp;amp;a=www.Motional.com&quot;&gt;www.Motional.com&lt;/a&gt; and follow us on &lt;a href=&quot;https://twitter.com/motionaldrive&quot;&gt;Twitter&lt;/a&gt;, &lt;a href=&quot;https://www.linkedin.com/company/67123512/&quot;&gt;LinkedIn&lt;/a&gt;,&amp;nbsp;&lt;a href=&quot;https://www.instagram.com/motionaldrive/&quot;&gt;Instagram&lt;/a&gt; and &lt;a href=&quot;https://www.youtube.com/channel/UCr__mGPkBb-KMoYWbSGuA9w&quot;&gt;YouTube&lt;/a&gt;.&lt;/p&gt;
&lt;p&gt;&lt;em&gt;Motional AD Inc. is an EOE. We celebrate diversity and are committed to creating an inclusive environment for all employees. To comply with Federal Law, we participate in E-Verify. All newly-hired employees are queried through this electronic system established by the DHS and the SSA to verify their identity and employment eligibility.&lt;/em&gt;&lt;/p&gt;&lt;/div&gt;",US,"Boston, Massachusetts, United States; Las Vegas, Nevada, United States; Pittsburgh, Pennsylvania, United States; Remote U.S.",https://motional.com/open-positions/?gh_jid=7792493003#/7792493003,"2026-07-02T10:03:53-04:00",Full Time,2026-08-31 20:56:55.376 +0700,18
greenhouse,Wayve,Staff Robotics Engineer,"&lt;div class=&quot;content-intro&quot;&gt;&lt;h2&gt;&lt;strong&gt;About us&amp;nbsp;&lt;/strong&gt;&amp;nbsp;&amp;nbsp;&lt;/h2&gt;
&lt;p&gt;Founded in 2017, Wayve is the leading developer of Embodied AI technology.&amp;nbsp; Our advanced AI software and foundation models enable vehicles to perceive, understand, and navigate any complex environment, enhancing the usability and safety of automated driving systems.&lt;/p&gt;
&lt;p&gt;Our vision is to create autonomy that propels the world forward.&amp;nbsp; Our intelligent, mapless, and hardware-agnostic AI products are designed for automakers, accelerating the transition from assisted to automated driving.&amp;nbsp; &lt;br&gt;&lt;br&gt;In our fast-paced environment big problems ignite us—we embrace uncertainty, leaning into complex challenges to unlock groundbreaking solutions. We aim high and stay humble in our pursuit of excellence, constantly learning and evolving as we pave the way for a smarter, safer future.&lt;/p&gt;
&lt;p&gt;At Wayve, your contributions matter.&amp;nbsp; We value diversity, embrace new perspectives, and foster an inclusive work environment; we back each other to deliver impact.&amp;nbsp;&amp;nbsp;&lt;/p&gt;
&lt;p&gt;Make Wayve the experience that defines your career!&amp;nbsp;&amp;nbsp;&lt;/p&gt;&lt;/div&gt;&lt;h2&gt;&lt;strong&gt;The role&amp;nbsp;&lt;/strong&gt;&lt;/h2&gt;
&lt;p&gt;Wayve is seeking a Robotics Software Engineer for our Online Calibration team to support scaling across our autonomous vehicle fleet. You will turn calibration and estimation methods into reliable, observable and resource-efficient components of the on-vehicle runtime, operating continuously on constrained, hardware-accelerated platforms. Working across calibration, state estimation, robot software, hardware acceleration and vehicle-platform teams, you will shape the architecture and roadmap for a foundational capability that directly affects vehicle performance, resilience and safety.&lt;/p&gt;
&lt;p&gt;Key responsibilities:&lt;/p&gt;
&lt;ul&gt;
&lt;li&gt;Extend the capabilities of the existing online calibration node, delivering robust production software within the architecture and technical direction set by the team.&lt;/li&gt;
&lt;li&gt;Adapt and integrate suitable calibration and estimation algorithms for continuous or on-demand onboard execution.&lt;/li&gt;
&lt;li&gt;Develop reliable handling of asynchronous sensor data, accelerator-produced features and noisy, time-varying calibration parameters.&lt;/li&gt;
&lt;li&gt;Strengthen validation, gating, persistence and interfaces between the calibration node, onboard state, runtime consumers, logging and fleet-facing systems.&lt;/li&gt;
&lt;li&gt;Profile and optimise critical paths for constrained compute, memory, storage and latency budgets without compromising correctness or debuggability.&lt;/li&gt;
&lt;li&gt;Build comprehensive simulation, replay, bench and on-vehicle tests, and improve metrics, diagnostics and fleet-level observability across nominal and failure scenarios.&lt;/li&gt;
&lt;/ul&gt;
&lt;h2&gt;&lt;strong&gt;About you&lt;/strong&gt;&amp;nbsp;&amp;nbsp;&lt;/h2&gt;
&lt;p&gt;In order to set you up for success as a Robotics Engineer at Wayve, we’re looking for the following skills and experience.&amp;nbsp;&amp;nbsp;&lt;/p&gt;
&lt;p&gt;Essential&amp;nbsp;&lt;/p&gt;
&lt;ul&gt;
&lt;li&gt;Strong practical expertise in sensor calibration, state estimation or a closely related robotics domain, including calibration of cameras, LiDAR, IMUs, vehicle parameters or multi-sensor systems.&lt;/li&gt;
&lt;li&gt;Strong understanding of filtering and estimation methods, such as Kalman-family filters, Bayesian estimation, smoothing, robust estimation or factor-graph optimisation.&lt;/li&gt;
&lt;li&gt;Strong modern C++ software-engineering skills and proficiency in Python for prototyping, analysis and test tooling.&lt;/li&gt;
&lt;li&gt;Experience productionising algorithm-heavy robotics software for vehicles, robots, drones, aerospace systems or comparable edge platforms, including clear lifecycle, failure-handling and recovery behaviour.&lt;/li&gt;
&lt;li&gt;Experience with asynchronous, high-throughput sensor data and hardware-accelerated pipelines, with the ability to optimise constrained compute and memory systems without losing correctness or debuggability.&lt;/li&gt;
&lt;li&gt;Strong software architecture, API design, testing, debugging and performance-profiling skills, with evidence of end-to-end ownership and effective cross-functional collaboration.&lt;/li&gt;
&lt;/ul&gt;
&lt;p&gt;Desirable&lt;/p&gt;
&lt;ul&gt;
&lt;li&gt;Experience in visual odometry, SLAM, localisation, sensor fusion, ego-motion estimation or geometric computer vision.&lt;/li&gt;
&lt;li&gt;Experience with GPU, DSP, NPU or other hardware-accelerated robotics workloads, including zero-copy or shared-memory data paths and optimisation for production runtime constraints.&lt;/li&gt;
&lt;li&gt;Experience developing and operating production software in a scaled robotics or autonomous-systems company, ideally involving embedded Linux, edge-state management, rollback, automotive safety or fault-injection testing.&lt;/li&gt;
&lt;/ul&gt;
&lt;p&gt;This is a full-time role based in our office in either in London/UK or Sunnyvale/US.&amp;nbsp; At Wayve we want the best of all worlds so we operate a hybrid working policy that combines time together in our offices and workshops to fuel innovation, culture, relationships and learning, and time spent working from home.&amp;nbsp;&amp;nbsp;&amp;nbsp;&lt;/p&gt;&lt;div class=&quot;content-conclusion&quot;&gt;&lt;p&gt;&lt;span class=&quot;notion-enable-hover&quot; data-token-index=&quot;0&quot;&gt;Wayve is committed to creating an inclusive interview experience. If you require any accommodations or adjustments to participate fully in our interview process, please let us know.&lt;br&gt;&lt;/span&gt;&lt;/p&gt;
&lt;p&gt;We understand that everyone has a unique set of skills and experiences and that not everyone will meet all of the requirements listed above. If you’re passionate about self-driving cars and think you have what it takes to make a positive impact on the world, we encourage you to apply.&lt;br&gt;&lt;br&gt;At Wayve we&#39;re committed to creating a diverse, fair and respectful culture that is inclusive of everyone based on their unique skills and perspectives, and regardless of sex, race, religion or belief, ethnic or national origin, disability, age, citizenship, marital, domestic or civil partnership status, sexual orientation, gender identity, veteran status, pregnancy or related condition&amp;nbsp; (including breastfeeding) or any other basis as protected by applicable law. &amp;nbsp;&lt;/p&gt;
&lt;p&gt;For more information visit &lt;a href=&quot;https://wayve.ai/careers/&quot;&gt;Careers at Wayve.&amp;nbsp;&lt;/a&gt;&lt;/p&gt;
&lt;p&gt;To learn more about what drives us, visit &lt;a href=&quot;https://wayve.ai/careers/&quot;&gt;Values at Wayve&amp;nbsp;&lt;/a&gt;&lt;/p&gt;
&lt;p&gt;For US candidates only, please visit &lt;a href=&quot;https://drive.google.com/file/d/1N46n3iN0AG8EPEO-hCanyyv7hzz8KgT_/view?usp=sharing&quot;&gt;E-Verify Notice&lt;/a&gt; and &lt;a href=&quot;https://www.ussc.gov/sites/default/files/pdf/employment/RightToWork.pdf&quot;&gt;Participation and Right to Work&lt;/a&gt;&lt;/p&gt;
&lt;hr&gt;
&lt;p&gt;DISCLAIMER: We will not ask about marriage or pregnancy, care responsibilities or disabilities in any of our job adverts or interviews. However, we do look to capture information about care responsibilities, and disabilities among other diversity information as part of an optional DEI Monitoring form to help us identify areas of improvement in our hiring process and ensure that the process is inclusive and non-discriminatory.&lt;/p&gt;
&lt;p&gt;&amp;nbsp;&lt;/p&gt;
&lt;p&gt;&amp;nbsp;&lt;/p&gt;&lt;/div&gt;",GB,London; Sunnyvale,https://wayve.firststage.co/jobs?gh_jid=8738152002,"2026-08-21T17:09:46-04:00",Full Time,2026-08-31 20:56:55.376 +0700,19
greenhouse,Wayve,"Research Scientist, Wayve Labs","&lt;div class=&quot;content-intro&quot;&gt;&lt;h2&gt;&lt;strong&gt;About us&amp;nbsp;&lt;/strong&gt;&amp;nbsp;&amp;nbsp;&lt;/h2&gt;
&lt;p&gt;Founded in 2017, Wayve is the leading developer of Embodied AI technology.&amp;nbsp; Our advanced AI software and foundation models enable vehicles to perceive, understand, and navigate any complex environment, enhancing the usability and safety of automated driving systems.&lt;/p&gt;
&lt;p&gt;Our vision is to create autonomy that propels the world forward.&amp;nbsp; Our intelligent, mapless, and hardware-agnostic AI products are designed for automakers, accelerating the transition from assisted to automated driving.&amp;nbsp; &lt;br&gt;&lt;br&gt;In our fast-paced environment big problems ignite us—we embrace uncertainty, leaning into complex challenges to unlock groundbreaking solutions. We aim high and stay humble in our pursuit of excellence, constantly learning and evolving as we pave the way for a smarter, safer future.&lt;/p&gt;
&lt;p&gt;At Wayve, your contributions matter.&amp;nbsp; We value diversity, embrace new perspectives, and foster an inclusive work environment; we back each other to deliver impact.&amp;nbsp;&amp;nbsp;&lt;/p&gt;
&lt;p&gt;Make Wayve the experience that defines your career!&amp;nbsp;&amp;nbsp;&lt;/p&gt;&lt;/div&gt;&lt;h3&gt;&lt;strong&gt;The Role&lt;/strong&gt;&lt;/h3&gt;
&lt;p&gt;We’re looking for Research Scientists to join Wayve Labs and help build the next generation of AI systems for autonomous driving. You’ll work at the intersection of machine learning, simulation, robotics, and real-world deployment, contributing to core innovations that push the boundaries of embodied AI.&lt;/p&gt;
&lt;p&gt;Situated within Wayve, we are a high-conviction research team with the strategic patience and backing to prioritise multi-year breakthroughs over incremental gains. We are looking for highly motivated individuals with expertise and passion to push the frontier of embodied AI, including (but not limited to) the following areas:&lt;/p&gt;
&lt;p&gt;&lt;strong&gt;World &amp;amp; Reward Modeling:&lt;/strong&gt; Building realistic, diverse simulators that can predict the consequences and costs of actions.&lt;/p&gt;
&lt;p&gt;&lt;strong&gt;Representation Learning &amp;amp; Spatial Intelligence:&lt;/strong&gt; Advancing how machines truly understand and navigate dynamic, unstructured 3D environments, from detailed spatial understanding, to efficient long term memory.&lt;/p&gt;
&lt;p&gt;&lt;strong&gt;Scalable Decision-Making Systems:&lt;/strong&gt; Designing architectures, reasoning systems, and policy learning algorithms that operate over long contexts, and scale with data and compute.&lt;/p&gt;
&lt;p&gt;&lt;strong&gt;Cross-Embodiment and Multimodal Learning: &lt;/strong&gt;Advance embodied learning systems that can flexibly adapt to diverse robotic platforms and multimodal inputs, using vision, language, and active sensors.&amp;nbsp;&amp;nbsp;&lt;/p&gt;
&lt;h3&gt;&lt;strong&gt;Key Responsibilities&lt;/strong&gt;&lt;/h3&gt;
&lt;ul&gt;
&lt;li&gt;Develop World Models and Planners (e.g., diffusion-based, autoregressive, or hybrid approaches) for realistic and consistent simulation&lt;/li&gt;
&lt;li&gt;Advance Reinforcement Learning and Reward Modeling, building scalable and safe learning frameworks across real and synthetic data&lt;/li&gt;
&lt;li&gt;Develop Geometric Foundation Models&lt;strong&gt; &lt;/strong&gt;for 3D spatial understanding in dynamic, real-world environments.&lt;/li&gt;
&lt;li&gt;Enable Cross-Embodiment Robotics, leveraging the power of multimodal foundation models to accelerate robotic learning on diverse platforms.&lt;/li&gt;
&lt;li&gt;Conduct empirical research on Scaling laws, Generalisation, and Sim-to-real transfer&lt;/li&gt;
&lt;li&gt;Define and evolve Evaluation Frameworks and Benchmarks for long-horizon prediction, scene fidelity, and driving performance&lt;/li&gt;
&lt;/ul&gt;
&lt;h3&gt;&lt;strong&gt;What You’ll Bring&lt;/strong&gt;&lt;/h3&gt;
&lt;p&gt;Must-haves:&lt;/p&gt;
&lt;ul&gt;
&lt;li&gt;3+ years of experience developing and deploying ML systems in real-world or production settings&lt;/li&gt;
&lt;li&gt;PhD, Master’s degree, or equivalent experience in Machine Learning, Computer Vision, Robotics, or a related field&lt;/li&gt;
&lt;li&gt;Deep expertise in one or more core Embodied AI areas, such as:&lt;/li&gt;
&lt;ul&gt;
&lt;li&gt;Foundation models (e.g., transformers, MoE, large-scale training)&lt;/li&gt;
&lt;li&gt;Generative world modeling (e.g., diffusion, autoregressive, hybrid approaches)&lt;/li&gt;
&lt;li&gt;Reinforcement learning (e.g., offline RL, RLHF, reward modeling)&lt;/li&gt;
&lt;li&gt;Spatial AI (e.g., SLAM/SfM, depth estimation, multi-view geometry with multimodal sensors)&lt;/li&gt;
&lt;/ul&gt;
&lt;li&gt;Track record of publications at top-tier conferences (e.g., NeurIPS, ICML, ICLR, CVPR, ICCV, CoRL)&lt;/li&gt;
&lt;li&gt;Strong programming skills in Python, with experience using frameworks such as PyTorch&lt;/li&gt;
&lt;li&gt;A data-centric mindset, with experience working on large-scale datasets and evaluation&lt;/li&gt;
&lt;li&gt;Strong problem-solving ability and the ability to collaborate effectively in interdisciplinary teams&lt;/li&gt;
&lt;/ul&gt;
&lt;p&gt;Nice-to-haves:&lt;/p&gt;
&lt;ul&gt;
&lt;li&gt;Experience in autonomous driving, robotics, or simulation systems&lt;/li&gt;
&lt;li&gt;Familiarity with large-scale training (e.g., FSDP, DeepSpeed, JAX)&lt;/li&gt;
&lt;li&gt;Experience with sim-to-real transfer or data-efficient learning&lt;/li&gt;
&lt;li&gt;Contributions to open-source ML tools or research infrastructure&lt;/li&gt;
&lt;/ul&gt;
&lt;h2&gt;&lt;strong&gt;What we offer you&amp;nbsp;&lt;/strong&gt;&lt;/h2&gt;
&lt;ul&gt;
&lt;li&gt;Attractive compensation with salary and equity&amp;nbsp;&lt;/li&gt;
&lt;li&gt;Immersion in a team of world-class researchers, engineers and entrepreneurs&amp;nbsp;&lt;/li&gt;
&lt;li&gt;A unique position to shape the future of autonomy and tackle the biggest challenge of our time&amp;nbsp;&lt;/li&gt;
&lt;li&gt;Bespoke learning and development opportunities&amp;nbsp;&lt;/li&gt;
&lt;li&gt;Relocation support with visa sponsorship&amp;nbsp;&lt;/li&gt;
&lt;li&gt;Flexible working hours - we trust you to do your job well, at times that suit you and your time&amp;nbsp;&lt;/li&gt;
&lt;li&gt;Benefits such as an onsite chef, workplace nursery scheme, private health insurance, therapy, daily yoga, onsite bar, large social budgets, unlimited L&amp;amp;D requests, enhanced parental leave, and more!&lt;/li&gt;
&lt;/ul&gt;
&lt;p&gt;This is a full-time role based in our office in Vancouver. At Wayve we want the best of all worlds so we operate a hybrid working policy that combines time together in our offices and workshops to fuel innovation, culture, relationships and learning, and time spent working from home.&amp;nbsp;&amp;nbsp;&amp;nbsp;&lt;/p&gt;&lt;div class=&quot;content-conclusion&quot;&gt;&lt;p&gt;&lt;span class=&quot;notion-enable-hover&quot; data-token-index=&quot;0&quot;&gt;Wayve is committed to creating an inclusive interview experience. If you require any accommodations or adjustments to participate fully in our interview process, please let us know.&lt;br&gt;&lt;/span&gt;&lt;/p&gt;
&lt;p&gt;We understand that everyone has a unique set of skills and experiences and that not everyone will meet all of the requirements listed above. If you’re passionate about self-driving cars and think you have what it takes to make a positive impact on the world, we encourage you to apply.&lt;br&gt;&lt;br&gt;At Wayve we&#39;re committed to creating a diverse, fair and respectful culture that is inclusive of everyone based on their unique skills and perspectives, and regardless of sex, race, religion or belief, ethnic or national origin, disability, age, citizenship, marital, domestic or civil partnership status, sexual orientation, gender identity, veteran status, pregnancy or related condition&amp;nbsp; (including breastfeeding) or any other basis as protected by applicable law. &amp;nbsp;&lt;/p&gt;
&lt;p&gt;For more information visit &lt;a href=&quot;https://wayve.ai/careers/&quot;&gt;Careers at Wayve.&amp;nbsp;&lt;/a&gt;&lt;/p&gt;
&lt;p&gt;To learn more about what drives us, visit &lt;a href=&quot;https://wayve.ai/careers/&quot;&gt;Values at Wayve&amp;nbsp;&lt;/a&gt;&lt;/p&gt;
&lt;p&gt;For US candidates only, please visit &lt;a href=&quot;https://drive.google.com/file/d/1N46n3iN0AG8EPEO-hCanyyv7hzz8KgT_/view?usp=sharing&quot;&gt;E-Verify Notice&lt;/a&gt; and &lt;a href=&quot;https://www.ussc.gov/sites/default/files/pdf/employment/RightToWork.pdf&quot;&gt;Participation and Right to Work&lt;/a&gt;&lt;/p&gt;
&lt;hr&gt;
&lt;p&gt;DISCLAIMER: We will not ask about marriage or pregnancy, care responsibilities or disabilities in any of our job adverts or interviews. However, we do look to capture information about care responsibilities, and disabilities among other diversity information as part of an optional DEI Monitoring form to help us identify areas of improvement in our hiring process and ensure that the process is inclusive and non-discriminatory.&lt;/p&gt;
&lt;p&gt;&amp;nbsp;&lt;/p&gt;
&lt;p&gt;&amp;nbsp;&lt;/p&gt;&lt;/div&gt;",GB,Vancouver,https://wayve.firststage.co/jobs?gh_jid=8552547002,"2026-05-15T15:56:05-04:00",Full Time,2026-08-31 20:56:55.376 +0700,20
greenhouse,Torc Robotics,Engineering Manager - Release & Configuration Management,"&lt;p&gt;&lt;strong&gt;&lt;span data-contrast=&quot;auto&quot;&gt;About the Company&lt;/span&gt;&lt;/strong&gt;&lt;span data-ccp-props=&quot;{}&quot;&gt;&amp;nbsp;&lt;/span&gt;&lt;/p&gt;
&lt;p&gt;&lt;span data-contrast=&quot;auto&quot;&gt;At Torc, we have always believed that autonomous vehicle technology will transform how we travel, move freight, and do business.&lt;/span&gt;&lt;/p&gt;
&lt;p&gt;&lt;span data-contrast=&quot;auto&quot;&gt;A leader in autonomous driving since 2007, Torc has spent over a decade commercializing our solutions with experienced partners. &lt;/span&gt;&lt;a href=&quot;https://torc.ai/daimler-testing-automated-trucks-public/&quot;&gt;&lt;span data-contrast=&quot;none&quot;&gt;&lt;span data-ccp-charstyle=&quot;Hyperlink&quot;&gt;Now a part of the Daimler family&lt;/span&gt;&lt;/span&gt;&lt;/a&gt;&lt;span data-contrast=&quot;auto&quot;&gt;, we are focused solely on developing software for automated trucks to transform how the world moves freight.&lt;/span&gt;&amp;nbsp;&lt;/p&gt;
&lt;p&gt;&lt;span data-contrast=&quot;auto&quot;&gt;Join us and catapult your career with the company that helped pioneer autonomous technology, and the first AV software company with the vision to partner directly with a truck manufacturer.&lt;/span&gt;&lt;span data-ccp-props=&quot;{}&quot;&gt;&amp;nbsp;&lt;/span&gt;&lt;/p&gt;
&lt;p&gt;&lt;strong&gt;Meet the team:&amp;nbsp;&amp;nbsp; &lt;/strong&gt;&lt;/p&gt;
&lt;p&gt;The Release group plays a critical role in Torc’s product engineering and release lifecycle.&amp;nbsp; The Release group is responsible for ensuring safe and successful product delivery by working collaboratively across engineering divisions to sponsor and drive the release ecosystem.&amp;nbsp; We will measure and monitor progress for on-time release delivery.&amp;nbsp; We will deliver a structured release process and skillsets to achieve product acceptance, drive performance indicators, and enable the&amp;nbsp; efficient delivery of product releases.&lt;/p&gt;
&lt;p&gt;&lt;strong&gt;What you’ll do:&lt;/strong&gt;&lt;/p&gt;
&lt;p&gt;The Manager of Release Management is responsible for people leadership of a team of release managers that lead the release lifecycle for engineering and product releases.&amp;nbsp; This includes performing release coordination, dynamic decision-making during release execution, monitoring and evaluating deliverables into release along with configuration management.&amp;nbsp; The release management team schedules regular agile-style release trains, oversees the impact analysis process, communicates required test activities, performs Git tagging and branching procedures, and records release artifacts.&amp;nbsp;&lt;/p&gt;
&lt;p&gt;The people leader of Release management will drive strategic initiatives, mitigate risks, perform resource planning and performance management for direct reports.&lt;/p&gt;
&lt;p&gt;A successful candidate will have experience performing thought leadership, cross-function collaboration, and driving improvements for release management processes to meet production goals.&amp;nbsp;&amp;nbsp; A robust background in large-scale, safety-critical systems and/or software development processes within complex development systems is necessary to guide company engineering procedures.&lt;/p&gt;
&lt;ul&gt;
&lt;li&gt;Deliver through your team as well as collaborate across teams to deliver high quality system releases for Torc’s autonomous driving product line.&lt;/li&gt;
&lt;li&gt;Maintain a rapid engineering development schedule for self-driving software stack with consistent and managed releases, both internal and external to Torc.&lt;/li&gt;
&lt;li&gt;Collaborate with Development teams, fleet teams, V&amp;amp;V teams and product management for planning, execution and delivery of releases&lt;/li&gt;
&lt;li&gt;Communicate and coordinate feature deliveries, bug fixes, risks, release notes and change logs for software test and release candidates&lt;/li&gt;
&lt;li&gt;Manage impact analysis supporting the product roadmap&lt;/li&gt;
&lt;li&gt;Facilitate regular release trains with Git branching, software versioning, impact analysis process, pre-release software process and daily/weekly release meetings with Torc technology representatives.&lt;/li&gt;
&lt;li&gt;Identify and report on release artifacts included in the Product Development lifecycle including requirements, architecture, design, hardware, software, test and verification deliverables.&lt;/li&gt;
&lt;li&gt;Ensure the proper baseline identification of current and historical configuration items can be accurately determined throughout the product lifespan, perform periodic audits, and provide verification of configuration items release versioning.&lt;/li&gt;
&lt;li&gt;People leadership responsibilities include new hire selection, onboarding, goal setting, career pathing and professional development, employee team building and training, performance management, scheduling and assigning work, resource management and controlling expenses, and enforces systems, policies, and procedures.&amp;nbsp; Proactively manages employee relations and conflict while representing Torc’s core values&lt;/li&gt;
&lt;li&gt;Identify hiring needs, partner with People Operations and Talent Acquisition, and assist in the recruiting, screening, interviewing, selection, and hiring processes for talent across multidisciplinary teams.&amp;nbsp; Recommends salary increases, promotions, transfers, demotions, or terminations&lt;/li&gt;
&lt;li&gt;Accomplishes team objectives by supervising staff and organizing and monitoring work processes with the highest degree of quality and safety&lt;/li&gt;
&lt;/ul&gt;
&lt;p&gt;&lt;strong&gt;What you’ll need to succeed:&lt;/strong&gt;&amp;nbsp;&amp;nbsp;&lt;/p&gt;
&lt;ul&gt;
&lt;li&gt;Bachelor’s degree in computer science, computer engineering, or related technical field&lt;/li&gt;
&lt;li&gt;10+ years experience for software build, integration and test systems&lt;/li&gt;
&lt;li&gt;2+ Experience managing a team of direct reports&lt;/li&gt;
&lt;li&gt;Experience with complex embedded systems including ADAS technologies i.e. autonomous driving software architecture, sensors, networking, compute hardware, control systems&lt;/li&gt;
&lt;li&gt;Experience with software release tools i.e. build systems, software versioning systems, defect management systems, source control etc.&lt;/li&gt;
&lt;li&gt;Strong problem-solving / analytical skills, attention to detail, and ability to learn in unstructured environments&lt;/li&gt;
&lt;li&gt;Strong communication and collaboration skills enabling a positive energy and work environment&lt;/li&gt;
&lt;li&gt;Ability to work in a fast-paced environment with evolving software/hardware infrastructure&lt;/li&gt;
&lt;li&gt;Experience delivering production systems from early prototype phases through product launch and in-field maintenance.&lt;/li&gt;
&lt;/ul&gt;
&lt;p&gt;&lt;strong&gt;Bonus Points!&lt;/strong&gt;&lt;/p&gt;
&lt;ul&gt;
&lt;li&gt;Experience testing autonomous vehicles, ROS based robotics systems or ADAS features&lt;/li&gt;
&lt;li&gt;Configuration management of safety-critical systems, understanding of systems engineering and verification, validation methodologies.&lt;/li&gt;
&lt;li&gt;Project management experience&lt;/li&gt;
&lt;/ul&gt;
&lt;p&gt;&lt;strong&gt;&lt;span data-contrast=&quot;auto&quot;&gt;Work Location:&amp;nbsp;&lt;/span&gt;&lt;/strong&gt;&lt;span data-contrast=&quot;auto&quot;&gt;For this position, we are open to hiring in Fort Worth, TX (U.S.) office work locations in a hybrid capacity.&amp;nbsp;&lt;/span&gt;&lt;/p&gt;
&lt;p&gt;&lt;strong&gt;&lt;span data-contrast=&quot;auto&quot;&gt;Perks of Being a Full-time Torc’r&lt;/span&gt;&lt;/strong&gt;&lt;span data-ccp-props=&quot;{&amp;quot;134233117&amp;quot;:false,&amp;quot;134233118&amp;quot;:false,&amp;quot;335551550&amp;quot;:0,&amp;quot;335551620&amp;quot;:0,&amp;quot;335559738&amp;quot;:240,&amp;quot;335559739&amp;quot;:240}&quot;&gt;&amp;nbsp;&lt;/span&gt;&lt;/p&gt;
&lt;p&gt;&lt;span data-contrast=&quot;auto&quot;&gt;Torc cares about our team&amp;nbsp;members&amp;nbsp;and we strive to provide benefits and resources to support their health, work/life balance, and future. Our culture is collaborative, energetic, and team focused. Torc offers:&amp;nbsp;&amp;nbsp;&lt;/span&gt;&lt;span data-ccp-props=&quot;{&amp;quot;134233117&amp;quot;:false,&amp;quot;134233118&amp;quot;:false,&amp;quot;335551550&amp;quot;:0,&amp;quot;335551620&amp;quot;:0,&amp;quot;335559738&amp;quot;:240,&amp;quot;335559739&amp;quot;:240}&quot;&gt;&amp;nbsp;&lt;/span&gt;&lt;/p&gt;
&lt;ul&gt;
&lt;li data-leveltext=&quot;&quot; data-font=&quot;Symbol&quot; data-listid=&quot;20&quot; data-list-defn-props=&quot;{&amp;quot;335552541&amp;quot;:1,&amp;quot;335559683&amp;quot;:0,&amp;quot;335559684&amp;quot;:-2,&amp;quot;335559685&amp;quot;:720,&amp;quot;335559991&amp;quot;:360,&amp;quot;469769226&amp;quot;:&amp;quot;Symbol&amp;quot;,&amp;quot;469769242&amp;quot;:[8226],&amp;quot;469777803&amp;quot;:&amp;quot;left&amp;quot;,&amp;quot;469777804&amp;quot;:&amp;quot;&amp;quot;,&amp;quot;469777815&amp;quot;:&amp;quot;hybridMultilevel&amp;quot;}&quot; data-aria-posinset=&quot;1&quot; data-aria-level=&quot;1&quot;&gt;&lt;span data-contrast=&quot;auto&quot;&gt;A competitive compensation package that includes a bonus&amp;nbsp;component&amp;nbsp;and stock options&lt;/span&gt;&lt;/li&gt;
&lt;li data-leveltext=&quot;&quot; data-font=&quot;Symbol&quot; data-listid=&quot;20&quot; data-list-defn-props=&quot;{&amp;quot;335552541&amp;quot;:1,&amp;quot;335559683&amp;quot;:0,&amp;quot;335559684&amp;quot;:-2,&amp;quot;335559685&amp;quot;:720,&amp;quot;335559991&amp;quot;:360,&amp;quot;469769226&amp;quot;:&amp;quot;Symbol&amp;quot;,&amp;quot;469769242&amp;quot;:[8226],&amp;quot;469777803&amp;quot;:&amp;quot;left&amp;quot;,&amp;quot;469777804&amp;quot;:&amp;quot;&amp;quot;,&amp;quot;469777815&amp;quot;:&amp;quot;hybridMultilevel&amp;quot;}&quot; data-aria-posinset=&quot;1&quot; data-aria-level=&quot;1&quot;&gt;100% paid medical, dental, and vision premiums for full-time employees&amp;nbsp; &lt;span data-ccp-props=&quot;{&amp;quot;134233117&amp;quot;:false,&amp;quot;134233118&amp;quot;:false,&amp;quot;335551550&amp;quot;:0,&amp;quot;335551620&amp;quot;:0,&amp;quot;335559738&amp;quot;:0,&amp;quot;335559739&amp;quot;:0}&quot;&gt;&amp;nbsp;&lt;/span&gt;&lt;/li&gt;
&lt;li data-leveltext=&quot;&quot; data-font=&quot;Symbol&quot; data-listid=&quot;20&quot; data-list-defn-props=&quot;{&amp;quot;335552541&amp;quot;:1,&amp;quot;335559683&amp;quot;:0,&amp;quot;335559684&amp;quot;:-2,&amp;quot;335559685&amp;quot;:720,&amp;quot;335559991&amp;quot;:360,&amp;quot;469769226&amp;quot;:&amp;quot;Symbol&amp;quot;,&amp;quot;469769242&amp;quot;:[8226],&amp;quot;469777803&amp;quot;:&amp;quot;left&amp;quot;,&amp;quot;469777804&amp;quot;:&amp;quot;&amp;quot;,&amp;quot;469777815&amp;quot;:&amp;quot;hybridMultilevel&amp;quot;}&quot; data-aria-posinset=&quot;1&quot; data-aria-level=&quot;1&quot;&gt;401K plan with a 6% employer matchFlexibility in schedule and generous paid vacation (available immediately after start date)Company-wide holiday office closures&lt;/li&gt;
&lt;li data-leveltext=&quot;&quot; data-font=&quot;Symbol&quot; data-listid=&quot;20&quot; data-list-defn-props=&quot;{&amp;quot;335552541&amp;quot;:1,&amp;quot;335559683&amp;quot;:0,&amp;quot;335559684&amp;quot;:-2,&amp;quot;335559685&amp;quot;:720,&amp;quot;335559991&amp;quot;:360,&amp;quot;469769226&amp;quot;:&amp;quot;Symbol&amp;quot;,&amp;quot;469769242&amp;quot;:[8226],&amp;quot;469777803&amp;quot;:&amp;quot;left&amp;quot;,&amp;quot;469777804&amp;quot;:&amp;quot;&amp;quot;,&amp;quot;469777815&amp;quot;:&amp;quot;hybridMultilevel&amp;quot;}&quot; data-aria-posinset=&quot;1&quot; data-aria-level=&quot;1&quot;&gt;AD+D and Life Insurance&amp;nbsp;&lt;span data-ccp-props=&quot;{&amp;quot;134233117&amp;quot;:false,&amp;quot;134233118&amp;quot;:false,&amp;quot;335551550&amp;quot;:0,&amp;quot;335551620&amp;quot;:0,&amp;quot;335559738&amp;quot;:0,&amp;quot;335559739&amp;quot;:0}&quot;&gt;&amp;nbsp;&lt;/span&gt;&lt;/li&gt;
&lt;/ul&gt;
&lt;p&gt;&lt;span data-contrast=&quot;auto&quot;&gt;At Torc,&amp;nbsp;we’re&amp;nbsp;committed to building a diverse and inclusive workplace. We celebrate the uniqueness of our&amp;nbsp;Torc’rs&amp;nbsp;and do not discriminate based on race, religion, color, national origin, gender (including pregnancy, childbirth, or related medical conditions), sexual orientation, gender identity, gender expression, age, veteran status, or disabilities.&lt;/span&gt;&amp;nbsp;&lt;/p&gt;
&lt;p&gt;&lt;span data-contrast=&quot;auto&quot;&gt;Even if you don’t meet 100% of the qualifications listed for this opportunity, we encourage you to apply.&lt;/span&gt;&lt;span data-ccp-props=&quot;{}&quot;&gt;&amp;nbsp;&lt;/span&gt;&lt;/p&gt;
&lt;p&gt;&lt;span data-contrast=&quot;auto&quot;&gt;Our compensation reflects the cost of labor across several geographic markets.&amp;nbsp;Pay is based on a number of factors and may vary depending on job-related knowledge, skills, and experience.&amp;nbsp;Torc&#39;s total compensation package will also include our corporate bonus and stock option plan.&amp;nbsp;Dependent&amp;nbsp;on the position offered, sign-on payments, relocation, and other forms of compensation may be provided as part of a total compensation package, in addition to a full range of medical, financial, and/or other benefits.&lt;/span&gt;&lt;span data-ccp-props=&quot;{}&quot;&gt;&amp;nbsp;&lt;/span&gt;&lt;/p&gt;
&lt;p&gt;&lt;strong&gt;&lt;span data-contrast=&quot;auto&quot;&gt;Job ID:&lt;/span&gt;&lt;/strong&gt; &lt;span data-ccp-props=&quot;{&amp;quot;134233117&amp;quot;:false,&amp;quot;134233118&amp;quot;:false,&amp;quot;335559738&amp;quot;:240,&amp;quot;335559739&amp;quot;:240}&quot;&gt;R-102848&lt;/span&gt;&lt;/p&gt;&lt;div class=&quot;content-pay-transparency&quot;&gt;&lt;div class=&quot;pay-input&quot;&gt;&lt;div class=&quot;description&quot;&gt;&lt;span style=&quot;text-decoration: underline;&quot;&gt;&lt;strong&gt;Hiring Range for Job Opening&amp;nbsp;&lt;/strong&gt;&lt;/span&gt;&lt;/div&gt;&lt;div class=&quot;title&quot;&gt;US Pay Range&lt;/div&gt;&lt;div class=&quot;pay-range&quot;&gt;&lt;span&gt;$160,800&lt;/span&gt;&lt;span class=&quot;divider&quot;&gt;&amp;mdash;&lt;/span&gt;&lt;span&gt;$193,000 USD&lt;/span&gt;&lt;/div&gt;&lt;/div&gt;&lt;/div&gt;",US,"Remote, U.S, Ann Arbor, MI, Fort Worth, TX, Blacksburg, VA",https://job-boards.greenhouse.io/torcrobotics/jobs/8645763002,"2026-07-23T08:04:18-04:00",Full Time,2026-08-31 20:56:55.376 +0700,21
greenhouse,Kodiak,Staff Probabilistic Risk Assessment Engineer,"&lt;div class=&quot;content-intro&quot;&gt;&lt;p&gt;Kodiak Robotics, Inc. was founded in 2018 and has become a leader in autonomous ground transportation committed to a safer and more efficient future for all. The company has developed an artificial intelligence (AI) powered technology stack purpose-built for commercial trucking and the public sector. The company delivers freight daily for its customers across the southern United States using its autonomous technology. In 2024, Kodiak became the first known company to publicly announce delivering a driverless semi-truck to a customer. Kodiak is also leveraging its commercial self-driving software to develop, test and deploy autonomous capabilities for the U.S. Department of Defense.&lt;/p&gt;&lt;/div&gt;&lt;p&gt;&lt;span style=&quot;font-family: helvetica, arial, sans-serif; font-size: 12pt;&quot;&gt;How do you prove an autonomous truck is safe enough to drive itself — without a driver — millions of miles a year?&lt;/span&gt;&lt;/p&gt;
&lt;p&gt;&lt;span style=&quot;font-family: helvetica, arial, sans-serif; font-size: 12pt;&quot;&gt;That&#39;s not a rhetorical question. It&#39;s the core engineering challenge of this role, and there&#39;s no textbook answer. The target is fewer than one fatal collision per 10⁸ hours of operation. Achieving that level of safety and proving it rigorously requires building new methods, not just applying existing ones.&lt;/span&gt;&lt;/p&gt;
&lt;p&gt;&lt;span style=&quot;font-family: helvetica, arial, sans-serif; font-size: 12pt;&quot;&gt;We are hiring for a Senior Autonomy Safety Engineer to join the team. This will be used to support our safety claims about safe perception, motion planning, and control for autonomous robots deployed in both commercial freight and defense logistics environments.&amp;nbsp;&lt;/span&gt;&lt;/p&gt;
&lt;p&gt;&lt;span style=&quot;font-family: helvetica, arial, sans-serif; font-size: 12pt;&quot;&gt;Kodiak&#39;s Autonomy Safety team owns that problem. We&#39;re a small, high-impact group operating at the frontier of autonomous vehicle safety, working across probabilistic risk assessment, simulation, autonomy performance, statistical modeling, and rare-event estimation. Every teammate owns a significant piece of the overall safety story. This role is one of those pieces.&lt;/span&gt;&lt;/p&gt;
&lt;p class=&quot;p2&quot;&gt;&lt;strong style=&quot;font-family: helvetica, arial, sans-serif; font-size: 12pt;&quot;&gt;What You&#39;ll Do: &lt;/strong&gt;&lt;/p&gt;
&lt;ul&gt;
&lt;li style=&quot;font-family: helvetica, arial, sans-serif; font-size: 12pt;&quot;&gt;&lt;span style=&quot;font-family: helvetica, arial, sans-serif; font-size: 12pt;&quot;&gt;&lt;strong&gt;Find the edge cases before the road does.&lt;/strong&gt; Identify failure modes and edge cases that expose weaknesses in our system before they appear in on-road environments. Write C++ to efficiently search high-dimensional failure spaces at scale.&lt;/span&gt;&lt;/li&gt;
&lt;li style=&quot;font-family: helvetica, arial, sans-serif; font-size: 12pt;&quot;&gt;&lt;span style=&quot;font-family: helvetica, arial, sans-serif; font-size: 12pt;&quot;&gt;&lt;strong&gt;Build probabilistic risk models.&lt;/strong&gt; Write Python to estimate autonomy-level risk using Bayesian models inside our Probabilistic Risk Assessment framework. Your outputs will inform engineering priorities across the company.&lt;/span&gt;&lt;/li&gt;
&lt;li style=&quot;font-family: helvetica, arial, sans-serif; font-size: 12pt;&quot;&gt;&lt;span style=&quot;font-family: helvetica, arial, sans-serif; font-size: 12pt;&quot;&gt;&lt;strong&gt;Drive safety-informed design decisions.&lt;/strong&gt; Provide rigorous analysis to support complex autonomy system design trade-offs that affect both safety and performance.&lt;/span&gt;&lt;/li&gt;
&lt;li style=&quot;font-family: helvetica, arial, sans-serif; font-size: 12pt;&quot;&gt;&lt;span style=&quot;font-family: helvetica, arial, sans-serif; font-size: 12pt;&quot;&gt;&lt;strong&gt;Run and analyze simulations.&lt;/strong&gt; Support development of simulation scenarios, structured track testing, on-road testing, and hardware-in-the-loop test rigs and communicate risk-informed findings to engineering and leadership.&lt;/span&gt;&lt;/li&gt;
&lt;li style=&quot;font-family: helvetica, arial, sans-serif; font-size: 12pt;&quot;&gt;&lt;span style=&quot;font-family: helvetica, arial, sans-serif; font-size: 12pt;&quot;&gt;&lt;strong&gt;Pioneer new safety methods.&lt;/strong&gt; When existing approaches fall short of our safety targets, you&#39;ll develop new ones. That&#39;s not a figure of speech, it&#39;s a regular part of this job.&lt;/span&gt;&lt;/li&gt;
&lt;/ul&gt;
&lt;p&gt;&lt;span style=&quot;font-size: 12pt; font-family: helvetica, arial, sans-serif;&quot;&gt;&lt;strong&gt;What you’ll bring:&lt;/strong&gt;&lt;/span&gt;&lt;/p&gt;
&lt;p style=&quot;padding-left: 40px;&quot;&gt;&lt;span style=&quot;font-family: helvetica, arial, sans-serif;&quot;&gt;&lt;strong&gt;Required:&lt;/strong&gt;&lt;/span&gt;&lt;/p&gt;
&lt;ul&gt;
&lt;li style=&quot;font-size: 12pt;&quot;&gt;&lt;span style=&quot;font-size: 12pt;&quot;&gt;M.S. or Ph.D. in engineering, mathematics, statistics, or a related field&lt;/span&gt;&lt;/li&gt;
&lt;li style=&quot;font-size: 12pt;&quot;&gt;&lt;span style=&quot;font-size: 12pt;&quot;&gt;Deep applied probability and statistics, including fluency with skewed and heavy-tailed distributions — not just the Gaussian/Poisson/binomial core&lt;/span&gt;&lt;/li&gt;
&lt;li style=&quot;font-size: 12pt;&quot;&gt;&lt;span style=&quot;font-size: 12pt;&quot;&gt;Quantitative risk and reliability modeling of complex systems: decomposing system-level risk into estimable contributions, propagating uncertainty through that decomposition, and identifying which contributors dominate the result&lt;/span&gt;&lt;/li&gt;
&lt;li style=&quot;font-size: 12pt;&quot;&gt;&lt;span style=&quot;font-size: 12pt;&quot;&gt;Estimating the probability of events far rarer than you can directly observe or simulate — you understand why naïve sampling fails in this regime, and you&#39;ve used advanced sampling or variance-reduction techniques to get usable estimates with quantified confidence&lt;/span&gt;&lt;/li&gt;
&lt;li style=&quot;font-size: 12pt;&quot;&gt;&lt;span style=&quot;font-size: 12pt;&quot;&gt;Bayesian methods for sparse-evidence problems: combining prior engineering knowledge with limited field and simulation evidence, and defending a quantitative conclusion when the event of interest has never been observed&lt;/span&gt;&lt;/li&gt;
&lt;li style=&quot;font-size: 12pt;&quot;&gt;&lt;span style=&quot;font-size: 12pt;&quot;&gt;Statistical model building and validation: fitting parametric models to messy operational data, and rigorously assessing fit — with particular attention to the tails, where a good average fit can still be badly wrong&lt;/span&gt;&lt;/li&gt;
&lt;li style=&quot;font-size: 12pt;&quot;&gt;&lt;span style=&quot;font-size: 12pt;&quot;&gt;Working knowledge of tail risk metrics and how estimator uncertainty propagates into a decision threshold&lt;/span&gt;&lt;/li&gt;
&lt;li style=&quot;font-size: 12pt;&quot;&gt;&lt;span style=&quot;font-size: 12pt;&quot;&gt;Production software development in Python (numpy/scipy/pandas) and modern C++ (C++17/20) — templates, numerical linear algebra, a compiled build system&lt;/span&gt;&lt;/li&gt;
&lt;li style=&quot;font-size: 12pt;&quot;&gt;&lt;span style=&quot;font-size: 12pt;&quot;&gt;Numerical robustness instincts: numerical stability and conditioning, transformations between sample and physical spaces, optimization, root-finding&lt;/span&gt;&lt;/li&gt;
&lt;li style=&quot;font-size: 12pt;&quot;&gt;&lt;span style=&quot;font-size: 12pt;&quot;&gt;Reproducibility and auditability discipline — deterministic results, regression testing against known-good outputs, traceable provenance for every input assumption, and a strong preference for failing loudly over failing silently. Our outputs gate driverless deployment decisions and must regenerate to identical numbers&lt;/span&gt;&lt;/li&gt;
&lt;li style=&quot;font-size: 12pt;&quot;&gt;&lt;span style=&quot;font-size: 12pt;&quot;&gt;Strong written and verbal communication — you&#39;ll explain complex risk tradeoffs to engineers, leads, and executives, and author formal safety-case deliverables&lt;/span&gt;&lt;/li&gt;
&lt;li style=&quot;font-size: 12pt;&quot;&gt;&lt;span style=&quot;font-size: 12pt;&quot;&gt;Experience producing and reviewing analysis, code, and artifacts authored by generative AI tools.&lt;/span&gt;&lt;/li&gt;
&lt;/ul&gt;
&lt;p style=&quot;padding-left: 40px;&quot;&gt;&lt;span style=&quot;font-family: helvetica, arial, sans-serif; font-size: 12pt;&quot;&gt;&lt;strong&gt;Valued:&lt;/strong&gt;&lt;/span&gt;&lt;/p&gt;
&lt;ul&gt;
&lt;li style=&quot;font-size: 12pt;&quot;&gt;&lt;span style=&quot;font-size: 12pt;&quot;&gt;Modeling time-correlated or statistically dependent stochastic processes, and reasoning about dependence structure rather than assuming independence&lt;/span&gt;&lt;/li&gt;
&lt;li style=&quot;font-size: 12pt;&quot;&gt;&lt;span style=&quot;font-size: 12pt;&quot;&gt;Working in high-dimensional stochastic spaces, including reducing dimensionality while preserving the behavior that matters&lt;/span&gt;&lt;/li&gt;
&lt;li style=&quot;font-size: 12pt;&quot;&gt;&lt;span style=&quot;font-size: 12pt;&quot;&gt;Systematically searching for failure conditions in cyber-physical systems — adversarial search, stress testing, or formal-methods-adjacent approaches&lt;/span&gt;&lt;/li&gt;
&lt;li style=&quot;font-size: 12pt;&quot;&gt;&lt;span style=&quot;font-size: 12pt;&quot;&gt;Building or validating simulation environments; simulation-to-real validation&lt;/span&gt;&lt;/li&gt;
&lt;li style=&quot;font-size: 12pt;&quot;&gt;&lt;span style=&quot;font-size: 12pt;&quot;&gt;Distributed compute at scale: AWS, infrastructure-as-code (Terraform), and large-scale result storage and query (Elasticsearch or comparable)&lt;/span&gt;&lt;/li&gt;
&lt;li style=&quot;font-size: 12pt;&quot;&gt;&lt;span style=&quot;font-size: 12pt;&quot;&gt;GPU-accelerated numerical computing (CUDA and associated libraries)&lt;/span&gt;&lt;/li&gt;
&lt;li style=&quot;font-size: 12pt;&quot;&gt;&lt;span style=&quot;font-size: 12pt;&quot;&gt;Hazard analysis and safety-critical standards: ISO 26262, ISO 21448 (SOTIF), UL 4600, IEC 61508, ARP4754A/ARP4761; FMEA/FMECA; formal risk-acceptance frameworks; PRA practice from nuclear, aerospace, or process industries&lt;/span&gt;&lt;/li&gt;
&lt;li style=&quot;font-size: 12pt;&quot;&gt;&lt;span style=&quot;font-size: 12pt;&quot;&gt;Vehicle dynamics, collision kinematics, or crash severity modeling&lt;/span&gt;&lt;/li&gt;
&lt;li style=&quot;font-size: 12pt;&quot;&gt;&lt;span style=&quot;font-size: 12pt;&quot;&gt;AV stack fluency: sensor fusion and tracking, perception error characterization, motion planning, control&lt;/span&gt;&lt;/li&gt;
&lt;li style=&quot;font-size: 12pt;&quot;&gt;&lt;span style=&quot;font-size: 12pt;&quot;&gt;LaTeX for technical deliverables; data visualization&lt;/span&gt;&lt;/li&gt;
&lt;/ul&gt;
&lt;p&gt;&lt;strong style=&quot;font-size: 12pt;&quot;&gt;What we offer:&lt;/strong&gt;&lt;/p&gt;
&lt;ul&gt;
&lt;li style=&quot;font-size: 12pt; font-family: helvetica, arial, sans-serif;&quot;&gt;&lt;span style=&quot;font-size: 12pt; font-family: helvetica, arial, sans-serif;&quot;&gt;Competitive compensation package including equity and annual bonuses&lt;/span&gt;&lt;/li&gt;
&lt;li style=&quot;font-size: 12pt; font-family: helvetica, arial, sans-serif;&quot;&gt;&lt;span style=&quot;font-size: 12pt; font-family: helvetica, arial, sans-serif;&quot;&gt;Excellent Medical, Dental, and Vision plans through Kaiser Permanente, Cigna, and&amp;nbsp; MetLife (including a medical plan with infertility benefits)&lt;/span&gt;&lt;/li&gt;
&lt;li style=&quot;font-size: 12pt; font-family: helvetica, arial, sans-serif;&quot;&gt;&lt;span style=&quot;font-size: 12pt; font-family: helvetica, arial, sans-serif;&quot;&gt;MetLife Legal Services, Identity &amp;amp; Fraud Protection, Hospital Indemnity Insurance, Accident Insurance, &amp;amp; Critical Illness Insurance&lt;/span&gt;&lt;/li&gt;
&lt;li style=&quot;font-size: 12pt; font-family: helvetica, arial, sans-serif;&quot;&gt;&lt;span style=&quot;font-size: 12pt; font-family: helvetica, arial, sans-serif;&quot;&gt;Flexible PTO, 10 paid holidays, and generous parental leave policies&lt;/span&gt;&lt;/li&gt;
&lt;li style=&quot;font-size: 12pt; font-family: helvetica, arial, sans-serif;&quot;&gt;&lt;span style=&quot;font-size: 12pt; font-family: helvetica, arial, sans-serif;&quot;&gt;Our office is centrally located in Mountain View, CA&lt;/span&gt;&lt;/li&gt;
&lt;li style=&quot;font-size: 12pt; font-family: helvetica, arial, sans-serif;&quot;&gt;&lt;span style=&quot;font-size: 12pt; font-family: helvetica, arial, sans-serif;&quot;&gt;Office perks: dog-friendly, free catered lunch, a fully stocked kitchen, and free EV charging&lt;/span&gt;&lt;/li&gt;
&lt;li style=&quot;font-size: 12pt; font-family: helvetica, arial, sans-serif;&quot;&gt;&lt;span style=&quot;font-size: 12pt; font-family: helvetica, arial, sans-serif;&quot;&gt;Long Term Disability, Short Term Disability, Life Insurance&lt;/span&gt;&lt;/li&gt;
&lt;li style=&quot;font-size: 12pt; font-family: helvetica, arial, sans-serif;&quot;&gt;&lt;span style=&quot;font-size: 12pt; font-family: helvetica, arial, sans-serif;&quot;&gt;Wellbeing Benefits - Headspace through Cigna, Calm through Kaiser, One Medical, Gympass, Spring Health through Cigna, Rula (mental health navigation)&amp;nbsp;&lt;/span&gt;&lt;/li&gt;
&lt;li style=&quot;font-size: 12pt; font-family: helvetica, arial, sans-serif;&quot;&gt;&lt;span style=&quot;font-size: 12pt; font-family: helvetica, arial, sans-serif;&quot;&gt;Fidelity 401(k)&lt;/span&gt;&lt;/li&gt;
&lt;li style=&quot;font-size: 12pt; font-family: helvetica, arial, sans-serif;&quot;&gt;&lt;span style=&quot;font-size: 12pt; font-family: helvetica, arial, sans-serif;&quot;&gt;Commuter, FSA, Dependent Care FSA, HSA&lt;/span&gt;&lt;/li&gt;
&lt;li style=&quot;font-size: 12pt; font-family: helvetica, arial, sans-serif;&quot;&gt;&lt;span style=&quot;font-size: 12pt; font-family: helvetica, arial, sans-serif;&quot;&gt;Various incentive programs (referral bonuses, patent bonuses, etc.)&lt;/span&gt;&lt;/li&gt;
&lt;/ul&gt;&lt;div class=&quot;content-pay-transparency&quot;&gt;&lt;div class=&quot;pay-input&quot;&gt;&lt;div class=&quot;description&quot;&gt;&lt;p&gt;The pay range listed below reflects the base salary&amp;nbsp;&lt;strong data-stringify-type=&quot;bold&quot;&gt;in our SF/Silicon Valley location,&amp;nbsp;&lt;/strong&gt;across several internal levels. Actual starting pay will be based on job-related factors including: work location, experience, relevant training, education, skill level and performance during interview. Total compensation at Kodiak includes base pay, equity, bonus and a competitive benefits package&lt;/p&gt;&lt;/div&gt;&lt;div class=&quot;title&quot;&gt;California Pay Range&lt;/div&gt;&lt;div class=&quot;pay-range&quot;&gt;&lt;span&gt;$200,000&lt;/span&gt;&lt;span class=&quot;divider&quot;&gt;&amp;mdash;&lt;/span&gt;&lt;span&gt;$245,000 USD&lt;/span&gt;&lt;/div&gt;&lt;/div&gt;&lt;/div&gt;&lt;div class=&quot;content-conclusion&quot;&gt;&lt;div&gt;&amp;nbsp;&lt;/div&gt;
&lt;div&gt;At Kodiak, we strive to build a diverse community working towards our common company goals in a safe and collaborative environment where harassment of any kind is strictly prohibited. Kodiak is committed to equal opportunity employment regardless of race, ethnicity, religion, gender identity, sexual orientation, age, disability, or veteran status, or any other basis protected by applicable law.&lt;/div&gt;
&lt;div&gt;&amp;nbsp;&lt;/div&gt;
&lt;div&gt;In alignment with its business operations, Kodiak adheres to all relevant statutes, regulations, and administrative prerequisites. Accordingly, roles that carry more sensitive requirements may be limited to candidates that can satisfy additional scrutiny and eligibility for such positions may hinge on verification of a candidate’s residence, U.S. person status, and/or citizenship status. Should the position require, and Kodiak determines that a candidate’s residence, U.S. person status, and/or citizenship status necessitate an export license, bar the candidate from the position, or otherwise fall under national security-related restrictions, Kodiak will consider the candidate for alternative positions unaffected by such restrictions, under terms and conditions set forth at Kodiak’s sole discretion, or, as an alternative, opt not to proceed with the candidate’s application. If applicable, Kodiak may provide visa sponsorship for eligible candidates.&lt;/div&gt;
&lt;div&gt;&amp;nbsp;&lt;/div&gt;
&lt;div&gt;&lt;em&gt;We use a third-party AI tool (Endorsed) to assist in the initial screening of applications. As part of the evaluation process, we provide Endorsed with job requirements and candidate-submitted applications. Final hiring decisions are made by our human recruitment team, and no automated system makes the ultimate decision regarding hiring. Certain features of the platform may qualify it as an Automated Employment Decision Tool (AEDT) under applicable regulations. We began using Endorsed on January 1, 2026. You can review the independent bias audit report covering our use of Endorsed [here](&lt;/em&gt;&lt;em&gt;&lt;a href=&quot;https://endorsed.com/local-law-144&quot; target=&quot;_blank&quot; data-sk=&quot;tooltip_parent&quot;&gt;https://endorsed.com/local-law-144&lt;/a&gt;&lt;/em&gt;&lt;em&gt;). By submitting your application, you acknowledge that your application may be processed by AI systems as part of the screening and selection process. If you have any questions or would like to request a separate review of your application, please contact &lt;/em&gt;&lt;em&gt;&lt;a href=&quot;mailto:careers@kodiak.ai&quot; target=&quot;_blank&quot; data-sk=&quot;tooltip_parent&quot;&gt;careers@kodiak.ai&lt;/a&gt;&lt;/em&gt;&lt;em&gt; with &quot;Separate Review Request&quot; in the email subject line.&lt;/em&gt;&lt;/div&gt;
&lt;p&gt;&amp;nbsp;&lt;/p&gt;&lt;/div&gt;",US,San Francisco Bay Area,https://job-boards.greenhouse.io/kodiak/jobs/4203236009,"2026-03-27T18:49:49-04:00",Full Time,2026-08-31 20:56:55.376 +0700,22
greenhouse,Bot.Auto,E/E Architecture & Electrical Systems Engineer,"&lt;h3&gt;Company Introduction&lt;/h3&gt;
&lt;p&gt;At Bot Auto, we build autonomous trucks to transform the way goods are transported and improve the quality of life for communities worldwide. With a start-up spirit yet long-established experience, Bot Auto has the most seasoned team that has delivered several world’s first and world’s only. Together, we share vision, we see and build miracles and we drive the future of transportation. Join us and turn your dream into something RUNNING.&lt;/p&gt;
&lt;h3&gt;Position Overview&lt;/h3&gt;
&lt;p&gt;We are seeking a Junior E/E Architecture &amp;amp; Electrical Systems Engineer to support the design, integration, and validation of production-intent vehicle electrical/electronic architectures for autonomous and software-defined vehicles. This engineer will contribute to in-vehicle network topology, ECU and centralized-compute integration, pinout definition, wiring harness design, power distribution, safety analysis, and system verification under the guidance of senior engineers. Hands-on experience contributing to automotive-grade in-vehicle network architecture design is required.&lt;/p&gt;
&lt;h3&gt;Key Responsibilities&lt;/h3&gt;
&lt;p&gt;&lt;strong&gt;E/E Architecture Design:&lt;/strong&gt;&lt;/p&gt;
&lt;ul&gt;
&lt;ul&gt;
&lt;li&gt;Support the vehicle E/E architecture lifecycle from concept and requirements through detailed design, integration, validation, production release, and field support.&lt;/li&gt;
&lt;li&gt;Assist with defining and documenting scalable logical and physical architectures spanning centralized computers, domain and zonal controllers, gateways, edge ECUs, sensors, actuators, and power distribution.&lt;/li&gt;
&lt;li&gt;Create and maintain architecture artifacts under guidance, including block diagrams, functional allocation, interface control documents, network matrices, connector definitions, and pinouts.&lt;/li&gt;
&lt;li&gt;Contribute to trade studies covering bandwidth, latency, time synchronization, redundancy, fault tolerance, safety, cybersecurity, power, thermal limits, harness weight, cost, and scalability.&lt;/li&gt;
&lt;/ul&gt;
&lt;/ul&gt;
&lt;p&gt;&lt;strong&gt;Electrical Integration &amp;amp; Harness Engineering:&lt;/strong&gt;&lt;strong&gt;Pinout, Harness, and Platform Integration:&lt;/strong&gt;&lt;/p&gt;
&lt;ul&gt;
&lt;ul&gt;
&lt;ul&gt;
&lt;li&gt;Assist with defining and maintaining ECU, sensor, actuator, and compute-platform pinouts, including signal types, voltage levels, current limits, wake/sleep behavior, power, grounds, and shielding requirements.&lt;/li&gt;
&lt;li&gt;Support the design and review of low-voltage harnesses, schematics, connectors, wire gauges, splices, fusing, routing, grounding, shielding, serviceability, and manufacturing constraints.&lt;/li&gt;
&lt;li&gt;Assist with integrating ECUs, gateways, sensors, actuators, power-distribution modules, and high-performance vehicle computers; support hardware bring-up and interface validation.&lt;/li&gt;
&lt;li&gt;Work with suppliers and internal hardware, software, mechanical, safety, manufacturing, and vehicle-integration teams to align electrical interfaces and network requirements.&lt;/li&gt;
&lt;/ul&gt;
&lt;li&gt;&lt;strong&gt;Architecture Tools and Configuration Management:&lt;/strong&gt; Maintain architecture models, schematics, BOMs, DBC/ARXML/LDF files, interface baselines, variants, and change traceability.&lt;/li&gt;
&lt;/ul&gt;
&lt;/ul&gt;
&lt;p&gt;&lt;strong&gt;Safety, Reliability &amp;amp; Validation:&lt;/strong&gt;&lt;/p&gt;
&lt;ul&gt;
&lt;ul&gt;
&lt;li&gt;Participate in system FMEA/DFMEA and fault-tree analyses; help identify failure modes, effects, detection mechanisms, design mitigations, safe states, and verification evidence.&lt;/li&gt;
&lt;li&gt;Support the definition and execution of network and electrical integration tests for bandwidth, latency, bus load, time sync, power modes, diagnostics, fault injection, EMC, HIL, bench, and vehicle operation.&lt;/li&gt;
&lt;li&gt;Assist with diagnosing cross-domain electrical, communication, and hardware/software issues using logs, network traces, measurements, and structured root-cause analysis; help drive defects to verified closure.&lt;/li&gt;
&lt;/ul&gt;
&lt;/ul&gt;
&lt;p&gt;&lt;strong&gt;Collaboration and Technical Delivery:&lt;/strong&gt;&lt;/p&gt;
&lt;ul&gt;
&lt;ul&gt;
&lt;li&gt;Work with autonomy, controls, software, hardware, cybersecurity, safety, suppliers, and platform partners to implement architecture decisions, interfaces, dependencies, and changes.&lt;/li&gt;
&lt;li&gt;Participate in design and release-readiness reviews; help maintain documentation, verification evidence, manufacturing and service inputs, and clear tracking of residual risks.&lt;/li&gt;
&lt;/ul&gt;
&lt;/ul&gt;
&lt;h3&gt;Skills and Qualifications&lt;/h3&gt;
&lt;ul&gt;
&lt;li&gt;Bachelor&#39;s or advanced degree in Electrical Engineering, Electronics Engineering, Computer Engineering, Automotive Engineering, Mechatronics, or a related field.&lt;/li&gt;
&lt;li&gt;&lt;strong&gt;Required:&lt;/strong&gt; Hands-on experience contributing to automotive-grade in-vehicle network architecture design through industry experience, an internship, co-op, or an equivalent vehicle-platform project.&lt;/li&gt;
&lt;li&gt;Working knowledge of centralized, domain-based, or zonal E/E architectures, including function allocation, gateways, ECUs, and high-performance-compute integration.&lt;/li&gt;
&lt;li&gt;Hands-on knowledge of CAN and CAN-FD, with familiarity with LIN and Automotive Ethernet concepts such as topology, bandwidth, latency, diagnostics, and communication matrices.&lt;/li&gt;
&lt;li&gt;Practical experience supporting pinout definition for power, ground, analog, digital, high-speed, wake, reset, diagnostics, and safety-related signals.&lt;/li&gt;
&lt;li&gt;Hands-on exposure to wiring diagrams, harness schematics, connectors, wire sizing, grounding, shielding, power distribution, and design for manufacturing.&lt;/li&gt;
&lt;li&gt;Basic working knowledge of UDS, DoIP, SOME/IP, DDS, gPTP/IEEE 802.1AS, or similar diagnostic, middleware, and time-synchronization technologies.&lt;/li&gt;
&lt;li&gt;Exposure to FMEA/DFMEA, fault-tree analysis, design risk assessment, or verification planning in an ISO 26262-oriented process.&lt;/li&gt;
&lt;li&gt;Familiarity with tools such as CANoe/CANalyzer, Wireshark, oscilloscopes, logic and power analyzers, and HIL or bench systems.&lt;/li&gt;
&lt;li&gt;Ability to work with requirements, interfaces, configuration records, and engineering changes, with sound problem-solving, documentation, and cross-functional communication skills.&lt;/li&gt;
&lt;/ul&gt;
&lt;h3&gt;Preferred Qualifications&lt;/h3&gt;
&lt;ul&gt;
&lt;li&gt;Exposure to integrating NVIDIA DRIVE AGX Thor or Orin, or comparable platforms such as Snapdragon Ride, Renesas R-Car, or TI Jacinto.&lt;/li&gt;
&lt;li&gt;Familiarity with GMSL, FPD-Link, PCIe, MIPI CSI, multi-gigabit Automotive Ethernet, or synchronized sensor networks.&lt;/li&gt;
&lt;li&gt;Exposure to zonal architectures, Ethernet TSN, service-oriented systems, fail-operational design, or redundant power and network paths.&lt;/li&gt;
&lt;li&gt;Familiarity with PREEvision, SystemWeaver, Capital, Zuken E3, CATIA Electrical, IBM DOORS, or equivalent tools.&lt;/li&gt;
&lt;li&gt;Internship, co-op, academic, or early-career OEM/Tier-1 experience supporting vehicle electrical systems from prototype through validation.&lt;/li&gt;
&lt;li&gt;Exposure to ISO 21434, Automotive SPICE, DVP&amp;amp;R, EMC/EMI, APQP/PPAP, or Python/CAPL test automation.&lt;/li&gt;
&lt;/ul&gt;",US,"Houston, TX",https://job-boards.greenhouse.io/botauto/jobs/5370715008,"2026-07-24T21:46:25-04:00",Full Time,2026-08-31 20:56:55.376 +0700,23
greenhouse,Motional,Engineer/Senior Engineer - Perception Capabilities,"&lt;p&gt;You’re an engineer who is excited to work on cutting-edge software products and solutions using state-of-the-art computer vision and deep learning. You have a solid foundation in areas like detection, classification, segmentation, or tracking—whether through previous roles, internships, or research—and you’re eager to apply those skills in an impactful, production-focused environment.&lt;/p&gt;
&lt;p&gt;You’re curious, motivated, and ready to learn from experienced teammates. You enjoy solving challenging technical problems, asking thoughtful questions, and collaborating with others to build high-quality software.&lt;/p&gt;
&lt;p&gt;You’re excited about contributing to the perception stack for self-driving vehicles and learning what it means to build technology for safety-critical, open-world applications.&lt;/p&gt;
&lt;p&gt;&amp;nbsp;&lt;/p&gt;
&lt;p&gt;&lt;strong&gt;What you’ll be doing:&lt;/strong&gt;&lt;/p&gt;
&lt;ul&gt;
&lt;li&gt;&lt;strong&gt;Contribute to the design, development, and improvement &lt;/strong&gt;of perception components that support downstream modules within the autonomy system.&lt;/li&gt;
&lt;li&gt;&lt;strong&gt;Help analyze perception system performance &lt;/strong&gt;to identify areas for improvement and participate in efforts to address them.&lt;/li&gt;
&lt;li&gt;&lt;strong&gt;Work with teammates to explore creative approaches &lt;/strong&gt;to “long-tail” challenges—for example, experimenting with synthetic data, data mining techniques, or new model architectures.&lt;/li&gt;
&lt;li&gt;Depending on your background and interests, you may also help &lt;strong&gt;optimize and&lt;/strong&gt; &lt;strong&gt;deploy models&lt;/strong&gt; to the vehicle, ensuring they operate within the constraints of our onboard hardware and meet our functional requirements and interface specifications.&lt;/li&gt;
&lt;li&gt;&lt;strong&gt;Interface &lt;/strong&gt;with systems and safety engineers, test engineers, and data analysts to ensure appropriate requirements, test coverage, and performance metrics&lt;/li&gt;
&lt;/ul&gt;
&lt;p&gt;&lt;strong&gt;What We’re Looking for:&lt;/strong&gt;&lt;/p&gt;
&lt;ul&gt;
&lt;li&gt;Master&#39;s or Ph.D. in Machine Learning, Computer Science, Robotics, or a related field; or equivalent industry experience&lt;/li&gt;
&lt;li&gt;Solid understanding of fundamental deep learning concepts and computer vision techniques&lt;/li&gt;
&lt;li&gt;Experience building, training, or evaluating neural networks&lt;/li&gt;
&lt;li&gt;Proficiency in Python and familiarity with libraries like PyTorch or similar&lt;/li&gt;
&lt;li&gt;Exposure to software engineering fundamentals—version control, code reviews, testing, and collaborative development&lt;/li&gt;
&lt;li&gt;Clear communication skills and willingness to ask questions, share ideas, and work with others&lt;/li&gt;
&lt;/ul&gt;
&lt;p&gt;&lt;strong&gt;Bonus Points:&lt;/strong&gt;&lt;/p&gt;
&lt;ul&gt;
&lt;li&gt;Previous experience with sensor fusion and/or previous exposure to the AV industry&lt;/li&gt;
&lt;li&gt;Experience shipping a “real” product and balancing ongoing support with next-generation innovation&lt;/li&gt;
&lt;li&gt;Exposure to safety-critical products or components&lt;/li&gt;
&lt;li&gt;Publications in relevant conferences (CVPR, ICML, NeurIPS, etc.)&lt;/li&gt;
&lt;li&gt;Strong programming skills in C++ and/or CUDA programming&lt;/li&gt;
&lt;li&gt;Experience with TensorRT and model quantization&lt;/li&gt;
&lt;/ul&gt;
&lt;p&gt;&amp;nbsp;&lt;/p&gt;&lt;div class=&quot;content-pay-transparency&quot;&gt;&lt;div class=&quot;pay-input&quot;&gt;&lt;div class=&quot;description&quot;&gt;&lt;p&gt;&lt;span style=&quot;font-weight: 400;&quot;&gt;The salary range for this role is an estimate based on a wide range of compensation factors including but not limited to specific skills, experience and expertise, role location, certifications, licenses, and business needs. The estimated compensation range listed in this job posting reflects base salary only. This role may include additional forms of compensation such as a bonus or company equity. The recruiter assigned to this role can share more information about the specific compensation and benefit details associated with this role during the hiring process.&amp;nbsp;&lt;/span&gt;&lt;/p&gt;
&lt;p&gt;&lt;span style=&quot;font-weight: 400;&quot;&gt;Candidates for certain positions are eligible to participate in Motional’s benefits program. Motional’s benefits include but are not limited to medical, dental, vision, 401k with a company match, health saving accounts, life insurance, pet insurance, and more.&lt;/span&gt;&lt;/p&gt;&lt;/div&gt;&lt;div class=&quot;title&quot;&gt;Salary Range&lt;/div&gt;&lt;div class=&quot;pay-range&quot;&gt;&lt;span&gt;$136,500&lt;/span&gt;&lt;span class=&quot;divider&quot;&gt;&amp;mdash;&lt;/span&gt;&lt;span&gt;$225,000 USD&lt;/span&gt;&lt;/div&gt;&lt;/div&gt;&lt;/div&gt;&lt;div class=&quot;content-conclusion&quot;&gt;&lt;p&gt;&lt;strong&gt;Motional is a driverless technology company making autonomous vehicles a safe, reliable, and accessible reality. We’re driven by something more.&lt;/strong&gt;&lt;/p&gt;
&lt;p&gt;&lt;strong&gt;Our journey is always people first.&lt;/strong&gt;&lt;/p&gt;
&lt;p&gt;We aren&#39;t just developing driverless cars; we&#39;re creating safer roadways, more equitable transportation options, and making our communities better places to live, work, and connect. Our team is made up of engineers, researchers, innovators, dreamers and doers, who are creating a technology with the potential to transform the way we move.&lt;/p&gt;
&lt;p&gt;&lt;strong&gt;Higher purpose, greater impact.&lt;/strong&gt;&lt;/p&gt;
&lt;p&gt;We’re creating first-of-its-kind technology that will transform transportation. To do so successfully, we must design for everyone in our cities and on our roads. We believe in building a great place to work through a progressive, global culture that is diverse, inclusive, and ensures people feel valued at every level of the organization. Diversity helps us to see the world differently; it’s not only good for our business, it’s the right thing to do.&amp;nbsp;&amp;nbsp;&lt;/p&gt;
&lt;p&gt;&lt;strong&gt;Scale up, not starting up.&lt;/strong&gt;&lt;/p&gt;
&lt;p&gt;Our team is behind some of the industry&#39;s largest leaps forward, including the first fully-autonomous cross-country drive in the U.S, the launch of the world&#39;s first robotaxi pilot, and operation of the world&#39;s longest-standing public robotaxi fleet. We’re driven to scale; we’re moving towards commercialization of our technology, and we need team members who are ready to embrace change and challenges.&lt;/p&gt;
&lt;p&gt;Formed as a joint venture between Hyundai Motor Group and Aptiv, Motional is fundamentally changing how people move through their lives. Headquartered in Boston, Motional has operations in the U.S and Asia. For more information, visit&amp;nbsp; &lt;a href=&quot;https://c212.net/c/link/?t=0&amp;amp;l=en&amp;amp;o=3300142-1&amp;amp;h=1642745316&amp;amp;u=https%3A%2F%2Fc212.net%2Fc%2Flink%2F%3Ft%3D0%26l%3Den%26o%3D3253528-1%26h%3D3781125006%26u%3Dhttps%253A%252F%252Fc212.net%252Fc%252Flink%252F%253Ft%253D0%2526l%253Den%2526o%253D3089636-1%2526h%253D3468778127%2526u%253Dhttps%25253A%25252F%25252Fc212.net%25252Fc%25252Flink%25252F%25253Ft%25253D0%252526l%25253Den%252526o%25253D2881693-1%252526h%25253D646020682%252526u%25253Dhttps%2525253A%2525252F%2525252Furldefense.com%2525252Fv3%2525252F__http%2525253A%2525252Fwww.motional.com%2525252F__%2525253B!!KT8c38mO!j78LjnhAm2VK7Fu23VO6KlwqDXvVTQFMzmyzieKQqZDQksh2tpWEseK4to8eKzwsEwI%25252524%252526a%25253Dwww.Motional.com%2526a%253Dwww.Motional.com%26a%3Dwww.Motional.com&amp;amp;a=www.Motional.com&quot;&gt;www.Motional.com&lt;/a&gt; and follow us on &lt;a href=&quot;https://twitter.com/motionaldrive&quot;&gt;Twitter&lt;/a&gt;, &lt;a href=&quot;https://www.linkedin.com/company/67123512/&quot;&gt;LinkedIn&lt;/a&gt;,&amp;nbsp;&lt;a href=&quot;https://www.instagram.com/motionaldrive/&quot;&gt;Instagram&lt;/a&gt; and &lt;a href=&quot;https://www.youtube.com/channel/UCr__mGPkBb-KMoYWbSGuA9w&quot;&gt;YouTube&lt;/a&gt;.&lt;/p&gt;
&lt;p&gt;&lt;em&gt;Motional AD Inc. is an EOE. We celebrate diversity and are committed to creating an inclusive environment for all employees. To comply with Federal Law, we participate in E-Verify. All newly-hired employees are queried through this electronic system established by the DHS and the SSA to verify their identity and employment eligibility.&lt;/em&gt;&lt;/p&gt;&lt;/div&gt;",US,"Boston, Massachusetts, United States; Pittsburgh, Pennsylvania, United States; Remote U.S.",https://motional.com/open-positions/?gh_jid=7534977003#/7534977003,"2025-11-21T09:18:28-05:00",Full Time,2026-08-31 20:56:55.376 +0700,24
greenhouse,Waymo,"Senior Staff TLM, Data Mining and Sampling for ML and Evaluation","&lt;div class=&quot;content-intro&quot;&gt;&lt;p&gt;Waymo is an autonomous driving technology company with the mission to be the world&#39;s most trusted driver. Since its start as the Google Self-Driving Car Project in 2009, Waymo has focused on building the Waymo Driver—The World&#39;s Most Experienced Driver™—to improve access to mobility while saving thousands of lives now lost to traffic crashes. The Waymo Driver powers Waymo’s fully autonomous ride-hail service and can also be applied to a range of vehicle platforms and product use cases. The Waymo Driver has provided over ten million rider-only trips, enabled by its experience autonomously driving over 100 million miles on public roads and tens of billions in simulation across 15+ U.S. states.&lt;/p&gt;&lt;/div&gt;&lt;p&gt;&lt;em&gt;The Waymo Driver is performing well in more and more cities, with our scale rapidly accelerating. Our team’s job is to ensure that we can continue to evaluate safety and service quality across new cities and countries, each with their unique challenges. We need an experienced, technically hands-on engineering manager with strong quantitative skills to lead a small team and work with partners to scale eval and ML development by exploring new methods and delivering tools for mining and sampling data.In this hybrid role, you will report to a Senior Staff manager.&lt;/em&gt;&lt;/p&gt;
&lt;p&gt;&lt;strong&gt;You will:&lt;/strong&gt;&lt;/p&gt;
&lt;ul&gt;
&lt;li&gt;Develop tools for easy mining of novel situations that might impact safety from our driving logs for use in evaluation and ML datasets, using a mixture of ML and structured data&lt;/li&gt;
&lt;li&gt;Advanced sampling techniques and tuning of simulations to get strong signal for metrics and models from our datasets&lt;/li&gt;
&lt;li&gt;Build automation for our mining and sampling ecosystem so Waymo can rapidly scale to new cities&lt;/li&gt;
&lt;li&gt;Make hands-on technical contributions to both engineering and data science-oriented projects&lt;/li&gt;
&lt;li&gt;Provide strong management and technical leadership for a small team of data science-friendly engineers&lt;/li&gt;
&lt;li&gt;Partner with leads and teams across Waymo to determine and execute on strategy, including product, engineering, data science, frontend, and backend&lt;/li&gt;
&lt;/ul&gt;
&lt;p&gt;&lt;strong&gt;You have:&lt;/strong&gt;&lt;/p&gt;
&lt;ul&gt;
&lt;li&gt;Strong engineering design and programming skills&lt;/li&gt;
&lt;li&gt;Strong data fluency and analysis skills&lt;/li&gt;
&lt;li&gt;Familiarity with statistical methods including hypothesis testing, experiment design, and sampling&lt;/li&gt;
&lt;li&gt;Familiarity with foundational and contemporary ML concepts and practices&lt;/li&gt;
&lt;li&gt;Experience managing teams of up to 8 people&lt;/li&gt;
&lt;li&gt;BS/MS in Computer Science, Robotics, Statistics, Physics, Math, or other quantitative area&lt;/li&gt;
&lt;li&gt;7+ years of industry experience with:&lt;br&gt;
&lt;ul&gt;
&lt;li&gt;C++, SQL, and Python experience&lt;/li&gt;
&lt;li&gt;Navigating and modifying a large code base containing C++, SQL, and Python&lt;/li&gt;
&lt;li&gt;Building data processing pipelines&lt;/li&gt;
&lt;/ul&gt;
&lt;/li&gt;
&lt;/ul&gt;
&lt;p&gt;&lt;strong&gt;We prefer:&lt;/strong&gt;&lt;/p&gt;
&lt;ul&gt;
&lt;li&gt;Eval experience, such as building and validating metrics to measure quality in complex systems&lt;/li&gt;
&lt;li&gt;Strong statistical background (MSc-level stats or similar expertise from work experience)&lt;/li&gt;
&lt;li&gt;Strong ML background (MSc-level ML or similar expertise from work experience)&lt;/li&gt;
&lt;li&gt;Experience working in the AV industry and/or with simulations&lt;/li&gt;
&lt;/ul&gt;&lt;div class=&quot;content-pay-transparency&quot;&gt;&lt;div class=&quot;pay-input&quot;&gt;&lt;div class=&quot;description&quot;&gt;&lt;p&gt;&lt;span style=&quot;font-weight: 400;&quot;&gt;The expected base salary range for this full-time position across US locations is listed below. Actual starting pay will be based on job-related factors, including exact work location, experience, relevant training and education, and skill level. Your recruiter can share more about the specific salary range for the role location or, if the role can be performed remote, the specific salary range for your preferred location, during the hiring process.&amp;nbsp;&lt;/span&gt;&lt;/p&gt;
&lt;p&gt;&lt;span style=&quot;font-weight: 400;&quot;&gt;Waymo employees are also eligible to participate in Waymo’s discretionary annual bonus program, equity incentive plan, and generous Company benefits program, subject to eligibility requirements.&amp;nbsp;&lt;/span&gt;&lt;/p&gt;&lt;/div&gt;&lt;div class=&quot;title&quot;&gt;Salary Range&lt;/div&gt;&lt;div class=&quot;pay-range&quot;&gt;&lt;span&gt;$281,000&lt;/span&gt;&lt;span class=&quot;divider&quot;&gt;&amp;mdash;&lt;/span&gt;&lt;span&gt;$356,000 USD&lt;/span&gt;&lt;/div&gt;&lt;/div&gt;&lt;/div&gt;",US,"Mountain View, California, United States; San Francisco, California, United States; New York City, New York, United States.",https://careers.withwaymo.com/jobs?gh_jid=7426471,"2025-12-12T12:09:50-05:00",Full Time,2026-08-31 20:56:55.376 +0700,25
lever,Zoox,Senior/Staff Technical Program Manager - Artificial Intelligence,"Zoox has embarked on a highly ambitious journey to develop a full-stack autonomous mobility solution for our cities. As a technical program manager, you will work cross-functionally with engineering leaders across software, hardware, vehicle engineering, and product to drive our corporate strategy into tactical and detailed road maps that facilitate effective execution at each stage of our growth curve. You will work with each engineering team to develop project schedules, identify milestones, flag risks, estimate budgets, and clearly communicate ongoing progress. 
",US,"Foster City, CA",https://jobs.lever.co/zoox/f93c451d-b9b0-4480-ad7e-4c4d410e4100,"1761080529846",hybrid,2026-08-31 20:56:55.376 +0700,1
lever,Waabi,Senior / Staff Software Engineer (Observability / SRE),"Waabi, founded by AI visionary Raquel Urtasun, is the leader in Physical AI. With a world-class team, we're unlocking the next era of autonomous transportation with technology that's powering commercial autonomous trucks and robotaxis. Waabi is backed by and partners with world leaders in AI, automotive, logistics, and deep tech.

With offices in Toronto, San Francisco, Dallas, and Pittsburgh, Waabi is growing quickly and looking for diverse, innovative and collaborative candidates who want to impact the world in a positive way. To learn more visit: www.waabi.ai


You will..
- Design and lead the architecture and development of Waabi’s monitoring and observability stack, used to monitor the health and performance of cloud and on-prem environments.
- Develop and extend workloads and benchmarks (compute, storage, network, ML/AI) and integrate stress, chaos, and regression tests to validate hardware and platform choices.
- Analyze and optimize end-to-end performance across hardware, firmware, Linux kernel, runtimes, and distributed services using advanced profiling tools (perf, eBPF, flamegraphs, tracing frameworks).
- Build automation and observability tooling (Go/Python/Java, Kubernetes/Docker) for CI/CD-based performance regression detection, telemetry, alerting, and anomaly detection.
- Work with client teams to support their applications’ observability requirements.
- Influence system architecture and tooling decisions that improve how Waabi builds, monitors, and scales its infrastructure.
- Drive execution and quality, writing design docs, setting milestones, mentoring ICs, and communicating insights and results to stakeholders and leadership.
 
Qualifications:
- 5+ years software engineering or systems/performance engineering experience (BS in CS/EE or related), with demonstrated end-to-end ownership of complex projects.
- Proficient in at least one of: Python, Rust, C/C++; strong CS fundamentals and system design skills.
- Hands-on with Linux internals (CPU scheduling, memory, I/O, networking) and perf tooling (perf, eBPF, flamegraphs, tracing frameworks).
- Experience with Kubernetes, microservices, and distributed systems; comfort building production services and pipelines.
- Proven track record of clear communication, writing design docs, and leading cross-functional efforts.
 
Bonus: 
- Experience deploying and managing observability platforms (OpenTelemetry, Grafana OSS).
- Performance tuning for databases/streaming/batch/ML platforms; GPU/xPU or Arm performance exposure.
- Experience tuning stream processing, batch or ML platforms (e.g. Argo Workflows, PyTorch).
- Familiarity with microservices debugging and distributed tracing (OpenTelemetry, Prometheus).
",CA,"Toronto, ON",https://jobs.lever.co/waabi/17347bcc-7c94-4817-b7dc-28acebba05e1,"1770868469737",hybrid,2026-08-31 20:56:55.376 +0700,2
lever,Zoox,Product & Regulatory Counsel,"Join Zoox's dynamic legal team and be at the forefront of revolutionizing personal transportation! We're seeking an energetic Product & Regulatory Counsel to support our mission to make personal transportation safer, cleaner, and more enjoyable. As a trusted legal partner, you’ll play a key role in ensuring compliance with evolving and increasingly complex regulations as we bring our groundbreaking all-electric robotaxi service from early previews to commercial reality. You'll be working directly with Zoox's Associate General Counsel & Director, Product & Regulatory, contributing directly to the successful launch and operation of our autonomous robotaxi service.
",US,"Foster City, CA",https://jobs.lever.co/zoox/c06851cc-9439-4598-a9d2-c67c7e046018,"1786639089861",hybrid,2026-08-31 20:56:55.376 +0700,3
lever,Zoox,"Manager, Systems Verification & Validation, Platform Safety Assurance","Zoox’s System Design and Mission Assurance (SDMA) team constructs the Safety Case and validates that our vehicles are safe to be deployed for autonomous driving. The SDMA Platform Safety Assurance team enables Zoox to rapidly iterate and safely expand capabilities through trustworthy, innovative, and pragmatic safety engineering.
 
As a manager of systems verification and validation engineers at Zoox, you will be leading a team that works cross-functionally with requirements definition, vehicle engineering, and firmware development teams to build an integrated platform that is the foundation for safe autonomous driving. The team primarily develops and executes automated system HIL tests. You are responsible for the verification and validation strategy, test execution and reporting, and ensuring the Zoox Robots meet end-to-end safety and performance requirements in line with the goals of Zoox milestones.
",US,"Foster City, CA",https://jobs.lever.co/zoox/b5134a16-5bdc-449e-9665-745bb1e7239f,"1749073855067",hybrid,2026-08-31 20:56:55.376 +0700,4
lever,Zoox,Contract Student  Worker Technical Program Manager (Full-time),"About Zoox
Zoox is an autonomous ridehailing company building the world's first purpose-built robotaxi — fully electric, bidirectional, with no steering wheel or driver's seat. Backed by Amazon and founded to make transportation safer, cleaner, and more accessible, Zoox designs its vehicles entirely around the rider. We're currently operating in Las Vegas and San Francisco, with Austin and Miami on the horizon, and testing underway across seven U.S. markets.
About Our Part-Time Student Worker Program
Zoox's part-time student worker program puts you at the center of one of the most ambitious challenges in transportation. You'll contribute to real projects, work alongside engineers and researchers pushing the boundaries of autonomous technology, and gain experience that goes well beyond the classroom. We're looking for students who bring strong academic foundations, curiosity that doesn't stop at coursework, and a drive to be part of something that matters.
Role Overview
Manage Autonomy Software program planning and execution.  Track and resolve cross-functional engineering dependencies.  Drive the adoption of standard engineering processes.  Participate actively in core technical discussions.
",US,"Foster City, CA",https://jobs.lever.co/zoox/23cd472d-deac-45f1-8f84-466811ed0223,"1784850550830",onsite,2026-08-31 20:56:55.376 +0700,5
lever,Zoox,Senior/Staff Homologation Engineer,"As a Senior or Staff Homologation Engineer, you will gain exposure to every part of the vehicle and how it works. You will have the opportunity to be part of a team that is homologating a ground-up autonomous vehicle design. Achieving this goal requires continuous problem-solving and creativity to navigate the regulations across all relevant jurisdictions. This role will interact with all applicable regulations, and will serve as the subject matter expert for passive safety regulations.
",US,"Foster City, CA",https://jobs.lever.co/zoox/73c8f671-64a7-4353-8b81-af2be81b0ac0,"1784756224423",onsite,2026-08-31 20:56:55.376 +0700,6
lever,Zoox,"Software Engineer, Android","At Zoox, we're not just building self-driving cars; we're creating an autonomous ride-hailing service that will revolutionize how people move. 
We are looking for a Software Engineer to join our Mobile Applications Engineering team. In this role, you will help build and scale our Android application, contributing to product features that directly shape the future of Zoox’s rider experience. You will work closely with senior engineers to establish robust, usable, and secure interfaces that connect our riders to our autonomous fleet.
We're designing and building everything from the ground up — the vehicle, the software, and the systems that keep it all running safely at scale. If you want to work on hard problems that matter, Zoox is where that happens.
",US,"Foster City, CA",https://jobs.lever.co/zoox/d48270e1-81e0-4f04-ab9e-d1fc25313f76,"1778254182660",hybrid,2026-08-31 20:56:55.376 +0700,7
lever,Zoox,Senior / Staff Software Engineer - Motion Planning,"On the Motion Planning team at Zoox, you’ll be dedicated to improving the driving behaviors of the robot on public roads. The Planner's job is to figure out where the robot is going and how to get there safely in situations as complex as those found in Downtown San Francisco or on the Las Vegas Strip.
 
This is a cutting-edge problem, which requires teamwork and collaboration across a broad set of experts spanning Planner, Perception, Prediction, Operations, and more. Together, you will create the next generation of algorithmic improvements to expand our robot’s ability to drive in some of the most complex situations found on public roads.
 
Safety is foundational at Zoox, so you will take a measured approach – develop a principled modification to the Planner, test in simulation and on closed courses, and team up with our safety drivers for on-road testing. 
",US,"Foster City, CA",https://jobs.lever.co/zoox/00bede24-f74d-4447-ace1-48638965382e,"1762375304687",hybrid,2026-08-31 20:56:55.376 +0700,8
lever,Zoox,"Senior Design Project Manager, Places & Build","As Senior Project Manager you will be responsible for overseeing the full project life-cycle of design and construction for Zoox’s various real estate assets.  Our capital projects include a wide variety of typologies- from office and amenities to engineering/R&D, manufacturing, testing/proving grounds, fleet operations, fleet charging and fleet service sites.  Project sizes, complexity and budgets will vary from $50K to $30M+.  You will own project delivery beginning with pre-lease site due diligence and project planning all the way through project occupancy and close out. The c candidate will need to know all aspects of project delivery- including fiscal and schedule, design, construction and delivery.
",US,"Foster City, CA",https://jobs.lever.co/zoox/f30603f7-cc6f-41b5-91e5-ead70d880135,"1783968844238",onsite,2026-08-31 20:56:55.376 +0700,9
lever,Zoox,System Test Engineer,"Autonomous vehicles have some of the largest, most complex software ever shipped in a safety-critical environment. Solving that problem is one of the most exciting technical challenges of our lifetime.
 
Zoox is seeking a highly motivated System Test Engineer to be a technical contributor supporting the System Integration and Validation team. You will be leading the integration and validation of autonomy, cloud, and operational elements to ensure the product meets safety, customer needs, and milestone readiness. You will be responsible for designing and developing test efforts at the highest level of integration, including feature validation, functional, and regression testing, toward the successful execution and reporting of these efforts.
 
",US,"San Diego, CA",https://jobs.lever.co/zoox/ec1de483-ebd5-4b87-96b7-d749f077aefb,"1767648465513",hybrid,2026-08-31 20:56:55.376 +0700,10
lever,WeRide,Quality Assurance Analyst,"",CN,"Bangsar South, Kuala Lumpur",https://jobs.lever.co/weride/58ccd2f3-a99e-4b86-8a1c-5980f92faea5,"1781640445616",onsite,2026-08-31 20:56:55.376 +0700,11
lever,Waabi,Dispatcher - Night Shift,"Waabi, founded by AI visionary Raquel Urtasun, is the leader in Physical AI. With a world-class team, we're unlocking the next era of autonomous transportation with technology that's powering commercial autonomous trucks and robotaxis. Waabi is backed by and partners with world leaders in AI, automotive, logistics, and deep tech.
 
With offices in Toronto, San Francisco, Dallas, and Pittsburgh, Waabi is growing quickly and looking for diverse, innovative and collaborative candidates who want to impact the world in a positive way. To learn more visit: www.waabi.ai


Waabi is building generative AI for the physical world, starting with autonomous trucks. Our Texas road operations run both R&D testing and revenue freight out of our Lancaster terminal, and we are standing up a night shift to meet our commercial customers where they are.
The Dispatcher manages the missions and systems side of daily operations. You orchestrate the assignment of crews, trucks, and trailers, monitor real-time mission execution and fleet stability, and act as the operational nerve center and first line of response, bridging road testing crews, commercial operations, customers, and developers. On night shift you are the Dispatcher on duty, working alongside the night Shift Supervisor while engineering, triage, and leadership largely work day hours, so you will make more calls independently than your day shift counterpart. This role also carries people leadership: you manage Fleet Specialists.
You will…
Curate and assign test and commercial missions to ensure optimal fleet utilization and alignment with nightly objectives, and pivot as conditions and priorities change.
Monitor mission execution, autonomy health, and mission status across all active crews to keep testing and commercial runs on plan with minimal downtime.
Own the comms desk: maintain your live availability status, keep the desk reachable, hand off coverage deliberately, and answer the Waabi hotline during the shift.
Serve as the first line of response for issues and incidents, provide remote troubleshooting, and partner with the Shift Supervisor when on-the-ground presence is required. Either role may escalate a Priority or Critical event, and both are expected to.
Hold go / no-go authority on whether a truck departs in an unhealthy state, and confirm whether crews may proceed or re-engage after errors, weather, or policy-limit conditions.
Pause autonomy operations when an event is identified as Critical, then notify the Test Operations Lead for verification. Act first; verify after.
Act as point of contact for Operational Design Domain and policy calls, and raise and track exemption requests for approval.
Interface with Maps, Release Coordination, Systems and Safety, and Fleet Readiness, and collaborate with developers and triage to troubleshoot system issues and provide feedback.
Maintain the accuracy of mission records across Jira and the Waabi App, ensure logs are offloaded and missions verified complete before end of shift, and log and categorize delays with reason codes.
Communicate with customer facilities, site contacts, and carrier partners overnight, and arrange service recovery for delayed or aborted missions.
Assign and adjust missions so crews can operate within FMCSA Hours of Service limits.
Lead, coach, and develop Fleet Specialists, including assignments and testing schedules, observation and skills assessment, performance, and final on-road trainee sign-off following review and approval by the Test Operations Lead.
 
Qualifications:
2+ years of experience in dispatch, fleet operations, mission control, or a highly technical operations center environment.
Demonstrated ability to lead or supervise others. Direct people-management experience is preferred, as this role carries direct reports.
Strong coordination and problem-solving skills, with proven ability to manage complex real-time workflows and triage competing priorities under pressure.
Familiarity with transportation regulations (DOT, FMCSA), particularly Hours of Service, sufficient to plan missions crews can complete compliantly.
Experience working in a technical or testing environment. Prior autonomous vehicle experience or direct work with engineering teams is a strong plus.
Strong technical proficiency with fleet management software, dispatch and routing tools, and telematics platforms, and the ability to learn AV troubleshooting tools quickly.
Excellent written communication. Overnight, your written record is the primary handoff to day shift, engineering, and leadership.
Sound judgment under ambiguity and a bias for action, with the ability to make defensible decisions overnight with limited support on site.
Able and willing to work the night shift described below, including flexible start and end times, extended shifts of up to approximately 14 hours, weekends, and holidays to support a continuous operation.
Prior experience running a comms desk or operations center on an overnight or 24/7 rotation, or as the senior decision-maker on a shift with limited escalation support, is a strong plus.
Direct customer or shipper communication experience in a time-critical freight environment, and familiarity with Jira, Fleetio, Motive, or comparable platforms, are a plus.
Class A CDL or hands-on Class 8 operational experience is a plus.
 
Night Shift Schedule and Flexibility:
Base shift: 11:00 PM – 7:30 AM CT, based at Waabi’s Lancaster, TX terminal.
Start and end times may shift. The shift may begin and end a few hours later and, less commonly, a few hours earlier, based on commercial and customer demand and when loads need to move. Night shift crews are expected to be as flexible as day shift crews.
",CA,"Dallas, TX",https://jobs.lever.co/waabi/c00accb5-018f-436c-83ed-899c063b5d1d,"1787582466530",onsite,2026-08-31 20:56:55.376 +0700,12
lever,Plus AI,Functional Safety Manager,"PlusAI is a Physical AI company pioneering AI-based virtual driver software for factory-built autonomous trucks. Headquartered in Silicon Valley with operations in the United States and Europe, Plus was named by Fast Company as one of the World’s Most Innovative Companies. Partners including TRATON GROUP’s Scania, MAN, and International brands, Hyundai Motor Company, Iveco Group, Bosch, and DSV are working with Plus to accelerate the deployment of next-generation autonomous trucks. If you’re ready to make a huge impact and drive the future of autonomy, Plus is looking for talented individuals to join its fast-growing teams.


Plus is looking for a functional safety manager specializing in vehicle embedded control software systems. In this role, you will directly influence how our autonomous system achieves higher levels of autonomy with robustness and industry leading safety. You will be responsible for collecting and analyzing customer requirements and defining the functional safety goals for the autonomous system. You will conduct various safety reviews, evaluating the design robustness across the defined operating scenarios and conditions that our trucks can encounter. Additionally, this role interacts with various engineering teams to maintain interfaces and refine requirements for software systems.
",US,"Santa Clara, CA",https://jobs.lever.co/plus-2/6844904b-ccbf-41ba-924c-6a5d8ba572d5,"1702936871621",hybrid,2026-08-31 20:56:55.376 +0700,13
lever,Zoox,Staff Data Scientist - Behavior Evaluation,"We are seeking a highly skilled and experienced Staff Data Scientist to join our team and play a pivotal role in developing and deploying cutting-edge autonomous driving technologies. As a Staff Data Scientist, you will be responsible for tackling complex data challenges, driving innovation in machine learning and statistical modeling, and contributing to the advancement of our self-driving systems. You will work closely with a team of talented engineers and researchers in a fast-paced, collaborative environment.
",US,"Foster City, CA",https://jobs.lever.co/zoox/acaafc9a-486d-4045-80d7-12b09e39330e,"1651686201256",hybrid,2026-08-31 20:56:55.376 +0700,14
lever,Zoox,"Senior Manager, Perception","We’re reinventing personal transportation—making the future safer, cleaner, and more enjoyable. We’ve created our vehicle specifically for dense, complicated urban environments. Zoox is the only driving vehicle on the market with bidirectional driving capabilities and four-wheel steering, allowing us to maneuver through compact spaces and change directions without the need to reverse. The future is for riders!
 
Our growing software engineering leadership team is searching for a Senior Manager of Perception. Our perception stack is responsible for building Zoox’s world-class 3D environment model from multi-modal sensor data. We create novel AI architectures that combine the latest academic results with many in-house innovations in creative ways. Our algorithms are relentlessly optimized and tuned to run efficiently and effectively on a wide variety of real-life data as well as in simulation.
 
You will be responsible for leading high-impact Perception teams with their technical roadmap and milestone goals. You will be closely collaborating with other AI and SW leaders, simulation, and our systems design and mission assurance teams to deliver an exceptional dynamic objects perception system encompassing modalities such as vision, lidar, radar and long-wave IR across pipelines such as segmentation, detection, classification, fusion and tracking. You will lead a diverse, experienced team with a rapidly growing scope and responsibility while also working on some of the most complex problems in artificial intelligence, perception, and sensor fusion.
 
",US,"Foster City, CA",https://jobs.lever.co/zoox/28a74ce9-92f3-4280-b6a7-730e7ffee5b2,"1770856523545",hybrid,2026-08-31 20:56:55.376 +0700,15
lever,Zoox,Senior/Staff Software Engineer - Machine Learning & System Optimization,"The Perception team is pioneering the development of a multi-modality foundation model to drive the next generation of autonomous system intelligence.
As a Machine Learning and System Optimization Engineer, you will orchestrate and allocate overall system capacity to various core perception models running on-bot, as well as drive large initiatives that allow for more efficient inference by sharing various parts of the perception stack with one another.
You will focus on bringing highly efficient, production-ready large-scale models to our on-vehicle stack. We are looking for experts with hands-on experience compressing, accelerating, and deploying complex models, including LLMs, VLMs, or foundation models, for power- and thermal-constrained vehicle SoCs.
In addition, you will optimize ML models, write custom CUDA kernels, and build highly concurrent inference code to ensure real-time, deterministic execution on edge devices.
",US,"Foster City, CA",https://jobs.lever.co/zoox/e1e3ddc4-b6cc-4873-87cf-bff2295109fb,"1782855957955",hybrid,2026-08-31 20:56:55.376 +0700,16
lever,Waabi,"Staff Commercial Product Manager, Trucking","Waabi, founded by AI visionary Raquel Urtasun, is the leader in Physical AI. With a world-class team, we're unlocking the next era of autonomous transportation with technology that's powering commercial autonomous trucks and robotaxis. Waabi is backed by and partners with world leaders in AI, automotive, logistics, and deep tech.

With offices in Toronto, San Francisco, Dallas, and Pittsburgh, Waabi is growing quickly and looking for diverse, innovative and collaborative candidates who want to impact the world in a positive way. To learn more visit: www.waabi.ai


About the Role
Waabi's Commercial Product team defines and delivers the end-to-end commercial product that makes autonomous trucking deployable, scalable, and valuable to customers. We sit between autonomy, operations, business development, and customers, turning driverless capability into a real-world product that can be launched, sold, operated, and scaled.
We are hiring a Staff Commercial Product Manager to own critical commercial product workstreams that bring the Waabi Driver to market. This person will define the operating models, service capabilities, partner workflows, and customer-facing product requirements required to bring the Waabi Driver to market and scale it from commercial pilots into a broader autonomous trucking network.
This is not a traditional software PM role. You will help define how autonomous trucking commercialization works in the real world: how trucks launch and land, how missions are monitored, how exceptions are handled, how customers are onboarded, how partners integrate, how sites are qualified, and how the product scales.
What You'll Do
You will own high-impact commercial product workstreams end-to-end. Near-term areas of focus may include Command Center / fleet oversight, Life of a Load (end-to-end service delivery), launch and land operations, AV hubs and customer launch sites, Waabi Services (maintenance, inspections, roadside, data offload, mission support, customer operations), partner and ecosystem integration, and pilot-to-scale playbooks.
Across those workstreams, you will:
Define the ""how"" behind novel autonomous trucking challenges through process mapping, operating model design, requirements definition, and cross-functional alignment.
Translate customer, operations, autonomy, and business needs into clear product requirements and deployment plans.
Build structured frameworks for site readiness, service design, partner integration, customer onboarding, launch readiness, and operational scalability.
Build repeatable pilot-to-scale playbooks that move customers, lanes, and sites from pilot to qualified, mature, and driverless-ready deployments.
Lead cross-functional workstreams with autonomy, operations, engineering, business development, safety, legal, and external partners.
Drive workshops with internal teams and external partners, including agenda design, decision framing, progress tracking, and follow-through.
Identify key tradeoffs across customer value, autonomy readiness, operational complexity, cost, speed, and long-term scalability.
Inform partnership requirements and operating models with OEMs, customers, service providers, and facility partners, in close partnership with BD.
Produce executive-ready decision memos, operating playbooks, and product artifacts for your workstreams.
Work closely with engineering and autonomy teams to understand technical constraints, risks, readiness levels, and product implications.
Communicate clearly with technical, operational, commercial, and executive audiences.
What Success Looks Like
Success in this role means you have helped Waabi move from promising autonomous capability to a commercially deployable trucking product. Specifically, you will have:
Turned ambiguous commercial problems into clear product requirements, operating models, and execution plans.
Created scalable playbooks that reduce friction for future customers, lanes, sites, and partners.
Helped internal teams make faster, better trade-off decisions.
Built trust with operations, autonomy, engineering, commercial teams, and external partners.
Improved Waabi’s ability to launch, operate, support, and scale driverless trucking missions.
Created artifacts and systems that become foundational to Waabi’s commercial deployment model.
Qualifications
Required
8+ years in product management, operations, strategy, or program leadership in a complex technical/operational environment (autonomous vehicles, trucking, freight, logistics, robotics, or other physical-AI deployment)
Demonstrated experience standing up an operating model from scratch in a physical-world business — services + workflows + tools, not just software
Track record of designing, launching, or scaling complex B2B products, services, programs, or operating models
Strong systems thinking and first-principles judgment — able to break ambiguous problems into clear frameworks, requirements, decisions, and execution plans
Track record of leading cross-functional initiatives without formal authority
Executive-grade written and verbal communication
High EQ, low ego, and bias toward ownership and action
Strongly Preferred
Experience with B2B enterprise customers, strategic partnerships, OEMs, or service provider ecosystems
Experience designing operational processes, customer onboarding flows, service models, or scaled deployment playbooks
Zero-to-one product or program experience at an early-stage or scaling startup
Direct experience in autonomous trucking, freight tech, or AV commercialization (vs. adjacent physical-AI domains)
Track record of owning end-to-end outcomes, not just deliverables (e.g., business unit, product line, or service area ownership).
Nice to have
Experience working with internal or outsourced operations teams
Experience standing up or scaling a Command Center, NOC, fleet operations function, or similar 24/7 operating environment
MBA
",CA,"San Francisco, CA",https://jobs.lever.co/waabi/0e086966-2763-41a2-82f5-563be404b608,"1778881056412",hybrid,2026-08-31 20:56:55.376 +0700,17
lever,Zoox,"Staff Technical Program Manager, Powertrain & Thermal","As a Staff Technical Program Manager for Powertrain and Thermal, you will serve as the Program Lead for our Powertrain & Thermal team. You will provide the overarching technical direction and leadership required to guide the vehicle program from concept through production across Powertrain and Thermal domains.
 
In this position, you will bridge the gap between high-level program milestones and deep technical execution. You are responsible for balancing performance attributes, cost, quality, and manufacturability while coordinating engineering execution across our internal team and external partners.
",US,"Foster City, CA",https://jobs.lever.co/zoox/96faea2e-c539-4d63-89a5-f534b807ab09,"1783621492730",onsite,2026-08-31 20:56:55.376 +0700,18
lever,Zoox,Machine Learning Engineer - 3D Sensor Simulation,"",US,"Foster City, CA",https://jobs.lever.co/zoox/55e51bf3-68ee-40d4-a1c5-5196e0e2d100,"1740611793291",hybrid,2026-08-31 20:56:55.376 +0700,19
lever,Zoox,Senior Machine Learning  Engineer - Perception 3D Segmentation,"The Perception team at Zoox is responsible for the robot’s understanding of the world, fusing data from Lidar, Radar, and Cameras to create a unified representation of the environment. In this role, you will contribute to the development of our next-generation 3D occupancy and segmentation networks. You will architect and optimize high-performance deep learning models that generate dense, temporally consistent voxel representations of the driving environment. This work is critical for enabling our vehicle to navigate complex urban scenarios, handle rare obstacles, and drive safely in tight spaces by providing precise geometry and motion estimates to downstream planners.
",US,"Foster City, CA",https://jobs.lever.co/zoox/240ae92f-51ec-4d32-a0a4-3d4669508e3d,"1784306465164",hybrid,2026-08-31 20:56:55.376 +0700,20
lever,Zoox,"Team Lead, Ground Operations (3rd Shift)","As the Team Lead for Ground Operations (3rd Shift), you will drive operational excellence by leading overnight fleet maintenance, rework, and mission readiness activities. Service efficiency and comprehensive fleet preparedness are key drivers of our success, making this role critical to ensuring that vehicle maintenance, reworks, and fleet readiness activities are optimized overnight during low-demand periods. You will be responsible for the holistic readiness of our vehicle fleet, ensuring maximum fleet uptime and vehicle availability for daytime operations.
In this technical leadership role, you will ensure vehicles are configured, maintained, and prepared for service, while shaping a positive workshop and depot culture. You will lead a team of skilled vehicle technicians and readiness and response associates on the overnight shift. By optimizing workflows and taking ownership of mission-critical readiness targets, you will act as a strategic partner to cross-functional teams, translating high-level operational goals into actionable plans for your 3rd-shift crew.
Shift: Sunday - Thursday, 11:30pm - 8am
",US,"Austin, TX",https://jobs.lever.co/zoox/7d73d483-3e32-421a-9397-4430fdb80bdd,"1784576686557",onsite,2026-08-31 20:56:55.376 +0700,21
lever,Zoox,"Technical Program Manager, PMO AI & Product Software (Contract)","The Program Management Office (PMO) at Zoox is at the center of the company's efforts, responsible for driving cross-functional program planning and execution at the highest level. We partner with leaders from every corner of the company—vehicle development, software engineering, manufacturing, and operations—to deliver on the ambitious milestones that pave our path to launching a revolutionary autonomous mobility service.
 
We are excited to launch a new initiative to bring exceptional early-career talent into our PMO team. This is a role for those who have a history of high performance in their academic and project work and are eager to apply their skills to complex, real-world challenges. While we hire for potential and rate of learning, we are looking for individuals who have demonstrated the ability to perform at a high level, regardless of their years of experience.
 
As a Technical Program Manager (6-month contract), you will be given concrete, well-defined projects that will allow you to make a real impact from the start. This role is a unique opportunity to grow into a leader who can run, improve, and expand our program structures. Please note that this is an on-site role and requires working from the office five days per week.
",US,"Foster City, CA",https://jobs.lever.co/zoox/7bf2a9b3-8aa5-4950-b8b8-14306ef1069f,"1769047796726",onsite,2026-08-31 20:56:55.376 +0700,22
lever,Waabi,"Senior Software Engineer, Auto Labelling","Waabi, founded by AI visionary Raquel Urtasun, is the leader in Physical AI. With a world-class team, we're unlocking the next era of autonomous transportation with technology that's powering commercial autonomous trucks and robotaxis. Waabi is backed by and partners with world leaders in AI, automotive, logistics, and deep tech.
 
With offices in Toronto, San Francisco, Dallas, and Pittsburgh, Waabi is growing quickly and looking for diverse, innovative and collaborative candidates who want to impact the world in a positive way. To learn more visit: www.waabi.ai


You will...
- Be part of a team of multidisciplinary Research Scientists and Engineers working on building a cutting-edge offline perception and auto-labelling system leveraging computer vision, and machine learning.
- Manage the end-to-end orchestration of the large-scale auto-labelling training, evaluation and automation eco-system.
- Architect and scale the pipeline to handle large-scale data and user requests using distributed computing frameworks.
- Collaborate with ML researchers and engineers to seamlessly deploy new architectures into the production environment.

Qualifications:
- Bachelors degree with a Computer Science, Robotics and/or similar technical field(s) of study.
- 3+ years of experience developing solutions in ML systems or the ML software stack.
- Deep understanding of ML system architecture, performance analysis, and profiling tools to optimize complex workloads.
- Experience with the end-to-end productionization of deep learning models, particularly large-scale online inference.
- Proficient in Python with a track record of writing high-quality, well-structured, and well-tested ""production-grade"" code.
- Open-minded and collaborative team player with the willingness to help others.
 
Bonus/nice to have:
- Familiarity with 3D data (LIDAR/Point Clouds) and multi-modal sensor fusion perception models.
- Experience working with large Vision-Language Models (VLMs)
",CA,Remote US & Canada,https://jobs.lever.co/waabi/d8a47942-30fd-4e7e-815c-150d2ddd0cc7,"1774892255261",hybrid,2026-08-31 20:56:55.376 +0700,23
lever,Waabi,"Senior / Staff Software Engineer, Localization","Waabi, founded by AI visionary Raquel Urtasun, is the leader in Physical AI. With a world-class team, we're unlocking the next era of autonomous transportation with technology that's powering commercial autonomous trucks and robotaxis. Waabi is backed by and partners with world leaders in AI, automotive, logistics, and deep tech.

With offices in Toronto, San Francisco, Dallas, and Pittsburgh, Waabi is growing quickly and looking for diverse, innovative and collaborative candidates who want to impact the world in a positive way. To learn more visit: www.waabi.ai


The Localization team at Waabi is responsible for answering one of the most critical questions in autonomous driving: exactly where is the vehicle right now?  As a Senior or Staff Software Engineer on the Localization team, you will be a domain expert architecting the highly precise, robust state estimation systems that keep our robotaxis and 80,000lb trucks safely on the road. You will design algorithms that seamlessly fuse data across a complex sensor suite to provide real-time, centimeter-accurate pose estimation, even in degraded or GPS-denied environments. You will collaborate with world-renowned engineers and scientists to merge traditional robotics state estimation with Waabi's AI-first approach. 
 
You will...
- Act as a deep domain expert in state estimation, pushing the boundaries of what is possible in real-time vehicle localization.
- Design, implement, and optimize robust algorithms for multi-sensor fusion leveraging IMU, LiDAR, Radar, Camera, GNSS, wheel encoders, etc.
- Architect and develop mathematical models to be used in factor graph optimization, Kalman filters, etc.
- Develop highly optimized, low-latency Rust code that runs directly on the vehicle's various compute devices in real-time.
- Partner with the Perception and Mapping teams to tightly couple map data and semantic landmarks into the localization pipeline.
- Build rigorous evaluation frameworks to measure localization accuracy, integrity, fault tolerance across millions of miles in Waabi World (our simulation platform) and on physical test tracks.
 
Qualifications:
- BS, MS, or PhD in Robotics, Computer Science, Aerospace/Electrical Engineering, or related field, with a minimum for 5 years of industry experience.
- Deep, rigorous domain expertise in probabilistic robotics, state estimation, and 3D geometry (Gaussian estimation, filtering, smoothing, and mapping). 
- Proven experience building and optimizing online and/or offline Simultaneous Localization and Mapping (SLAM) systems, including deep knowledge of point-cloud registration algorithms (e.g. ICP).
- Extensive hands-on experience processing and fusing data from physical sensors (IMU, LiDAR, Radar, GNSS, etc.).
- Exceptional systems-level programming skills in modern C++ and/or Rust, with a strong understanding of memory management, concurrency, and real-time computing constraints.
- Proficiency in python for data analysis, prototyping, and tooling.
- Strong mathematical foundation in linear algebra, calculus, and probability theory.
- A proven track record of deploying complex state estimation algorithms onto physical robots or autonomous vehicles operating in the real world. 
 
Bonus/nice to have:
- Familiarity with industry-standard optimization libraries (e.g., GTSAM, Ceres Solver, g2o).
- Experience with ""learned localization"" - applying deep learning and AI/ML models to improve traditional state estimation and feature matching.
- Experience with high-speed highway autonomous driving constraints.
",CA,"San Francisco, CA",https://jobs.lever.co/waabi/ca67aa9c-d647-41d5-a45b-38d94304344a,"1775270355342",hybrid,2026-08-31 20:56:55.376 +0700,24
lever,Zoox,"Manager, City Operations","Zoox is developing the first ground-up, fully autonomous robotaxi fleet and the supporting ecosystem required to bring this revolutionary technology to market. At the intersection of robotics, machine learning, and design, Zoox aims to provide the next generation of mobility-as-a-service in urban environments. As a Manager, City Operations, you will be pivotal in bringing our autonomous vehicle service to life in our new markets. This position focuses on managing the day-to-day operations of our L3 test vehicles and robotaxi fleet, ensuring exceptional mission success and service delivery while maintaining the highest safety standards.
",US,"Miami, FL",https://jobs.lever.co/zoox/7177db75-881c-4107-9cb8-291e91a27b58,"1785878599994",onsite,2026-08-31 20:56:55.376 +0700,25
smartrecruiters,Bosch,Technical Support Advisor,"<p><strong>We’re the nation’s favourite heating brand, here to warm up people’s homes, lives, and futures.&#xa0;</strong></p><p><strong>From boilers, hybrids and heat pumps to solar thermal and smart controls, we’re giving&#xa0;our customers plenty of choice. With cutting-edge tech and research, we’re right in the thick of the drive for a better future of home heating.</strong></p><p><strong>It’s not all tools and tech. People are the real heart of our company. We connect with our customers to deliver genuinely helpful support, and we care about our employees and give them enriching careers. We work hard, we work together, and we work with a cause – delivering brilliant customer support and exceptional engineering.&#xa0;</strong></p><p><strong>As an organisation of more than 1,600 employees, we also take our role in the communities we serve seriously. From giving away free heating systems for community spaces, to our charity, education, and volunteer work – we’re no strangers to rolling our sleeves up, getting stuck in, and helping out.&#xa0;</strong></p><p><strong>If that sounds like something you’d like to be a part of, we’d love to meet you.&#xa0;</strong></p><p><strong>Come and work #LikeABosch at Worcester Bosch.</strong></p>
<p>We are excited to offer you the opportunity to join our Technical Support department as a Technical Support Advisor!</p><p>Responsible for providing technical support on a range of heating products to both internal and external customer via telephone, email, live chat and video calling. Aiming to achieve first time resolution to enquiries and dealing with customers in an efficient and professional manner. To record &amp; monitor the nature of enquiries and resolutions on appropriate platforms, pro-actively develop excellent working knowledge of the product range.</p><p>In this role, you will be responsible for:</p><ul><li>&#xa0;Delivery of pre &amp; post sales technical support to external and internal customers through multiple communication channels.</li><li>&#xa0;Perform against a set qualitative and quantitative KPI’s.</li><li>&#xa0;To ensure that advice is delivered `Right First Time’</li><li>&#xa0;Liaise with internal departments to ensure flow of accurate and up to date technical information to appropriately support current, historical, and new products.</li><li>&#xa0;Focus on the needs of the customer to ensure best in class technical support is maintained.</li></ul><p>Interested? Upload your CV today!</p>
<p><strong>Education requirements:</strong></p><p>Must have Level 3 (A Level equivalent) qualification or above. A mechanical; electrical or similar recognised industry related qualification is preferred. Ideally, knowledge of the heating industry in the UK and Ireland should be supported by an appreciation of the fundamental operation of all generic types of boilers and or renewable heating appliances. The position is supported by an extensive training &amp; assessment period prior to undertaking the role with on-going training as new products and skills are introduced or required.</p><p><strong>Skills &amp; Attributes:</strong></p><p>Reliable, flexible and highly motivated, with the ability to network and build relationships quickly. This is a high-profile customer focused role and requires excellent all-round communication and organisational skills. A polite and professional telephone manner is essential as are the skills necessary for confident remote communication with a wide range of customer types. Strong problem-solving ability backed with demonstrable knowledge of mechanical principles and their application - an analytical mindset with the ability to draw inference from data. Experience of working in a busy environment with varying workloads, pressures and deadlines - resilience and tenacity with the ability to work under pressure to a high standard. IT literate with experience using Excel, Power Point and Word.</p>
<p><strong>Deadline for Applications: 04.09.2026&#xa0;</strong><strong>- </strong><em>Please note, we reserve the right to close this vacancy at any time so we encourage candidates to submit their applications as soon as possible.</em></p><p><strong>Expected Start Date: 01.10.2026</strong></p><p><em>Please note that this date is advisory and can be flexible within reason.</em></p><p><strong>Working Hours:&#xa0;</strong>37.5 hours per week, on a rota basis. Working hours will be between 0700 to 1800 Monday to Friday, to cover core hours. In addition, Saturdays are an overtime requirement on a rota basis. New starters are expected to attend training onsite full time during their probation period.</p><p>Working with us comes with the following benefits:</p><ul><li>Hybrid working options available</li><li>25 days annual leave per year plus bank holidays (pro-rata for your first year)</li><li>Eligibility for our Company Performance Bonus (up to £2,000 gross per annum)</li><li>Enhanced pension contributions</li><li>Access to the Perkbox and My Benefits platforms giving access to discounts, group income protection and death in service benefits</li><li>Employee Assistance Programme and Virtual GP</li><li>Discounts on products from across the Bosch Group</li><li>Subsidised onsite café and canteen</li><li>Health &amp; well-being support including: over 200 trained mental health first aid champions</li><li>Access to Bosch Social Club membership offering you and up to 5 friends and family discounts on excursions and events</li><li>Volunteering days</li><li>Policy to support growing families</li><li>Access to self-service training platform containing over 200 Bosch approved programmes</li><li>Networking opportunities across Bosch UK including a mentoring programme</li><li>And more!</li></ul>",DE,"Worcester, England, United Kingdom",https://jobs.smartrecruiters.com/BoschGroup/744000146195988-technical-support-advisor,"2026-08-28T14:02:12.014Z",Full-time,2026-08-31 20:56:55.376 +0700,1
smartrecruiters,Bosch,Şikayet Yönetimi Uzmanı,"<p>Faydalı teknolojilerin sizin fikirlerinizle şekillenmesini ister misiniz? İster mobilite çözümleri, tüketici ürünleri, endüstriyel teknoloji ister enerji ve bina teknolojisi alanlarında olsun; bizimle birlikte dünyanın her yerinde yaşam kalitesini iyileştirme şansına sahip olacaksınız. Bosch'a hoş geldiniz.</p>
<p>Bosch Home Comfort Türkiye Satış Sonrası Hizmetler Departmanımızda, müşteri memnuniyetini ön planda tutan, çözüm odaklı ve güçlü koordinasyon becerilerine sahip bir ekip arkadaşı arıyoruz. Bu rolde, müşteri talep ve şikayet süreçlerinin etkin şekilde yönetilmesini sağlayacak, süreçlerin koordinasyonunu üstlenecek ve müşteri deneyiminin sürekli iyileştirilmesine katkıda bulunacaksınız.</p><ul><li>Müşteri talep, öneri, şikayet ve servis taleplerini farklı iletişim kanalları üzerinden yönetmek.</li><li>Müşteri şikayetlerinin etkin, tutarlı ve zamanında yönetilmesini sağlamak amacıyla süreçlerin koordinasyonunu yürütmek.</li><li>Müşteri sorunlarını analiz ederek kök nedenlerin belirlenmesine ve kalıcı çözümlerin geliştirilmesine katkıda bulunmak.</li><li>Yasal bildirim kapsamına giren müşteri şikayetlerinin zamanında ele alınmasını ve takip süreçlerinin yürütülmesini sağlamak.</li><li>Müşteri taleplerinin zamanında ve etkin şekilde sonuçlandırılmasını sağlayarak yüksek müşteri memnuniyetini desteklemek.</li><li>Müşteri geri bildirimleri ve şikayet trendlerini analiz ederek sürekli iyileştirme çalışmalarına katkıda bulunmak.</li><li>Müşteri etkileşimlerini ve takip süreçlerini şirket sistemlerinde eksiksiz ve doğru şekilde kayıt altına almak.</li><li>Müşteri deneyimini ve hizmet kalitesini geliştirmek amacıyla ilgili paydaşlarla etkin iş birliği içinde çalışmak.</li><li>Süreçlerin şirket prosedürleri, kalite standartları ve ilgili yasal gerekliliklere uygun şekilde yürütülmesini sağlamak.</li></ul>
<ul><li>Üniversitelerin ilgili bölümlerinden lisans mezunu</li><li>Müşteri hizmetleri, müşteri deneyimi veya şikayet yönetimi alanlarında deneyim sahibi</li><li>Güçlü iletişim, koordinasyon ve problem çözme becerilerine sahip</li><li>Müşteri odaklı bakış açısına sahip, çözüm üretmeye istekli</li><li>Takım çalışmasına ve farklı fonksiyonlarla etkin iş birliğine yatkın</li><li>Microsoft Office uygulamalarını etkin şekilde kullanabilen</li><li>İngilizce bilgisi tercih edilir.</li></ul>
",DE,"Manisa, , Turkey",https://jobs.smartrecruiters.com/BoschGroup/744000146440179-sikayet-yonetimi-uzman-,"2026-08-31T10:32:47.700Z",Full-time,2026-08-31 20:56:55.376 +0700,2
smartrecruiters,Bosch,Logisztikai gyakornok,"<p><strong>Do you want beneficial technologies being shaped by your ideas? Whether in the areas of mobility solutions, consumer goods, industrial technology or energy and building technology – with us, you will have the chance to improve quality of life all across the globe.</strong></p>
<ul><li>Daily support in fine distribution activities</li><li>Time window booking, managing returns from customers</li><li>Administrative support in Intrastat reporting</li><li>Daily support in warehouse operational communications</li></ul>
<ul><li>Strong English skills are required</li><li>Logistics experience is a plus.</li><li>Weekly minimum 40 hours.</li><li>At least 1 year of active student status is required.</li></ul>
<p><strong>Get to know our #LikeABosch benefits</strong></p><p>We would like to help you&#xa0;<strong>GROW</strong>, so we offer you:</p><ul><li><strong>Financial security &amp; recognition:&#xa0;</strong>We offer competitive base salary and referral bonus.</li><li><strong>Trainings and professional development:</strong>&#xa0;We believe in a&#xa0;Life-Long Learning&#xa0;approach, so you can take advantage of several technical and soft skill trainings.</li></ul><p><strong>We would like you to ENJOY</strong>&#xa0;the benefits of balancing your life and your work, so we pay attention to:</p><ul><li><strong>Your work life-balance:&#xa0;</strong>You can work from our activity-based&#xa0;<strong>offices</strong>&#xa0;designed for creativity and efficiency&#xa0;<strong>or from home</strong>&#xa0;while enjoying&#xa0;<strong>flexible working hours</strong>.</li><li><strong>Your health and well-being:&#xa0;</strong>We provide free professional consultants for any personal, legal, financial or health related issues.</li><li>We also offer you<strong>&#xa0;several perks and benefits:&#xa0;</strong>You can enjoy our&#xa0;<strong>onsite canteen,</strong>&#xa0;we&#xa0;<strong>support when you work from home</strong>&#xa0;and if you live far, we cover your&#xa0;<strong>commute costs</strong>.</li></ul><p><strong>You could join&#xa0;</strong>an&#xa0;<strong>INSPIRING</strong>&#xa0;community worth to belong:</p><ul><li>We are true to&#xa0;<strong>our values:</strong>&#xa0;We are committed to&#xa0;<strong>sustainability</strong>, we value that everyone is different and that&#xa0;<strong>diversity</strong>&#xa0;makes us truly successful. We also take&#xa0;<strong>social responsibility</strong>&#xa0;seriously and regularly organize charity actions, blood donations and support worthy causes.</li><li>Team building activites and&#xa0;<strong>community events</strong>&#xa0;are also part of our everydays. We like to come together for a good summer party or family day.</li></ul><p>Are you ready to work&#xa0;<strong>#LikeABosch</strong>?</p>",DE,"Budapest, , Hungary",https://jobs.smartrecruiters.com/BoschGroup/744000146454189-logisztikai-gyakornok,"2026-08-31T12:06:12.903Z",Intern,2026-08-31 20:56:55.376 +0700,3
smartrecruiters,Bosch,"2026/03: HW Developer (PS-SB Projects)","<p><strong>Bosch Global Software Technologies Private Limited</strong>&#xa0;is a 100% owned subsidiary of Robert Bosch GmbH, one of the world's leading global supplier of technology and services, offering end-to-end Engineering, IT and Business Solutions. With over 27,000+ associates, it’s the largest software development center of Bosch, outside Germany, indicating that it is the Technology Powerhouse of Bosch in India with a global footprint and presence in the US, Europe and the Asia Pacific region.</p>
<p>HW development activities of embedded control units (12V/24V/48V/400V) used for various components like Sensors, transmission, thermal system, high voltage components. Interact with internal, external stakeholders, understand the HW requirements and propose design solutions with relevant calculations, simulations including worst case analysis .Work on electronic component selections, schematic development. Interact with PCB layout development, sample shop, plants for building the HW and also support to SW teams. Test plan definition, Board level lab measurements, analysis, coordination with validation labs and test report creations. Structured problem solving, HW debugging and failure analysis.Working with Process, Methods, and Tools according to the company requirements</p>
<p>Electronics (BE/ME/MTech)</p>
<p>&gt; 5 yrs</p>",DE,"bengaluru, , India",https://jobs.smartrecruiters.com/BoschGroup/744000146436433-2026-03-hw-developer-ps-sb-projects-,"2026-08-31T10:04:29.036Z",Full-time,2026-08-31 20:56:55.376 +0700,4
smartrecruiters,Bosch,SME - Project Management Office,"<p><strong>Bosch Global Software Technologies Private Limited</strong>&#xa0;is a 100% owned subsidiary of Robert Bosch GmbH, one of the world's leading global supplier of technology and services, offering end-to-end Engineering, IT and Business Solutions. With over 27,000+ associates, it’s the largest software development center of Bosch, outside Germany, indicating that it is the Technology Powerhouse of Bosch in India with a global footprint and presence in the US, Europe and the Asia Pacific region.</p>
<p><strong>Responsibilities:</strong></p><ul><li><p>Working with Project and Quality Management Process and Tools.</p></li><li><p>Interaction with department leaders and project managers to ensure quality adherence.</p></li><li><p>Working with specific datasets and analyze the requirements based on customer needs.</p></li><li><p>Analyzing data and present data through reports.</p></li><li><p>Creation of reports in MS office. Maintenance of reports as per customer needs.</p></li><li><p>Work with users and team members at all levels for performance improvement and suggestions.</p></li></ul>
<p><strong><u>Educational qualification:</u></strong></p><p>Any Graduation</p><p><strong><u>Experience :</u></strong></p><p>3-5 Years experience</p><p><strong>Skills:</strong></p><ul><li><p>Good Overview on Project Management and Quality Related Process.</p></li><li><p>Knowledge on IT PEP process &amp; Quality Audit requirements.</p></li><li><p>Ability to interact with multiple stakeholders.</p></li><li><p>Knowledge on MS Office products.</p></li><li><p>Good communication and Client management skills.</p></li><li><p>Ability to learn and respond quickly to the fast-changing business environment.</p></li><li><p>Self-motivated and eager to learn.</p></li><li><p>Know-How on SAPS4HANA</p></li><li><p>Knowledge on Automotive process library will be an added advantage.</p></li></ul>
",DE,"coimbatore, , India",https://jobs.smartrecruiters.com/BoschGroup/744000146447129-sme-project-management-office,"2026-08-31T11:30:57.938Z",Full-time,2026-08-31 20:56:55.376 +0700,5
smartrecruiters,Bosch,IN_RBIN_Sr.Manager/Deputy General Manager_Power Tools_Key User Management,"<p>In India, Bosch is a leading supplier of technology and services in the areas of Mobility Solutions, Industrial Technology, Consumer Goods, and Energy and Building Technology. Additionally, Bosch has in India the largest development center outside Germany, for end-to-end engineering and technology solutions. The Bosch Group operates in India through twelve companies: Bosch Limited – the flagship company of the Bosch Group in India – Bosch Chassis Systems India Private Limited, Bosch Rexroth (India) Private Limited, Bosch Global Software Technologies, Bosch Automotive Electronics India Private Limited, Bosch Electrical Drives India Private Limited, BSH Home Appliances Private Limited, ETAS Automotive India Private Limited, Robert Bosch Automotive Steering Private Limited, Automobility Services and Solutions Private Limited, Newtech Filter India Private Limited and Mivin Engg.Technologies Private Limited. In India, Bosch set-up its manufacturing operation in 1951, which has grown over the years to include 16 manufacturing sites, and seven development and application centers. The Bosch Group in India employs over 30,500 associates and generated consolidated sales of about Rs. 26,827 crores (3.1 billion euros) in fiscal year 2021-22 of which Rs. 24,406 crores (2.8 billion euros) are from consolidated sales to third parties. Bosch Limited is the flagship company of the Bosch Group. It earned revenue of over Rs. 11,782 crores (1.39 billion euros) in fiscal year 2021-22.<br>
<a href=""http://www.bosch.in"" rel=""noopener noreferrer"" target=""_blank"">www.bosch.in</a></p>
<p>The purpose of the role is to lead sales and business development of Bosch power tools to key users in designated regions, manage sales team and ensure business goals are met.&#xa0;Ensure collaborative working across all BU's, execute the organization initiatives to surpass the business objectives.&#xa0;&#xa0;</p><p><strong>Area :&#xa0;</strong></p><ol><li>Business Development&#xa0;</li><li>Sales</li><li>Complaint handling</li><li>Customer Relationship</li><li>Brand promotions</li><li>Sales Administration</li><li>People management</li></ol><p><strong>Key activities :</strong></p><ol><li><strong>&#xa0;</strong>Develop the key user business by leading team of key user managers and establish direct connect with large users in key segments like metal working, renewable energy and automotive.</li><li>Achieve team target, focus on increasing cordless share, drive industrial tools sales and ensure brilliant execution by engaging closely with user focused channel partners; use digital tools and project level data to effectively manage leads to convert them to sales</li><li>Oversee that the end user complaints are attended with agility, involve the different stake holders to ensure fast resolution</li><li>Maintain relations with end users as well as channel partners and present win-win solutions; promote value added services; senior level connect with large users.</li><li>Organize user engagement activities, increase brand visibility through technical seminars onsite.</li><li>Demand planning and forecasting of SKU's considering the orders expected from large users; check on channel receivables</li><li>Focus on team development, upskilling, increasing competence level through coaching and mentoring; build future capability</li></ol><p><strong>Key Result Areas / Indicators :&#xa0;</strong></p><ol><li>Increase in number of users and % share of business in different segments</li><li>Growth over last year, delta business generation, channel partner growth target achievement, EBIT</li><li>Increased user connect leading to higher trust followed by up selling</li><li>Customer retention and competition conversion</li><li>Increased demand generation</li><li>Faster order execution</li><li>Employee feedback survey score; talent pool nomination</li></ol><p>&#xa0;</p>
<p><strong>Education</strong> :&#xa0; B.E / B.tech.&#xa0;MBA will be an added advantage.</p><p><strong>Experience</strong> : 15-20 years in sales.</p><p><strong>Knowledge :&#xa0;</strong>Level Of Proficiency,&#xa0;Expert</p><p>* Expert in Construction, Metal Fabrication, Energy, Automotive and Assembly line.&#xa0;</p><p>* Competent in technical sales and pro-active, entrepreneurial mindset.</p><p>* Expert in communication across all hierarchy levels.</p><p>* Competent in sales process and systems</p><p><strong>Functional&#xa0;skills :&#xa0;</strong>Level Of Proficiency,&#xa0;Expert</p><p>* Expert in customer centricity, business acumen, channel and people management.</p><p>* Proficient collaboration skills.</p><p>* Proficient technical, commercial, negotiation and analytical skills.</p><p>&#xa0;</p>
<p>Reporting Structure: Need to report to Business Head, KU Business.</p><p>Will have 8-12 direct reports and 5-6 external reports under this role.</p><p>Responsible for the South Zone, Tamilnadu, Kerala, Karnataka,&#xa0;Telangana and Andra Pradesh based out of Bangalore&#xa0;</p>",DE,"Bengaluru, KA, India",https://jobs.smartrecruiters.com/BoschGroup/744000146398549-in-rbin-sr-manager-deputy-general-manager-power-tools-key-user-management,"2026-08-31T06:02:15.473Z",Full-time,2026-08-31 20:56:55.376 +0700,6
smartrecruiters,Bosch,"Internship 2026, Technical Engineering in Machining, Chassis System (AmaP/TEF1.4)","<p>The Bosch group is a global player in the technology and service sector: we achieve annual sales of around 78 billion euros – with a total of over 402,000 associates worldwide. Where we are active: in the four business sectors Mobility Solutions, Industrial Technology, Consumer Goods and Energy and Building Technology. How we operate: with around 440 subsidiaries and regional companies in approximately 60 countries. What drives us: developing solutions for connected living to improve the quality of life for people all over the world – with innovative and exciting products and services. What you can expect from Bosch: the opportunity to be part of something big, and together with us to actively shape the future. As part of a team that sets new trends with meaningful products.</p><p><strong>ROBERT BOSCH AUTOMOTIVE TECHNOLOGIES (THAILAND) CO., LTD.<br>
BOSCH AUTOMOTIVE (THAILAND) CO., LTD.</strong></p><p>A BOI promoted Thai-Japan-German JV in major manufacture of automotive part with Worldwide export. Our located in Amata City, Rayong Province (40 min from Pattaya, 90 mins from Bangkok), is a growing plant with about 1,000 employees. Currently products for the divisions Chassis Control, Powertrain Solutions, Diesel Systems and Electrical Drives are produced there. Also pass-through business is handled for several divisions.</p>
<p>1) Support Improvement machining process std.<br>
2) Support new projects and trial new projects.<br>
3) Support process capability, Machine capability short term for new project.<br>
4) Support new machine installation.<br>
5) Document control.</p>
<p>1) Currently a student in Diploma or Bachelor Degree in &#xa0;Electrical or Mechanical or Mechatronic Engineering.<br>
2) Good knowledge in Microsoft office tools.<br>
3) Good knowledge in Auto CAD, Solid works for mechanical design.<br>
4) Basic communication for English skill.<br>
5) Minimum 4 months of internship period (starting from February 2026)</p>
<p>Your advantages<br>
You get a behind the scenes look into the workings of a global player – at your request outside Thailand. You are directly involved with the team and can gather practical, degree-related experience.</p><p>Working conditions<br>
• &#xa0;Monday to Friday, 8:00 am. – 5:30 pm.<br>
• &#xa0;Monthly allowance and housing allowance<br>
• &#xa0;Free lunch &amp; transportation<br>
• &#xa0;Vacation eligibility: 1 day / month</p><p>Make it happen<br>
Send us your application by using the I'm interested button!</p><p>Please include the following details with your application.<br>
• &#xa0; Expected starting and ending dates of internship program<br>
• &#xa0; Expected longest internship period e.g. 4 months or 5 months&#xa0;<br>
• &#xa0; Deadline to get confirmation from Bosch&#xa0;</p><p><em><strong>*Due to high volume of candidates, only shortlisted candidates will be contacted.</strong></em></p>",DE,"Amata City Rayong Industrial Estate, RAYONG, Thailand",https://jobs.smartrecruiters.com/BoschGroup/744000146427800-internship-2026-technical-engineering-in-machining-chassis-system-amap-tef1-4-,"2026-08-31T09:21:54.036Z",Intern,2026-08-31 20:56:55.376 +0700,7
smartrecruiters,Bosch,Working Student – Transport Planning,"<p>For over a decade, the Bosch Cluj Plant<strong>&#xa0;</strong>has become a strategic hub for innovation and production, making a significant impact on the technological landscape in Romania. Through our constant&#xa0;<strong>commitment to excellence</strong>&#xa0;in quality and innovation, we develop a diverse range of modern products for the mobility industry, focusing on delivering&#xa0;<strong>cutting-edge solutions</strong>&#xa0;to our international customers. Inspired by passion for technology, we have consistently evolved, solidifying our position as the most desired employer in Cluj for the engineering and business candidates. We pay special attention to the development of our community, inspiring future generations and governing our impact on the environment.</p><p>Our promise to our colleagues is rock-solid: we grow together, we enjoy our work, and inspire each other. Join us and see the difference.</p><p><strong>Work LikeABosch</strong></p>
<ul><li>You will be responsible to create reports and charts (Excel, PowerPoint; logistic Claim Management directly with the Customer, 8D reports) and transport request form;</li><li>You will be in charge for transport KPI calculation, data entry &amp; export/analysis collection of deviations and tasks;</li><li>You will be responsible for the operations analysis (profitability, competitive performance, cost analysis, real cost variations versus standard versus forecast, target);</li><li>You will offer support for end-of-month closing activities in the control department;</li><li>You will participate in daily meetings and calls;</li><li>You will be responsible to prepare presentations and reports/organize/ updating /lead meetings in Teams with Bosch colleagues;</li><li>You will have the opportunity to coordinate small projects.</li></ul>
<p><strong>Education:</strong></p><ul><li>Undergraduate Student / Master in&#xa0;<strong>Purchasing, Economics, Mechanical Engineering, Logistics</strong>;</li><li>Excellent computer operating skills: Microsoft Office (<strong>Excel</strong>), SAP;</li><li>Good knowledge of&#xa0;<strong>English</strong>&#xa0;is mandatory.</li></ul><p><strong>Personality</strong>:</p><ul><li>You are&#xa0;<strong>well organized</strong>,&#xa0;<strong>focused</strong>&#xa0;and able to&#xa0;<strong>meet strict deadlines;</strong></li><li>Your mindset is based on&#xa0;<strong>improvement</strong>&#xa0;and&#xa0;<strong>growth</strong>;</li><li>You bring&#xa0;<strong>positive attitude.</strong></li></ul>
<p><strong>LikeABosch Benefits:</strong></p><ul><li><strong>25 days&#xa0;of annual</strong>&#xa0;<strong>leave</strong>&#xa0;–&#xa0;because your work-life balance is essential to us</li><li><strong>Annual performance bonus</strong>&#xa0;<strong>up to two salaries</strong>&#xa0;– we appreciate your contribution to the company’s success</li><li><strong>Annual salary review</strong>&#xa0;–&#xa0;we want you to feel fairly compensated for your hard work and dedication</li><li><strong>Gift tickets worth 300 RON</strong>&#xa0;for Christmas and Easter</li><li><strong>Flexible benefits</strong>&#xa0;– you will benefit from a monthly benefit budget that offers the possibility to customize the benefits package to suit your individual needs and preferences (You can opt for&#xa0;<strong>meal tickets worth 30 RON</strong>&#xa0;for every worked day or you can benefit from&#xa0;<strong>cultural tickets, gift tickets, or vacation vouchers, and discounts</strong>&#xa0;at restaurants, dentistry, shops, and many more)</li><li><strong>Referral bonus</strong>&#xa0;-&#xa0;we encourage you to refer new candidates and you will be rewarded for it</li><li><strong>Relocation package</strong>&#xa0;– we are committed to providing a supportive and inclusive work environment, so if you are recruited from another county, you will receive a special relocation bonus for 2 years which will help you to get settled in Cluj</li><li><strong>Lunch discount</strong>&#xa0;– we have two canteens within our plant where you can eat your lunch at subsidized price</li><li><strong>Flexible working hours</strong>&#xa0;– so that you can balance you work and personal obligations more effectively</li><li><strong>Ability to work from the satellite Bosch location in Cluj-Napoca&#xa0;</strong>when it’s more convenient for you to do so</li><li><strong>Home Office&#xa0;policy&#xa0;</strong>– you will benefit from a hybrid working model which takes into consideration the needs of each department in the plant and offers you the possibility to work from home when it is practical and convenient for you</li><li><strong>Private medical insurance</strong>&#xa0;because health is a priority to us</li><li><strong>Development Trainings</strong>&#xa0;- we have our own team of dedicated trainers that are providing specific trainings for personal and professional growth. In addition to this, we provide local development programs for Project Managers, Line Managers and Experts, external trainings, and assignments opportunities</li><li><strong>Language courses</strong>&#xa0;– if your role demands it, you will have the chance to enhance your language skill set internally</li><li><strong>Inspiring working conditions</strong>&#xa0;–&#xa0;we are committed to providing our employees a positive and fulfilling work experience</li><li><strong>Transportation</strong>&#xa0;- to and from the Bosch Cluj Plant&#xa0;</li></ul><p><strong>Application Process</strong></p><p><em>After you followed all the required steps on our platform, you will receive an e-mail for GDPR compliance.&#xa0;</em></p><p><em>Only those applicants who give their agreement will receive feedback from us.</em></p>",DE,"Cluj, Jucu, , Romania",https://jobs.smartrecruiters.com/BoschGroup/744000146406629-working-student-transport-planning,"2026-08-31T07:12:45.253Z",Full-time,2026-08-31 20:56:55.376 +0700,8
smartrecruiters,Bosch,PreMaster Programm – Full Stack Entwicklung im Bereich Business Excellence,"<p><strong>Möchtest du deine&#xa0;Ideen in nutzbringende und sinnvolle Technologien verwandeln? Ob im Bereich Mobility Solutions, Consumer Goods, Industrial Technology oder Energy and Building Technology – mit uns verbesserst du die Lebensqualität der Menschen auf der ganzen Welt.<br>
Willkommen bei Bosch.</strong></p><p>Die Robert Bosch GmbH freut sich auf deine Bewerbung!</p>
<ul><li>Im Rahmen des PreMaster Programms wirst&#xa0;Du unterschiedliche Aufgaben aus dem Bereich Data Mining und Data Analysis übernehmen</li><li>Du arbeitest mit unserem Business Excellence Team zusammen und unterstützt uns tatkräftig bei der Konzeption und Umsetzung von Use Cases sowie bei der Datenkonsolidierung und Visualisierung</li><li>Zudem analysierst Du Datenbanken von der Datenextraktion über die Datenanalyse bis hin zum Datenmining</li><li>Du verfolgst die Abstimmung und Harmonisierung der entwickelten Lösungen mit Experten aus anderen Regionen</li><li>Als vollwertiges Teammitglied eines internationalen und multikulturellen Umfelds bringst du eigene Ideen ein und übernimmst früh Verantwortung für spannende Projekte</li></ul>
<ul><li><strong>Ausbildung</strong>: überdurchschnittlich abgeschlossenes Hochschulstudium (Bachelor) im Bereich Technik, Ingenieurwesen, Physik, Informatik oder vergleichbar mit der konkreten Absicht,&#xa0;ein Masterstudium aufzunehmen</li><li><strong>Erfahrungen und Know-how</strong>: Erfahrung in Full Stack Entwicklung (Front-End mit Angular, Back-End mit NodeJS oder ähnliches), erste Erfahrung mit NoSQL Datenbanken (z.B. MongoDB), Erfahrung oder Interesse an Python, Typescript,&#xa0;REST APIs, GraphQL, Kubernetes und/oder Docker wünschenswert - idealerweise erste&#xa0;eigene Anwendung</li><li><strong>Qualifikationen</strong>:&#xa0;routinierte Nutzung&#xa0;moderner KI-Technologien und KI-Agenten, um Softwareentwicklung, Testing, Integration und Dokumentation effizienter zu gestalten, du verstehst&#xa0;KI als selbstverständlichen Bestandteil deiner täglichen Arbeit. Wir suchen ambitionierte Software Engineers, die KI gezielt einsetzen, um Probleme schneller zu lösen und einen echten Mehrwert für unsere Organisation zu schaffen</li><li><strong>Persönlichkeit und Arbeitsweise:&#xa0;</strong>verantwortungsbewusst, kommunikativ sowie strukturiert und sorgfältig</li><li><strong>Sprachen</strong>: Deutsch und Englisch&#xa0;sehr gut&#xa0;in Wort und Schrift</li></ul>
<p><strong>In diesem Team sind wir per Du. Werde ein Teil davon und erlebe mit uns einzigartige Bosch-Momente.</strong></p><p>Das Bosch PreMaster Programm ist ein zweistufiges Qualifizierungsprogramm für engagierte Bachelor-Absolvent:innen, die das Ziel haben, ein Masterstudium zu absolvieren. Nach dem Bachelor bietet die erste Phase bis zu 12 Monate praktische Erfahrung, um die fachlichen und unternehmerischen Zusammenhänge kennenzulernen. Die zweite Phase umfasst das Masterstudium und beinhaltet weitere Events und Seminare sowie Betreuung durch persönliches Mentoring auf dem Weg zum erfolgreichen Abschluss.<br>
&#xa0;</p><p><strong>Startdatum: </strong>01.10.2026 oder nach Vereinbarung<br>
Bitte füge deiner Bewerbung einen Lebenslauf, Zeugnisse und falls erforderlich eine gültige Arbeits- und Aufenthaltserlaubnis bei.</p><p>Vielfalt und Inklusion sind für uns keine Trends, sondern fest verankert in unserer Unternehmenskultur. Daher freuen wir uns über alle Bewerbungen - unabhängig von Geschlecht, Alter, Behinderung, Religion, ethnischer Herkunft oder sexueller Identität.</p><p><strong>Du hast fachliche Fragen zum Job?</strong><br>
Paul-Anicet&#xa0;Nguegan&#xa0;<br>
Paul-Anicet.Nguegan@de.bosch.com</p><p><br>
<strong>Du hast Fragen zum Bewerbungsprozess?</strong><br>
Ricarda Auner</p><p>Ricarda.Auner@de.bosch.com</p><p>Work #LikeABosch beginnt hier: Jetzt bewerben!</p>",DE,"Abstatt, BW, Germany",https://jobs.smartrecruiters.com/BoschGroup/744000146400269-premaster-programm-full-stack-entwicklung-im-bereich-business-excellence,"2026-08-31T06:15:35.995Z",Full-time,2026-08-31 20:56:55.376 +0700,9
smartrecruiters,Bosch,BGSW_SAP_EWM_Consultant,"<p><strong>Bosch Global Software Technologies Private Limited</strong>&#xa0;is a 100% owned subsidiary of Robert Bosch GmbH, one of the world's leading global supplier of technology and services, offering end-to-end Engineering, IT and Business Solutions. With over 22,700 associates, it’s the largest software development center of Bosch, outside Germany, indicating that it is the Technology Powerhouse of Bosch in India with a global footprint and presence in the US, Europe and the Asia Pacific region.</p>
<p><strong>Essential Duties and Responsibilities:</strong>Candidate would be an integral part of SAP Application Support team and would be directly responsible for all SAP EWM functional project assignments. Some of the specific task expectations are as given below: -</p><ul><li><p>Perform related duties as assigned by supervisor</p></li><li><p>Maintain compliance with all company policies and procedures</p></li></ul><p><strong>Work Experience:</strong></p><ul><li><p>Must have experience on SAP Rollout and Support projects, especially on EWM Processes flow</p></li><li><p>Good exposure on all standard EWM Process like Inbound, Outbound, Internal and Physical Inventory, Quality management Integration</p></li><li><p>Must have good exposure on Handling Units</p></li><li><p>Must have good exposure on POSC, LOSC, WOCR and PPF</p></li><li><p>Must have good exposure on integration with QM</p></li><li><p>Must have good Knowledge on EWM related Master data</p></li><li><p>Must have good knowledge on Replenishment Process</p></li><li><p>Must have good knowledge on repacking process like single and multi-level Handling unit</p></li><li><p>Ability to work independently and deliver the task in desired time frame</p></li><li><p>Good to have ABAP technical knowledge for performing the Debugging in case of error.</p></li><li><p>Good knowledge on EWM RF Framework</p></li></ul>
<p>B.E or B.Tech</p>
<p>5+ years relevant in SAP EWM</p>",DE,"telengana, , India",https://jobs.smartrecruiters.com/BoschGroup/744000146430778-bgsw-sap-ewm-consultant,"2026-08-31T09:30:00.773Z",Full-time,2026-08-31 20:56:55.376 +0700,10
smartrecruiters,Bosch,PreMaster Programm – Data Engineer im Bereich Business Excellence,"<p><strong>Bei Bosch gestalten wir Zukunft mit hochwertigen Technologien und Dienstleistungen, die Begeisterung wecken und das Leben der Menschen verbessern. Unser Versprechen an unsere Mitarbeiterinnen und Mitarbeiter steht dabei felsenfest: Wir wachsen gemeinsam, haben Freude an unserer Arbeit und inspirieren uns gegenseitig. Willkommen bei Bosch.</strong></p><p>Die Robert Bosch GmbH<em>&#xa0;</em>freut sich auf deine Bewerbung!</p>
<ul><li>Du gestaltest und analysierst moderne Datenpipelines - von der effizienten Extraktion (ETL/ELT) und Strukturierung in Datenbanken bis hin zu Analyse und Data Mining</li><li>Du stimmst Deine technischen Lösungen im Rahmen unserer globalen Zusammenarbeit eng mit internationalen Experten ab und förderst die standortübergreifende Harmonisierung unserer Systeme</li><li>Als vollwertiges Teammitglied eines internationalen und multikulturellen Umfelds bringst du eigene Ideen ein und übernimmst früh Verantwortung für spannende Projekte</li></ul><p>&#xa0;</p>
<ul><li><strong>Ausbildung:</strong> überdurchschnittlich abgeschlossenes Hochschulstudium (Bachelor) im Bereich Technik, Ingenieurwesen, Physik, Informatik oder vergleichbar&#xa0;mit der konkreten Absicht im Anschluss ein Masterstudium aufzunehmen.</li><li><strong>Erfahrungen und Know-how:</strong> erste praktische Erfahrung in der Programmierung mit Python oder TypeScript/Node.js und ein gutes Verständnis für Software Design Prinzipien,&#xa0;erste Erfahrung mit NoSQL Datenbanken (z.B. MongoDB), außerdem Kenntnisse in der Full Stack Entwicklung (Frontend mit Angular) und des Konzepts von REST-APIs oder GraphQL</li><li><strong>Qualifikation:</strong> Profil im Bereich KI-Tooling: KI&#xa0;ist für dich ein praktisches Werkzeug zur Nutzung generativer KI-Workflows im Alltag, zum Schreiben von Code, Erstellung von Tests oder dem Verfassen von Dokumentation</li><li><strong>Persönlichkeit und Arbeitsweise:</strong>&#xa0;verantwortungsbewusst, kommunikativ sowie strukturiert und sorgfältig</li><li><strong>Begeisterung:</strong>&#xa0;Großes Interesse am Einsatz von KI-Agenten zur Beschleunigung von Integrationen, Debugging und Systemdokumentation - du nutzt KI um im täglichen Engineering schneller und effizienter Ergebnisse zu liefern</li><li><strong>Sprachen:</strong> Deutsch und Englisch&#xa0;sehr gut&#xa0;in Wort und Schrift</li></ul>
<p><strong>In diesem Team sind wir per Du. Werde ein Teil davon und erlebe mit uns einzigartige Bosch-Momente.</strong></p><p>Das Bosch <a href=""https://www.bosch.de/karriere/dein-einstieg/absolventinnen-und-absolventen/premaster-program/"" rel=""noopener noreferrer"">PreMaster Programm</a> ist ein zweistufiges Qualifizierungsprogramm für engagierte Bachelor-Absolventinnen und -Absolventen, die das Ziel haben, ein Masterstudium zu absolvieren. Nach dem Bachelor bietet die erste Phase bis zu 12 Monate praktische Erfahrung im Rahmen eines Gap Years, um die fachlichen und unternehmerischen Zusammenhänge kennenzulernen. Die zweite Phase umfasst das Masterstudium und beinhaltet weitere praktische Einblicke im Rahmen studentischer Beschäftigungen sowie persönliches Mentoring auf dem Weg zum erfolgreichen Abschluss.</p><p><strong>Beginn: </strong>ab 01.10.2026 oder nach Absprache</p><p>Vielfalt und Inklusion sind für uns keine Trends, sondern fest verankert in unserer Unternehmenskultur. Daher freuen wir uns über alle Bewerbungen - unabhängig von Geschlecht, Alter, Behinderung, Religion, ethnischer Herkunft oder sexueller Identität.</p><p><strong>Du hast fachliche Fragen zum Job?</strong><br>
Paul-Anicet&#xa0;Nguegan&#xa0;<br>
Paul-Anicet.Nguegan@de.bosch.com</p><p><br>
<strong>Du hast Fragen zum Bewerbungsprozess?</strong><br>
Ricarda Auner</p><p>Ricarda.Auner@de.bosch.com</p><p>Work #LikeABosch beginnt hier: Jetzt bewerben!</p>",DE,"Abstatt, BW, Germany",https://jobs.smartrecruiters.com/BoschGroup/744000146399991-premaster-programm-data-engineer-im-bereich-business-excellence,"2026-08-31T06:16:20.208Z",Full-time,2026-08-31 20:56:55.376 +0700,11
smartrecruiters,Bosch,Teknisk Support – Värmepumpar & System,"<p>Bosch Home Comfort i Tranås utvecklar, tillverkar och säljer avancerade värmepumpar som tar tillvara på energi från naturens resurser – berg, vatten och luft.</p><p>I Tranås hittar du både vår produktionsenhet och vårt kompetens- och utvecklingscenter, där vi ständigt strävar efter att ligga i framkant. Här skapar vi smarta lösningar som förenklar vardagen, bidrar till en grönare framtid och ger våra kunder trygghet och komfort.<br>
Vi tror på teknik som gör skillnad – teknik som är <strong>Invented for life</strong>.</p>
<p><strong>Din möjlighet att bidra till något stort</strong></p><p>Vi erbjuder ett jobb i ett företag som sätter kvalitet, trivsel och personlig utveckling i första rummet. Du får en internationell och mångkulturell arbetsmiljö, bra, engagerade kollegor, gedigen utbildning i ett fantastiskt team där vi hjälper varandra.</p><p>Serviceavdelningen utgör en viktig del i verksamheten som den första kontaktpunkten vid frågor gällande installation, reservdelar och service av våra värmepumpar. Avdelningen utvecklas kontinuerligt och vi behöver förstärka gruppen med en driven och engagerad servicetekniker som vill vara med på vår tillväxtresa. Avdelningen jobbar idag mot den svenska och norska marknaden.</p><p><strong>Dina huvudsakliga ansvarsområden kommer att inkludera:</strong></p><p>Du kommer vara en av teknikerna i teamet på service som stödjer våra installatörer och serviceombud via telefon och mejl. Ett mycket utvecklande arbete där du får en djup insikt i hur våra produkter fungerar och tillfredställelsen att hjälpa andra.</p><p>Som servicetekniker på Bosch Home Comfort har du en viktig roll i att vara den externa länken till våra installatörer och kunder. Den ideala kandidaten kan felsöka våra produkter samt instruera och vägleda våra kunder. Din förmåga att analysera dig fram till att lösa en specifik uppgift i samband med felsökning av anläggningar och produkter är din viktigaste tillgång.</p><p>Om du brinner för att arbeta som servicetekniker med högkvalitativa tekniska produkter och systemlösningar, då är det här möjligheten för dig.</p>
<p><strong>Vad som utmärker dig</strong></p><p><strong>Kvalifikationer: </strong></p><ul><li>Kyltekniskutbildning eller grundläggande värmepumpsförståelse, ellära, kyl - eller VVS kunskaper alternativt flera års praktisk erfarenhet från installation eller service av värmepumpar</li><li>God kommunikationsförmåga på svenska både i tal och skrift</li><li>Teknikintresse med stort kundfokus</li><li>Goda kunskaper inom (Windows, MS Office och affärssystemet SAP)</li></ul><p><strong>Det är en fördel om du har:</strong></p><ul><li>God kommunikationsförmåga på engelska både i tal och skrift</li><li>Tidigare erfarenhet av teknisk support eller liknande</li></ul><p><strong>Personliga kompetenser:</strong></p><p>Vi söker dig som är en flexibel och lösningsorienterad lagspelare med en stark vilja att lära dig nytt. Du har hög social kompetens och trivs lika bra med självständigt arbete som att samarbeta i team.</p><p>Som person är du välorganiserad och har en naturlig förmåga att prioritera, planera och behålla helhetsblicken även under hektiska perioder. Du är initiativrik och tar ett naturligt ansvar för att självständigt driva och slutföra dina uppgifter.</p>
<p><strong>Välkommen till Tranås – hjärtat av Bosch Home Comfort i Sverige</strong></p><p>Tranås, vackert beläget vid den idylliska sjön Sommen och omgiven av skogar och naturreservat, är hem för Bosch Home Comfort i Sverige. Här arbetar över 600 medarbetare inom produktion samt forskning och utveckling av innovativa värmelösningar för en hållbar framtid.</p><p>På Bosch bryr vi oss om dig, vår verksamhet och miljön.<br>
Vi erbjuder mer än bara ett jobb – vi hjälper dig att växa både i din karriär och som person. Balans i livet är viktigt, och vi stöttar dina mål, oavsett om de handlar om nya utmaningar, personlig utveckling eller tid för familj och fritidsintressen.</p><p>Hos oss blir du en del av en arbetsplats som värdesätter individualitet, öppenhet och tillit — där du kan vara dig själv och inspireras av mångfaldiga perspektiv från hela världen.</p><p>Gå med oss i Tranås och var med och forma morgondagens energilösningar — på en arbetsplats där innovation möter livskvalitet.</p><p>Här hittar du inte bara ett jobb — utan en livsstil. #LikeABosch</p><p><strong>Ersättning och förmåner</strong></p><ul><li>Konkurrenskraftig lön, pensionslösningar, sjukförsäkring och andra förmåner enligt kollektivavtal.</li><li>Flexibla arbetstider och möjlighet till hybridarbete (beroende på roll).</li><li>Medarbetarrabatter på Bosch‑produkter.</li></ul>",DE,"Tranås, Jönköpings län, Sweden",https://jobs.smartrecruiters.com/BoschGroup/744000146178974-teknisk-support-varmepumpar-system,"2026-08-28T12:47:30.869Z",Full-time,2026-08-31 20:56:55.376 +0700,12
smartrecruiters,Bosch,"Supply Chain Planner (Source), Mobility Aftermarket Division","<p><strong><em>The Bosch Group is a leading global supplier of technology and services, in the areas of automotive and industrial technology, consumer goods as well as building technology.&#xa0;</em></strong></p><p><em>Bosch established its first representative office in Ho Chi Minh City in 1994. Since 2007, Bosch has expanded its footprint in Vietnam where it has branch offices in Hanoi and Da Nang, as well as a Powertrain Solutions plant in the Dong Nai province to manufacture pushbelts for continuously variable transmissions (CVT) in automobiles. In addition, Bosch operates Bosch Global Software Technologies Vietnam (BGSV) as well as an automotive R&amp;D center for mobility solutions in Ho Chi Minh City. As of December 31 2023, Bosch employed approximately 6,300 associates in Vietnam. Bosch has diversified businesses in Vietnam. Today, all four Bosch business sectors, namely Mobility Solutions, Industrial Technology, Consumer Goods, and Energy and Building Technology have operations in the country. </em><em>Bosch Vietnam is currently active with many business divisions: Mobility Aftermarket, Drive and Control Technology, Power Tools, Building Technology, Two-Wheeler and Powersports and Sales Original Equipment, AquaEasy, Home Appliances and Supply Chain Consulting. </em></p><p><em>Additional information is available online at: </em><a href=""https://www.bosch.com.vn/"" rel=""noopener noreferrer""><em>https://www.bosch.com.vn/</em></a><em>, </em><a href=""https://www.linkedin.com/company/bosch-vietnam"" rel=""noopener noreferrer""><em>https://www.linkedin.com/company/bosch-vietnam</em></a><em> and&#xa0;</em><a href=""https://www.facebook.com/OfficialBoschVietnam"" rel=""noopener noreferrer""><em>https://www.facebook.com/OfficialBoschVietnam</em></a><em>&#xa0;</em></p>
<ul><li>Purchase order execution including supply exceptions management.</li><li>Optimize inventory to meet demands without shortage/overstock.</li><li>Monitor inventory including delivery escalation and bottleneck management.</li><li>Collaborate with Demand Planner to perform demand and supply validation.</li><li>Negotiate with internal/external suppliers for supply-related matters and manage supplier’s delivery performance.</li><li>Analyze, optimize and keep track key planning parameters.</li><li>Perform Master Data reporting tasks related to key parameters tracking.</li><li>Perform document checking processes for correct customs clearance.</li></ul>
<ul><li>Bachelor’s degree with studies related in Supply chain, Logistics, Economics.</li><li>Minimum of 1 year's work experience in supply chain management, logistics operations, transportation or related field.</li><li>Preferably with SAP experience or any related ERP tools.</li><li>Proficient in Microsoft Office. Power BI and other automation tools is a plus.</li><li>Fluent in written and spoken English. Additional language is a plus.&#xa0;</li><li>Knowledge of JP market and customs clearance process is a plus.</li><li>Organized, self-driven, and customer-focused team player.</li><li>Effective communication and interpersonal skills to collaborate across various cross-cultural teams and cross-organizational stakeholders.</li><li>Be open, flexible and enjoy fast-paced environment.&#xa0;</li></ul>
<ul><li>Committed 13th month bonus</li><li>Collaboratively yearly performance bonus</li><li>Meal &amp; Parking allowances</li><li>Premium insurance for employee</li><li>Flexible benefits</li><li>Domestic and international training opportunity</li><li>Career development program with buddy and mentoring program</li><li>Good benefits of company activities, team building and year end party</li><li>Opportunity to work in global projects of fast developing company and being a part of innovation team contributing initiative ideas to the digital transformation era</li></ul><p><strong>Disclaimer:&#xa0;</strong></p><ul><li>Bosch does not charge any fees from candidates for interview participation under any circumstances</li><li>Bosch does not request candidates to download applications or click on any links that require fees or lack credibility</li><li>Bosch does not collect personal information without permission</li><li>Candidates are advised to verify the authenticity of recruitment information by visiting Bosch's official career website (https://careers.smartrecruiters.com/BoschGroup/vietnam) or contacting Bosch directly through official communication channels</li><li>If you encounter any suspicious activity or have doubts about the legitimacy of recruitment communications, please report them immediately to Bosch Vietnam</li></ul>",DE,"District 2, Thu Duc City, Ho Chi Minh, , Vietnam",https://jobs.smartrecruiters.com/BoschGroup/744000146413489-supply-chain-planner-source-mobility-aftermarket-division,"2026-08-31T07:57:38.921Z",Full-time,2026-08-31 20:56:55.376 +0700,13
smartrecruiters,Bosch,Senior Associate - Project Management Office,"<p><strong>Bosch Global Software Technologies Private Limited</strong>&#xa0;is a 100% owned subsidiary of Robert Bosch GmbH, one of the world's leading global supplier of technology and services, offering end-to-end Engineering, IT and Business Solutions. With over 27,000+ associates, it’s the largest software development center of Bosch, outside Germany, indicating that it is the Technology Powerhouse of Bosch in India with a global footprint and presence in the US, Europe and the Asia Pacific region.</p>
<p><strong>Responsibilities:</strong></p><ul><li><p>Working with Project and Quality Management Process and Tools.</p></li><li><p>Interaction with department leaders and project managers to ensure quality adherence.</p></li><li><p>Working with specific datasets and analyze the requirements based on customer needs.</p></li><li><p>Analyzing data and present data through reports.</p></li><li><p>Creation of reports in MS office. Maintenance of reports as per customer needs.</p></li><li><p>Work with users and team members at all levels for performance improvement and suggestions.</p></li></ul>
<p><strong><u>Educational qualification:</u></strong></p><p>&#xa0;</p><p><strong><u>Experience :</u></strong></p><p>Any Graduation with 3-6 years experience</p><p><strong><u>Mandatory/requires Skills :</u></strong></p><ul><li><p>Good Overview on Project Management and Quality Related Process.</p></li><li><p>Knowledge on IT PEP process &amp; Quality Audit requirements.</p></li><li><p>Ability to interact with multiple stakeholders.</p></li><li><p>Knowledge on MS Office products.</p></li><li><p>Good communication and Client management skills.</p></li><li><p>Ability to learn and respond quickly to the fast-changing business environment.</p></li><li><p>Self-motivated and eager to learn.</p></li></ul>
",DE,"coimbatore, , India",https://jobs.smartrecruiters.com/BoschGroup/744000146443418-senior-associate-project-management-office,"2026-08-31T10:59:05.859Z",Full-time,2026-08-31 20:56:55.376 +0700,14
smartrecruiters,Bosch,Automotive Aftermarket Diagnostic Specialist,"<p><strong>Bosch Global Software Technologies Private Limited</strong>&#xa0;is a 100% owned subsidiary of Robert Bosch GmbH, one of the world's leading global supplier of technology and services, offering end-to-end Engineering, IT and Business Solutions. With over 27,000+ associates, it’s the largest software development center of Bosch, outside Germany, indicating that it is the Technology Powerhouse of Bosch in India with a global footprint and presence in the US, Europe and the Asia Pacific region.</p>
<p><strong>Key Responsibilities:</strong></p><p>&#xa0;</p><ul><li>Perform hands-on vehicle service, diagnostics, and troubleshooting in OEM dealerships/workshops</li><li>Develop automotive diagnostic content with minimum 2 years of hands-on experience</li><li>Map ESI standard texts to OEM texts for Automotive Aftersales &amp; Aftermarket diagnostic tester software</li><li>Create requirement specifications for Automotive Aftersales &amp; Aftermarket diagnostic tester software</li><li>Develop end-to-end diagnostic content for all automotive systems including engine management, electric &amp; hybrid systems, brake control, infotainment, ADAS, transmission, HVAC, and airbags</li><li>Analyze vehicle communication bus logs using various analyzers</li><li>Simulate automotive systems using simulator solutions and in conjunction with OE testers</li><li>Design and create workflow or test sequences using IDEs like BDX or Grade-X</li><li>Evaluate OE diagnostic data, derive useful insights, and implement findings in target tester</li><li>Perform on-vehicle validation of implemented diagnostic content and create test reports</li><li>Conduct benchmarking and reverse engineering of aftersales &amp; aftermarket diagnostic testers</li><li>Evaluate coverage of aftermarket tester by performing tests on various vehicle brands and systems across different markets and create test reports</li><li>Review deliverables thoroughly and provide recommendations</li><li>Engage in continuous learning and self-development</li><li>Collaborate closely with software engineering teams and technical experts from global teams</li><li>Travel to workshops and OE dealerships as needed for on-vehicle coverage, tracing, and release testing</li></ul><p>&#xa0;</p><p><strong>Mandatory Qualifications:</strong></p><p>&#xa0;</p><ul><li>Strong vehicle system knowledge, including sub-systems and components</li><li>Proven ability to diagnose and troubleshoot vehicles and make them roadworthy</li><li>Ability to understand OE system descriptions, service &amp; repair manuals</li><li>Ability to independently handle diagnostic testers</li><li>Proficiency with diagnostic testers including VIDA, Xentry, GDS, ADT, SDT-II, DiagBox, HDS, Launch, Autel, G-Scan, and Zenith</li><li>Good knowledge of wiring diagrams and conventions</li><li>Good knowledge of Bosch Aftermarket Diagnostic Tool - ESI [tronic]</li><li>Sound knowledge of CAN, CAN FD, DoIP, UDS, and J1939</li><li>Good knowledge of BDX-Bosch Data Extension</li><li>Experience with analyzer &amp; simulation tools from Vector or Samtec such as HSX and HS+</li><li>Ability to handle various OEM testers</li></ul><p>&#xa0;</p><p><strong>Good to Have:</strong></p><p>&#xa0;</p><ul><li>Knowledge or experience in programming languages</li></ul><p>&#xa0;</p>
<p>B.E/B. Tech, Automotive Engineering</p>
<ul><li><p>3-6 yrs</p></li></ul>",DE,"hosur road bangalore, , India",https://jobs.smartrecruiters.com/BoschGroup/744000146195539-automotive-aftermarket-diagnostic-specialist,"2026-08-28T14:02:33.949Z",Full-time,2026-08-31 20:56:55.376 +0700,15
smartrecruiters,Bosch, 2ª FASE | Pós-Graduação em Compras Globais e Gestão da Cadeia de Abastecimento (f/m/div.),"<p>O Grupo Bosch tem mais de 400 000 colaboradores em todo o mundo, presentes em 60 países, e temos orgulho em ter um impacto na vida das pessoas e em trabalhar para um futuro mais sustentável.</p><p>A Bosch Car Multimedia, S.A. pertence à divisão Automotive Electronics e está focada em fazer dos veículos o nosso terceiro espaço de convivência. Cerca de 3.600 colaboradores estão comprometidos em desenvolver e produzir tecnologia de alta qualidade que promove a mudança na mobilidade em todo o mundo. O sucesso da empresa reside na sua equipa altamente especializada e inovadora e no know-how tecnológico que faz da Bosch o fornecedor líder no mercado automóvel.</p><p>Na Bosch, moldamos o futuro ao criarmos produtos e serviços de alta qualidade que geram entusiasmo e melhoram a vida das pessoas. A promessa que fazemos aos nossos colaboradores é sólida: crescemos juntos, desfrutamos do que fazemos e inspiramo-nos uns aos outros. Junta-te a nós e sente a diferença de mentalidades, culturas, gerações, identidades e perspetivas. Todos devem trazer a sua autenticidade e trabalhar juntos com respeito. A Bosch é um empregador que valoriza a diversidade e a igualdade de oportunidades. Acolhemos candidaturas de pessoas com deficiências e incapacidades, podemos providenciar adaptações razoáveis no decurso do processo de recrutamento e no desempenho da atividade profissional. A inclusão de todos e a garantia de igualdade de oportunidades permite-nos atingir o nosso verdadeiro potencial.</p>
<p><strong>2ª Fase de Candidaturas<br>
1 a 7 de setembro de 2026, para as vagas sobrantes da 1.ª fase.</strong></p><p>-&#xa0;Programa com a duração de&#xa0;<strong>10 meses</strong>&#xa0;(setembro de 2026 a maio de 2027);</p><p>- <strong>2 dias por semana</strong>&#xa0;de formação universitária e&#xa0;<strong>3 dias por semana</strong>&#xa0;de estágio remunerado nas equipas de Compras da Bosch;</p><p><u><strong>Oferecemos</strong>:&#xa0;</u></p><p><strong>- Bolsa de estudo de 7.090 €/ano.</strong></p><p>&#xa0;</p><p><strong><u>Desenvolvimento de competências em:</u></strong></p><p>- Comunicação, tomada de decisão e dinâmica organizacional;</p><p>- Economia global e gestão estratégica;</p><p>- Regulação e compliance;</p><p>- Gestão de fornecedores (Supply Management);</p><p>- Análise financeira e controlo de gestão;</p><p>- Gestão de projetos e risco;</p><p>- Sistemas de gestão para Procurement;</p><p>- Estruturação e análise de dados.</p><p>- Acompanhamento por profissionais experientes e aplicação prática dos conhecimentos adquiridos em contexto empresarial.</p>
<p><strong>O que te diferencia:</strong></p><p>-&#xa0;Estudantes e profissionais com formação ou experiência nas áreas da Gestão, Economia, Engenharia, Logística ou áreas afins;</p><p>- Candidatos que pretendam desenvolver ou aprofundar competências no domínio da gestão de compras, aprovisionamento e cadeia de abastecimento;</p><p>- Estudantes de 2.º ciclo, profissionais em início de carreira, gestores, quadros técnicos e decisores empresariais com responsabilidades ou interesse nestas áreas.</p><p>- Inglês (Obrigatório).</p>
<p><u><strong>Condições de Acesso:&#xa0;</strong></u></p><p>As candidaturas ao curso deverão ser realizadas entre os dias 1 e 7 de setembro de 2026, para as vagas sobrantes da 1.ª fase, seguindo as indicações abaixo:</p><p>1. Submeter a seguinte documentação para o e-mail&#xa0;<a href=""mailto:cpgumbosch@eng.uminho.pt"" rel=""noopener noreferrer"" target=""_blank"">cpgumbosch@eng.uminho.pt</a>&#xa0;:</p><ul><li>Cópia do <strong>certificado de habilitações</strong>, com indicação da média final e discriminação das disciplinas realizadas e respetiva classificação;</li><li><strong>Curriculum vitae </strong>detalhado;</li><li>Cópia do <strong>Cartão de Cidadão;</strong></li><li><strong>Documento que ateste o nível de conhecimento de língua portuguesa</strong>, quando a mesma não seja a língua oficial, no caso de candidatos internacionais;</li><li><strong>Cópia de passaporte ou documento de identificação</strong> legalmente equivalente.</li></ul><p>2. Submeter a candidatura através do link que se encontra abaixo (""Estou Interessado"").&#xa0;</p><p>&#xa0;</p><p><strong>Nota:</strong>&#xa0;A candidatura apenas será considerada <strong><u>válida</u> após a conclusão da submissão em ambos os procedimentos.&#xa0;</strong></p><p>Mais informações, no site da Universidade do Minho em:&#xa0;&#xa0;<a href=""https://www.uminho.pt/PT/ensino/oferta-educativa/Cursos-nao-conferentes-a-grau/_layouts/15/UMinho.PortalUM.UI/Pages/CatalogoCursoDetail.aspx?itemId=6507&amp;catId=17"" rel=""noopener noreferrer"" target=""_blank"">Pós-graduação em Compras Globais e Gestão da Cadeia de Abastecimento</a></p><ol><br>
<li>&#xa0;</li></ol><p><strong>Work #LikeABosch inclui:&#xa0;</strong></p><p>🌐 Partilha de experiências com colegas de todo o mundo</p><p>🧑‍⚕️ Consultório medico (psicologia e clínica geral) &amp; gabinete de serviço social na localização</p><p>📚 Oportunidades de formação (p.e., formação técnica, formação em línguas estrangeiras)&#xa0;</p><p>📈 Desenvolvimento profissional contínuo</p><p>💲 Acesso a grandes descontos em parcerias e produtos Bosch</p><p>🏋️ Atividades desportivas e relacionadas com a saúde</p><p>🚉 Ótimo acesso a transportes públicos</p><p>🚌 Transporte gratuito a partir do Porto</p><p>🅿️ Parque de estacionamento grátis</p><p>🍽️ Cantina</p><p>&#xa0;</p><p><strong>Histórias de sucesso não acontecem por acaso... </strong></p><p><strong>Faz com que aconteçam. </strong><strong>Candidata-te!</strong></p>",DE,"Braga, Braga, Portugal",https://jobs.smartrecruiters.com/BoschGroup/744000146442429--2-fase-pos-graduacao-em-compras-globais-e-gestao-da-cadeia-de-abastecimento-f-m-div-,"2026-08-31T10:51:30.909Z",Full-time,2026-08-31 20:56:55.376 +0700,16
smartrecruiters,Bosch,Werkstudent (m/w/d) im Bereich Werkstattplanung und -organisation ,"<p>Die Robert Bosch Power Tools GmbH setzt mit innovativen Produkten und Serviceangeboten für Handwerk, Industrie - Haus und Garten - weltweit Maßstäbe. Im Servicezentrum Willershausen, in der Nähe von Göttingen gelegen, kümmern wir uns um die vielfältigen Anliegen unserer Kunden und stehen dabei für Schnelligkeit, Zuverlässigkeit und höchste Kundenzufriedenheit.&#xa0;Unser Team MSA2-Wh mit Sitz am Standort Willershausen ist unter anderem verantwortlich für die Erstellung und den weltweiten Rollout von hochwertigen Trainingsmaterialien, die einem globalen Team von Mechanikern die Reparatur von Elektrowerkzeugen erleichtern. Zur Unterstützung unseres Teams suchen wir einen engagierten und kreativen Werkstudenten.</p>
<p>Du bist ein integraler Bestandteil unseres Teams und unterstützt uns meist vor Ort am Standort Willershausen im gesamten Prozess der Erstellung von Trainingsvideos – von der ersten Idee bis zum globalen Rollout.</p><ul><li>Du übernimmst die technische Vorbereitung und Organisation der Videoaufnahmen und sorgst für einen reibungslosen Ablauf.</li><li>Du begleitest unsere Mechaniker aktiv während des Drehs und stellst sicher, dass die wesentlichen Inhalte gut eingefangen werden.</li><li>Du verleihst den Aufnahmen den letzten Schliff: Du schneidest das Material, fügst Intros sowie Untertitel hinzu und erstellst so ein professionelles Endprodukt.</li><li>Du nutzt moderne Software, um die Trainingsinhalte in diverse Sprachen zu übersetzen und koordinierst das Korrekturlesen mit unseren internationalen Kollegen.</li><li>Nach der finalen Freigabe bist Du verantwortlich für den Upload des fertigen Trainingsmaterials in unsere Bosch Tool Academy Plattform.</li></ul>
<ul><li>Studium:&#xa0;Du bist immatrikulierter Student (Universität oder Fachhochschule), idealerweise in einem technischen Bereich.</li><li>Tech-Affinität:&#xa0;Du traust dir den Umgang mit Hard- und Software zur Videoaufnahme und -bearbeitung zu.</li><li>Sprachen:&#xa0;Du kommunizierst sicher in Deutsch und Englisch.</li><li>Soft Skills:&#xa0;Du hast Spaß am Umgang mit unterschiedlichsten Menschen, bist ein echtes Koordinations- und Organisationstalent und arbeitest gerne im Team.</li></ul>
<p><strong>Sie haben Fragen zum Bewerbungsprozess?</strong><br>
Anja Kohlstedt (Personalabteilung)<br>
Tel.: +49(5553) 202 -256</p><p><strong>Sie haben fachliche Fragen zur Tätigkeit?</strong><br>
Malte Meyenberg (Fachabteilung)&#xa0;<br>
+49(152)25706237</p>",DE,"Willershausen, NIEDERSACHSEN, Germany",https://jobs.smartrecruiters.com/BoschGroup/744000146454315-werkstudent-m-w-d-im-bereich-werkstattplanung-und-organisation-,"2026-08-31T12:20:32.259Z",Part-time,2026-08-31 20:56:55.376 +0700,17
smartrecruiters,Bosch,Sales logistics customer advisor (Outsourced) ,"<p>Robert Bosch Egypt is a growing company of the Bosch Group located in Cairo, Egypt. We operate in the business divisions Mobility Aftermarket, Power Tools and Security Systems.</p><p>At Bosch, we shape the future by inventing high-quality technologies and services that spark enthusiasm and enrich people’s lives. Our promise to our associates is rock-solid: we grow together, we enjoy our work, and we inspire each other.</p><p>Join in and feel the difference.</p>
<p>The Customer Supply Chain Consultant serves as the primary point of contact between the company and customers, ensuring efficient order-to-cash operations and a high level of customer service. This role is responsible for managing customer orders, coordinating logistics activities, handling claims and returns, supporting export operations, and collaborating with internal stakeholders to ensure timely deliveries and customer satisfaction.</p><p><strong>Key Responsibilities:</strong></p><ul><li><strong>Order Management:</strong> Process customer orders, monitor order fulfillment, and manage backorders while providing timely updates to customers.</li><li><strong>Customer Support:</strong> Handle customer inquiries related to orders, deliveries, claims, and product availability.</li><li><strong>Logistics Coordination:</strong> Liaise with warehouses, transportation providers, and logistics partners to ensure smooth delivery operations.</li><li><strong>Claims &amp; Returns:</strong> Coordinate and monitor customer claims, returns, and reverse logistics processes.</li><li><strong>Export Support:</strong> Facilitate export documentation and transportation processes for international shipments.</li><li><strong>Reporting &amp; Documentation:</strong> Maintain accurate documentation and prepare reports related to supply chain activities.</li><li><strong>Process Improvement:</strong> Support automation and continuous improvement initiatives within customer and order management processes.</li><li><strong>Cross-Functional Collaboration:</strong> Work closely with Sales, Finance, and Logistics teams to resolve customer issues and enhance service performance.</li></ul>
<ul><li>Bachelor's degree in Business Administration, Logistics, Supply Chain, or a related field.</li><li>Minimum 3 years of experience in Supply Chain, Logistics, or Customer Service within a multinational environment.</li><li>SAP experience is mandatory.</li><li>Good understanding of supply chain and export processes.</li><li>Proficiency in Microsoft Office.</li><li>Fluent English communication skills.</li><li>Strong customer service, communication, analytical, and problem-solving skills.</li><li>Ability to work under pressure and collaborate effectively within a team.</li></ul>
<ul><li>Excellent teamwork and communication skills, with the ability to collaborate effectively across departments and with logistics service providers</li><li>Confident and professional manner when interacting with internal teams and external partners</li><li>Mobility and flexibility to work across different time zones, including weekends as needed</li><li>Willingness and ability to travel during working hours</li><li>Strong cross-cultural communication skills and openness to working with diverse international teams</li><li>Autonomous and able to work independently with minimal supervision</li><li>Responsible, reliable, and self-motivated approach to tasks and deadlines</li></ul>",DE,"Sheraton Al Matar, Cairo Governorate, Egypt",https://jobs.smartrecruiters.com/BoschGroup/744000146343659-sales-logistics-customer-advisor-outsourced-,"2026-08-30T11:36:02.469Z",Full-time,2026-08-31 20:56:55.376 +0700,18
smartrecruiters,Bosch,Abschlussarbeit Entwicklung einer modularen CAD-Modellarchitektur für effiziente Variantenkonstruktion,"<p><strong>Bei Bosch gestalten wir Zukunft mit hochwertigen Technologien und Dienstleistungen, die Begeisterung wecken und das Leben der Menschen verbessern. Unser Versprechen an unsere Mitarbeiterinnen und Mitarbeiter steht dabei felsenfest: Wir wachsen gemeinsam, haben Freude an unserer Arbeit und inspirieren uns gegenseitig. Willkommen bei Bosch.</strong></p><p>Die Robert Bosch GmbH freut sich auf deine Bewerbung!</p>
<ul><li>Im Rahmen deiner Abschlussarbeit analysierst du häufig wiederkehrende Konstruktionsaufgaben und entwickelst modulare, parametrisch steuerbare Feature-Gruppen in Creo. Diese sollen eine effiziente Wiederverwendung sowie flexible Anpassung (Position, Orientierung und spezifische Abmessungen) in verschiedenen Modellen ermöglichen, ohne dabei ungewollte Abhängigkeiten zu schaffen.</li><li>Du erarbeitest Konzepte, mit denen sich diese modularen Elemente optimal in eine übergeordnete Modellarchitektur integrieren lassen, um die Änderbarkeit und Robustheit von Varianten zu maximieren.</li><li>Darüber hinaus erforschst du das Potenzial von Automatisierungstechniken, insbesondere durch den Einsatz von KI-Tools (z.B. Large Language Models), um basierend auf funktionalen Anforderungen intelligente Auswahl- und Positionierungsentscheidungen für modulare Bausteine zu treffen.</li><li>Nicht zuletzt leitest du aus deinen Erkenntnissen Empfehlungen und Best Practices für die Anwendung einer solchen modularen Konstruktionsweise ab.</li></ul>
<ul><li><strong>Ausbildung: </strong>Studium im Bereich<strong> </strong>Maschinenbau, Mechatronik, Fahrzeugtechnik, Industriedesign oder einem vergleichbaren technischen Studiengang mit starkem Bezug zu CAD</li><li><strong>Erfahrungen und Know-how: </strong>sehr gute Kenntnisse in Creo Parametric</li><li><strong>Persönlichkeit und Arbeitsweise: </strong>du kommunizierst gut und gerne, denkst analytisch, gehst strukturiert vor</li><li><strong>Arbeitsalltag: </strong>überwiegend im Büro, aber&#xa0;teilweise mobiles Arbeiten möglich<strong> </strong></li><li><strong>Sprachen: </strong>verhandlungssicheres Deutsch und sehr gutes Englisch</li></ul>
<p><strong>Beginn: </strong>nach Absprache<br>
<strong>Dauer: </strong>6 Monate</p><p>Voraussetzung für die Abschlussarbeit ist die Immatrikulation an einer Hochschule. Bitte füge deiner Bewerbung deinen Lebenslauf, deinen aktuellen Notenspiegel, die Prüfungsordnung sowie ggf. eine gültige Arbeits- und Aufenthaltserlaubnis bei.</p><p>Dein Bachelorabschluss ist so gut wie in der Tasche und bevor du dich in das nächste akademische Abenteuer Master aufmachst, möchtest du erstmal praktische Erfahrungen sammeln? Dann passt du perfekt zu unserem&#xa0;<a href=""https://www.bosch.de/karriere/dein-einstieg/absolventinnen-und-absolventen/premaster-program/"" rel=""noopener noreferrer"">PreMaster Programm</a>. Schau dir&#xa0;<a href=""https://jobs.bosch.com/de/?pages=1&amp;maxDistance=30&amp;distanceUnit=km&amp;country=de&amp;searchTerm=PreMaster"" rel=""noopener noreferrer"">hier</a>&#xa0;direkt unsere offenen Stellen an.</p><p>Vielfalt und Inklusion sind für uns keine Trends, sondern fest verankert in unserer Unternehmenskultur. Daher freuen wir uns über alle Bewerbungen: unabhängig von Geschlecht, Alter, Behinderung, Religion, ethnischer Herkunft oder sexueller Identität.</p><p><strong>Du hast fachliche Fragen zum Job?</strong><br>
Marc Rosenland (Fachabteilung)<br>
+49 151 54309305</p><p>Work #LikeABosch beginnt hier: Jetzt bewerben!</p>",DE,"Schwieberdingen, BW, Germany",https://jobs.smartrecruiters.com/BoschGroup/744000146433339-abschlussarbeit-entwicklung-einer-modularen-cad-modellarchitektur-fur-effiziente-variantenkonstruktion,"2026-08-31T09:43:25.958Z",Full-time,2026-08-31 20:56:55.376 +0700,19
smartrecruiters,Bosch,Lean Manufacturing Coordinator (Bosch Production System) ,"<p><strong>We Are Bosch.</strong></p><p>At Bosch, we shape the future by inventing high-quality technologies and services that spark enthusiasm and enrich people’s lives. Our areas of activity are every bit as diverse as our outstanding Bosch teams around the world. Their creativity is the key to innovation through connected living, mobility, or industry.</p><p>Let’s grow together, enjoy more, and inspire each other.&#xa0;<strong>Work #LikeABosch</strong></p><p><br>
•&#xa0;<strong>Reinvent yourself:</strong>&#xa0;At Bosch, you will evolve.<br>
•&#xa0;<strong>Discover new directions:</strong>&#xa0;At Bosch, you will find your place.<br>
<strong>• Balance your life:</strong>&#xa0;At Bosch, your job matches your lifestyle.<br>
<strong>• Celebrate success</strong>: At Bosch, we celebrate you.<br>
<strong>• Be yourself</strong>: At Bosch, we value values.<br>
<strong>• Shape tomorrow:</strong>&#xa0;At Bosch, you change lives.</p>
<p>The Lean Manufacturing Coordinator is responsible for developing, implementing, and promoting the Bosch Production System. (BPS) The coordinator will drive continuous improvement activities, provide training and coaching to employees, and lead projects to achieve established production, quality, and logistics goals.</p><p><strong>Strategy and implementation: </strong>Develop and drive a Bosch Production System (BPS) implementation strategy for specific departments, supporting the plant's overall continuous improvement (CIP) roadmap.</p><p><strong>Training and coaching: </strong>Conduct training sessions on BPS methodology, problem-solving, and lean tools for operators, team leaders, and supervisors. Act as a coach and expert for all employees, helping them apply BPS principles in their daily work.</p><p><strong>Project leadership: </strong>Lead and facilitate ""speed week"" or Kaizen events and other improvement projects to support value stream targets. Use lean tools like Value Stream Mapping (VSM), Kanban, and Standardized Work to redesign processes and eliminate waste.</p><p><strong>Performance monitoring and assessment: </strong>Periodically review and assess the plant's BPS maturity level and develop action plans for improvement. Create and monitor key performance indicators (KPIs) and track progress toward continuous improvement goals using dashboards.</p><p><strong>Documentation and compliance: </strong>Develop and maintain BPS documentation in line with the Quality Management System. Prepare for internal and external BPS assessments and audits and ensure compliance with Bosch standards.</p><p><strong>Technology and logistics: </strong>Drive and guide Industry 4.0 initiatives to leverage modern technology for process improvement. Support the long-term strategic physical logistics concept and optimize material flow systems</p>
<ul><li>1+&#xa0;years in BPS, lean manufacturing and/or industrial engineering with a manufacturing environment</li><li>Bachelor's degree required with a preference for Engineering focus&#xa0;</li><li>Ability to analyze issues, develop actions plans and apply problem solving techniques such as Six Sigma, Shanin, or 5 whys.</li><li>Excellent verbal and written communication skills for presentations, training, and inter-department collaboration.</li><li>Experience managing projects, supervising teams, prioritizing tasks, and ability to work independently</li><li>Preferred Six Sigma Green Belt, knowledge of automotive industry standards, knowledge of manufacturing quality systems</li></ul><p>Preferred Qualifications</p><ul><li>Thorough knowledge of lean manufacturing principles, such as Value Stream Mapping (flow of materials and information), 5S, Kaizen, Kanban, Standardized Work, and Quick Changeover (SMED).</li><li>Experience with problem-solving methodologies like Six Sigma, Shainin, or 8D.</li><li>Proficiency with data analysis tools such as Power BI.</li><li>Documentation of standardized work charts, work sequencing, cycle time studies and standard in-process stock.</li></ul>
<p><strong>Indefinite U.S. work authorized individuals only.&#xa0; Future sponsorship for work authorization unavailable.</strong></p><p><strong><em>Equal Opportunity Employer, including disability / veterans</em> &#xa0;</strong></p><p><em>*Bosch adheres to Federal, State, and Local laws regarding drug-testing. Employment is contingent upon the successful completion of a drug screen and background check. Candidates who have been offered the position must pass both screenings before their start date.</em>&#xa0;</p><p>Your well-being matters at Bosch! We offer a competitive compensation and a benefits package designed to empower you in every area of your life. This includes premium health coverage, a 401(k) with generous matching, resources for financial planning and goal setting, ample paid time off, parental leave, and comprehensive life and disability protection. We're investing in your success!&#xa0;</p><p>&#xa0;</p>",DE,"Albion, IN, United States",https://jobs.smartrecruiters.com/BoschGroup/744000146208539-lean-manufacturing-coordinator-bosch-production-system-,"2026-08-28T14:56:30.175Z",Full-time,2026-08-31 20:56:55.376 +0700,20
smartrecruiters,Bosch,Gyártástervező mérnök | Line planner,"<p>A Boschnál kiváló minőségű, lelkesedést kiváltó és az emberek életét gazdagabbá tevő technológiák és szolgáltatások kigondolásával formáljuk a jövőt. Sziklaszilárd ígéretet tettünk dolgozóinknak: együtt fejlődünk, élvezzük a munkánkat, és kölcsönösen inspiráljuk egymást. Üdvözlünk a Boschnál.</p><p>Az 1998-ban alapított hatvani telephely a Bosch csoport gépjármű-elektronika részlegének legnagyobb gyártó központja a világon. A vállalat fő profilja a cégcsoport mobilitási megoldások üzletágának jövőbe mutató termékei közül a vezérlő elektronikák, szenzorok, radarok és kamerarendszerek sorozatgyártása. A hatvani stratégiai célja, hogy munkavállalói szakértelmének, valamint csúcstechnológiát képviselő gyártási megoldásainak folyamatos fejlesztésével az automatizált, balesetmentes és környezetbarát autózás jövőjében aktív szerepet vállaljon.</p>
<ul><li>Közvetlen részvétel a sor gyártás előtti előkészítésében</li><li>Gyártósor specifikációja és felülvizsgálata, sorhoz kapcsolódó dokumentációk készítése</li><li>Sorátvétel és sor jóváhagyatás szériagyártásra</li><li>Gyártósori logisztikai folyamatok, alapanyag sori folyamatainak kialakítása és támogatása</li><li>Részvétel a mintagyártásokban, szériatámogatás</li><li>Üzleti tervezés: technikai kapacitás és szükséges eszközök tervezése, műveleti tervek készítése</li><li>Gyártósor bővítésének vagy kapacitáscsökkentésének követése a termelés igénye szerint</li><li>Gyártósor-optimalizálás: hibaköltség-csökkentés, produktivitásnövelés, minőségbiztosítási intézkedések bevezetése</li></ul>
<ul><li>Felsőfokú műszaki végzettség (gépészmérnök szak előny)</li><li>Min. 1-3&#xa0;év munkatapasztalat hasonló munkakörben (autóipari tapasztalat előny)</li><li>Tárgyalóképes angol nyelvtudás</li><li>AutoCad ismerete</li><li>Control Plan, FMEA ismerete</li><li>Aktív layout tervezési tapasztalat</li><li>Innovációs, konstruktív gondolkodás</li><li>Jó problémamegoldó és analitikus készség</li></ul>
<p><strong>Ismerd meg mit jelent a Work #LikeABosch.</strong></p><p><strong>GROW</strong>&#xa0;- Nálunk kibontakozhatsz.</p><ul><li><strong>Anyagi biztonságot &amp; elismerést biztosítunk:&#xa0;</strong>A versenyképes alapbéred évente felülvizsgáljuk, emellett teljesítmény-, hűség-, és ajánlási bónuszt is kínálunk.</li><li><strong>Támogatunk szakmai &amp; karriercéljaid elérésében:&#xa0;</strong>Hiszünk az élethosszon át tartó fejlődésben, így folyamatos tanulási és fejlődési lehetőséget kínálunk a szakmai és személyes karrier céljaid eléréshez egyaránt.</li></ul><p>&#xa0;</p><p><strong>ENJOY</strong>&#xa0;– Velünk teljes életet élhetsz.</p><ul><li><strong>Egyensúlyban tartunk:</strong>&#xa0;Rugalmas munkaidőben dolgozhatsz otthonról vagy modern, kényelmes irodáinkból egyaránt, emellett számos gyermekgondozási lehetőséget.</li><li><strong>Fontos vagy számunkra:&#xa0;</strong>Ingyenesen biztosított egészségügyi, jogi és pénzügyi tanácsadással, szűrővizsgálatokkal, valamint egyéb programokkal és előadásokkal támogatjuk mentális és fizikai egészséged megőrzését.</li><li><strong>Egyéb juttatásaink:&#xa0;</strong>Élvezheted számos munkavállalói kedvezményünk előnyeit, rugalmasan felhasználható, igényeidhez igazított éves cafeteria kereted, melyek mellett támogatjuk a home office-t, a bejárást, valamint telephelyi étkezésed is.</li></ul><p>&#xa0;</p><p><strong>INSPIRE –&#xa0;</strong>Inspiráló vállalati kultúránkhoz Te is büszkén tartozol majd.</p><ul><li><strong>Hűek vagyunk az értékeinkhez:&#xa0;</strong>Dolgozz olyan kultúrában, amely értékeli a sokszínűséget, hisz az átláthatóságban és a fenntarthatóságban. Kapcsolódj be társadalmi felelősség vállalási programjainkba, mint például véradási kampányok és jótékonysági tevékenységek.</li><li><strong>Legnagyobb erősségünk a közösségünk:</strong>&#xa0;Részt vehetsz csapatépítőkön és olyan szórakoztató vállalati eseményeken, mint egy nyári piknik, karácsonyi vásár vagy családi nap, valamint csatlakozhatsz aktív belső közösségeinkhez, ahol további izgalmas programlehetőségek várnak.</li></ul><p>&#xa0;</p><p>Csatlakozz és Work&#xa0;<strong>#LikeABosch</strong>.</p><p>&#xa0;</p><p><strong>Kérlek, az angol nyelvű önéletrajzoddal jelentkezz!</strong></p><p><em>Ha további információra van szükséged, fordulj hozzánk bizalommal a +36 80 18 08 01 telefonszámon. Kollégáink munkanapokon 08:00 és 11:00 óra között segítenek a válaszadásban.</em></p>",DE,"Hatvan, , Hungary",https://jobs.smartrecruiters.com/BoschGroup/744000146181675-gyartastervezo-mernok-line-planner,"2026-08-28T13:00:42.167Z",Full-time,2026-08-31 20:56:55.376 +0700,21
smartrecruiters,Bosch,Working Student - Physical Logistics ,"<p><strong>Discover Bosch in Blaj</strong></p><p>Bosch, a true force for innovation and excellence, stands out as a giant of turning vision into reality. The Bosch location in Blaj has been operating since 2007, being the first production unit opened by the Bosch Group in Romania. The road to excellence was initiated in Blaj in the industrial technology sector, later consolidating in the production of sensors and electronic components for the automotive sector.</p><p>Starting in 2025, the Bosch operations in Blaj are structured under two distinct legal entities:&#xa0;<strong>Bosch Automotive SRL</strong>&#xa0;and&#xa0;<strong>Bosch Rexroth SRL</strong>, each specializing in different technological domains.</p><p>Since 2007 Bosch Rexroth SRL specializes in&#xa0;<strong>industrial technology</strong>, focusing on linear motion systems and hydraulic components. The Rexroth entity in Blaj also operates a&#xa0;<strong>sales division</strong>, providing customized solutions and expert support to industrial customers. The ongoing investment in development and performance reinforces Bosch Rexroth’s role as a vital partner in the global industrial sector.</p><p>Bosch Automotive SRL focuses on the production of&#xa0;<strong>sensors and transmission control components&#xa0;</strong>for the automotive industry, reinforcing Bosch’s commitment to smart, diversified, and sustainable powertrain solutions. The Blaj plant, active in the automotive sector since 2013, plays a vital role in developing cutting-edge technologies that support the mobility of the future. Through continuous investment in innovation and quality, Bosch Automotive in Blaj strengthens its position as a key supplier in the global automotive market.</p><p>With a strong focus on innovation, efficiency, and sustainability, Bosch in Blaj continues to grow, offering employees professional development opportunities and fostering a collaborative and inspiring work environment. Whether in&#xa0;<strong>automotive technology</strong>&#xa0;or&#xa0;<strong>industrial technology and automation</strong>, Bosch in Blaj remains a pillar of excellence, shaping the future of mobility and industry.</p><p><strong>WorkLikeABosch</strong>!</p>
<ul><li>Daily Logistics Reports from SAP and Business Warehouse;</li><li>Maintain the views for packaging materials in SAP;</li><li>Support for creation of New Part No in Global DataBase;</li><li>Process confirmation for packaging deliveries from suppliers;</li><li>Tracking of stocks for packaging materials, MAZE, Tools and consumables needed in shopfloor;</li><li>Ordering of consumable materials via my I-Buy Pro;</li><li>Usage of different IT data base application tools for daily activities.</li></ul>
<ul><li>University studies ongoing;</li><li>Good knowledge of Microsoft Office Packages, mainly Excel and Access;</li><li>Other IT tools as: HTML, Microsoft SQL, FOX Pro would be an advantage;&#xa0;</li><li>Programming languages e.g: C++, Java would be an advantage;</li><li>Good level of English language;</li><li>Organized and self motivated.</li></ul>
<p><strong>LikeABosch Benefits:&#xa0;&#xa0;</strong></p><ul><li><strong>Meal Vouchers</strong>&#xa0;– Benefit of meal vouchers to support your daily expenses.</li><li><strong>25 Days of Annual Leave</strong>&#xa0;– Enjoy an extended holiday package to maintain a healthy work-life balance.</li><li><strong>Flexible Work Schedule within Romania</strong>&#xa0;– Balance your working time according to business and personal needs.</li><li><strong>Inspiring Working Conditions –</strong>&#xa0;We are committed to provide our employees a positive and fulfilling work experience.</li><li><strong>Company performance bonus</strong>&#xa0;- Your contribution to our success is rewarded with a company performance bonus.</li><li><strong>Various bonuses - Spring Bonus, Summer Bonus and Christmas Bonus&#xa0;</strong>to enjoy additional financial rewards during these key moments of the year.</li><li><strong>Loyalty bonus</strong>&#xa0;- Your dedication and commitment to Bosch are acknowledged through our loyalty rewards.</li><li><strong>Seniority bonus</strong>&#xa0;– Monthly recognition of your Bosch experience, and as your seniority grows, so do your benefits.</li><li><strong>Childbirth Support –&#xa0;</strong>We celebrate your new family member with financial support for this special moment.</li><li><strong>Referral Bonus</strong>&#xa0;– Recommend a friend to join Bosch, and if they are hired, you receive a bonus as a thank you.</li><li><strong>Language Courses</strong>&#xa0;– A new language is the key to a new world and opens doors . We offer in-company courses to help you grow.</li><li><strong>Medical Services</strong>&#xa0;– Your health comes first. Benefit from free medical consultations and check-ups, including services at our factory premises.</li><li><strong>Sports &amp; Recreational Activities</strong>&#xa0;– Being active fosters great performance therefore we offer discounts for various sports activities.</li><li><strong>Bosch projects that take you out of your comfort zone</strong>&#xa0;- We work on projects from start to finish and we take full responsibility for our products.</li><li><strong>Various internal development programs</strong>&#xa0;– From specialist to project management and leaders we continuously develop.</li><li><strong>Trainings &amp; Certifications –&#xa0;</strong>Grow professionally with access to national and international technical and soft skills training.</li><li><strong>Diversity and multicultural mindset</strong>&#xa0;- Work in a multicultural environment with over 10 nationalities represented, fostering an inclusive and global mindset.</li></ul>",DE,"Blaj, Alba, Romania",https://jobs.smartrecruiters.com/BoschGroup/744000146461779-working-student-physical-logistics-,"2026-08-31T12:37:13.331Z",Full-time,2026-08-31 20:56:55.376 +0700,22
smartrecruiters,Bosch,Kaufmännischer Sachbearbeiter (w/m/div.),"<p><strong>Möchtest du deine Ideen in nutzbringende und sinnvolle Technologien verwandeln? Ob im Bereich Mobility Solutions, Consumer Goods, Industrial Technology oder Energy and Building Technology – mit uns verbesserst du die Lebensqualität der Menschen auf der ganzen Welt. Willkommen bei Bosch.</strong>&#xa0;&#xa0;&#xa0;&#xa0;&#xa0;&#xa0;</p><p>Für unseren kaufmännischen Bereich am Standort Leipzig suchen wir zum nächstmöglichen Zeitpunkt Unterstützung als <strong>Kaufmännischer Sachbearbeiter (w/m/div.)</strong>.</p><p>Die Bosch Service Solutions Leipzig GmbH freut sich auf deine Bewerbung!</p>
<ul><li>Zu deinen Aufgaben zählen die Kontrolle und Pflege unserer Kundendaten in SAP.</li><li>Darüber hinaus überprüfst du den Warenbestand und nimmst eventuelle Bestandsanpassungen vor.</li><li>Die Erstellung von Rechnungen sowie Kundenanschreiben gehört ebenso zu deinem Aufgabenbereich.</li><li>Du kommunizierst sowohl telefonisch als auch schriftlich mit internen und externen Kunden oder Fachabteilungen.</li></ul>
<ul><li><strong>Ausbildung:</strong> kaufmännische Ausbildung wünschenswert</li><li><strong>Know-How:</strong> fundierte Erfahrung im Umgang mit SAP und Excel</li><li><strong>Arbeitsweise:</strong> zuverlässig, kundenorientiert und strukturiert</li><li><strong>Begeisterung:</strong> Freude an der Zusammenarbeit im Team</li><li><strong>Sprachen:</strong> sehr gute Deutschkenntnisse in Wort und Schrift</li></ul>
<ul><li><strong>Zentrumsnähe:</strong> Attraktiver Standort in der Innenstadt</li><li><strong>Verkehrsanbindung:</strong> Gute Anbindung an öffentliche Verkehrsmittel mit vergünstigtem Jobticket</li><li><strong>Sicherheit:</strong> Gute Arbeitsbedingungen mit langfristiger Beschäftigung</li><li><strong>Interne Entwicklungs- und Karrieremöglichkeiten</strong>: Teamleiter-Qualifikation, Talent Pool u.v.m.</li><li><strong>Vielfältige</strong> <strong>Weiterbildungsangebote</strong>: Sprach- und Excelkurse, Softskilltrainings, Kommunikationsseminare u.v.m.</li><li><strong>Betriebliches</strong> <strong>Gesundheitsmanagement</strong>: Grippeschutzimpfung, Gesundheitstage, gemeinsame Sportevents und -kurse</li><li><strong>Angenehme</strong> <strong>Arbeitsatmosphäre</strong>: Obst- und Gemüsetage, kostenfreier Kaffee und Tee</li><li><strong>Gesundheit: </strong>Betriebsarzt und betriebliche Sozialberatung</li><li><strong>Altersvorsorge: </strong>Zuschuss zur betrieblichen Altersvorsorge im Rahmen des Bosch-Pensionsfonds</li><li><strong>Mitarbeiterrabatte</strong>: Bosch-Produkte, Reisebuchungen, Konzerte, Freizeitangebote, Modehäuser, Job-Rad u.v.m.</li><li><strong>Mitarbeiterevents</strong>: Welcome-Day, Sommerffest, Diversity Day u.v.m.&#xa0;</li></ul><p>&#xa0;</p><p>Haben wir dein Interesse geweckt? Dann freuen wir uns auf deine Bewerbung!</p><p><strong>Dein Ansprechpartner bei Fragen zum Bewerbungsprozess:</strong></p><p>Maria Naumann<br>
+49 341 99193-928</p><p>&#xa0;</p>",DE,"Leipzig, SN, Germany",https://jobs.smartrecruiters.com/BoschGroup/744000146460419-kaufmannischer-sachbearbeiter-w-m-div-,"2026-08-31T12:31:26.078Z",Full-time,2026-08-31 20:56:55.376 +0700,23
smartrecruiters,Bosch,RPA Developer_L91,"<p><strong>Bosch Global Software Technologies Private Limited</strong>&#xa0;is a 100% owned subsidiary of Robert Bosch GmbH, one of the world's leading global supplier of technology and services, offering end-to-end Engineering, IT and Business Solutions. With over 28,200+ associates, it’s the largest software development center of Bosch, outside Germany, indicating that it is the Technology Powerhouse of Bosch in India with a global footprint and presence in the US, Europe and the Asia Pacific region.</p>
<p><strong>Key Responsibilities:</strong></p><ul><li><p>4-5 Year experience in Design, develop, test, and deploy end-to-end RPA solutions&#xa0;using UiPath and Microsoft Power Platform.</p></li><li><p>Analyze business processes to identify automation opportunities and recommend scalable solutions.</p></li><li><p>Develop reusable components, workflows, and frameworks for enterprise-wide automation initiatives.</p></li><li><p>Manage and monitor bots using UiPath Orchestrator, ensuring stability, performance, and scalability.</p></li><li><p>Collaborate with business stakeholders to gather requirements and translate them into technical solutions.</p></li><li><p>Ensure proper exception handling, logging, and audit compliance in all automation workflows.</p></li><li><p>Optimize existing automation solutions to improve efficiency and reliability.</p></li><li><p>Support production deployments and troubleshoot issues in a timely manner.</p></li><li><p>Maintain documentation for all automation processes, including technical design and user guides.</p></li><li><p>Contribute to automation governance, standards, and best practices aligned with enterprise IT policies.</p></li></ul><p><strong>Educational Qualifications:</strong></p><p>•Bachelor’s degree in Computer Science, Information Technology, or a related field.<br>
<br>
&#xa0;</p>
<p><strong><u>Educational qualification:&#xa0;</u></strong>Bachelor’s degree in Computer Science, Information Technology, or a related field.</p><p><strong><u>Experience :</u></strong>&#xa0;4-5 Year experience in Design, develop, test, and deploy end-to-end RPA solutions&#xa0;using UiPath and Microsoft Power Platform.</p><p><strong><u>Mandatory/requires Skills :</u></strong>&#xa0;RPA development , UiPath and Power Platform</p>
",DE,"bangalore, , India",https://jobs.smartrecruiters.com/BoschGroup/744000146433416-rpa-developer-l91,"2026-08-31T09:46:16.253Z",Full-time,2026-08-31 20:56:55.376 +0700,24
smartrecruiters,Bosch,Vision folyamatspecialista,"<p>A Boschnál kiváló minőségű, lelkesedést kiváltó és az emberek életét gazdagabbá tevő technológiák és szolgáltatások kigondolásával formáljuk a jövőt. Sziklaszilárd ígéretet tettünk dolgozóinknak: együtt fejlődünk, élvezzük a munkánkat, és kölcsönösen inspiráljuk egymást. Üdvözlünk a Boschnál.</p><p>A Robert Bosch Energy and Body Systems Kft. 2003 nyarán alakult, járműipari alkatrészek és elektromos hajtások gyártásával foglalkozik és mára több mint 2500 munkavállalót foglalkoztat. Cégünk első számú beszállítója számos autó- és eBike gyártónak, és a leggyorsabban fejlődő gyárak egyike a régióban.</p>
<p><strong>A Te feladataid:</strong></p><ul><li>Ipari képfeldolgozó és kamerarendszerek beállítása, optimalizálása és műszaki támogatása</li><li>Lézeres feliratozó berendezések programozása, üzemeltetése és hibakeresése</li><li>Gyártási és minőségügyi problémák elemzése, fejlesztési javaslatok kidolgozása</li><li>Új termékek és gyártási folyamatok technológiai bevezetésének támogatása</li><li>Kapcsolattartás gyártási, minőségügyi és karbantartási területekkel</li><li>Műszaki dokumentációk készítése és karbantartása</li><li>Részvétel automatizálási és hatékonyságnövelő projektekben</li></ul>
<ul><li>Egyetemi tanulmányok (BSc/MSc) az alábbi szakok valamelyikén: Gépészmérnök vagy Villamosmérnök vagy Mechatornikai mérnök</li><li>Erős műszaki affinitás</li><li>Nyílt kommunikáció, idegen nyelv tudás (preferáltan: Angol min. B1 szint)</li><li>Jó problémamegoldó képesség, határozott fellépés és kommunikáció</li><li>Nyitott, csapatjátékos személyiség</li><li>Agilis mentalitás</li></ul>
<p><strong>Ismerd meg mit jelent a Work #LikeABosch.</strong></p><p><strong>GROW</strong>&#xa0;- Nálunk kibontakozhatsz.</p><ul><li><strong>Anyagi biztonságot &amp; elismerést biztosítunk:&#xa0;</strong>A versenyképes alapbéred évente felülvizsgáljuk, emellett teljesítmény-, hűség-, és ajánlási bónuszt is kínálunk.</li><li><strong>Támogatunk szakmai &amp; karriercéljaid elérésében:&#xa0;</strong>Hiszünk az élethosszon át tartó fejlődésben, így folyamatos tanulási és fejlődési lehetőséget kínálunk a szakmai és személyes karrier céljaid eléréshez egyaránt.</li></ul><p><strong>ENJOY</strong>&#xa0;– Velünk teljes életet élhetsz.</p><ul><li><strong>Egyensúlyban tartunk:</strong>&#xa0;Rugalmas munkaidőben dolgozhatsz otthonról vagy modern, kényelmes irodáinkból egyaránt, emellett számos gyermekgondozási lehetőséget is kínálunk.</li><li><strong>Fontos vagy számunkra:&#xa0;</strong>Ingyenesen biztosított egészségügyi, jogi és pénzügyi tanácsadással, szűrővizsgálatokkal, valamint egyéb programokkal és előadásokkal támogatjuk mentális és fizikai egészséged megőrzését.</li><li><strong>Egyéb juttatásaink:&#xa0;</strong>Élvezheted számos munkavállalói kedvezményünk előnyeit, rugalmasan felhasználható, igényeidhez igazított éves cafeteria kereted, melyek mellett támogatjuk a home office-t, a bejárást, valamint telephelyi étkezésed is.</li></ul><p><strong>INSPIRE –&#xa0;</strong>Inspiráló vállalati kultúránkhoz Te is büszkén tartozol majd.</p><ul><li><strong>Hűek vagyunk az értékeinkhez:&#xa0;</strong>Dolgozz olyan kultúrában, amely értékeli a sokszínűséget, hisz az átláthatóságban és a fenntarthatóságban. Kapcsolódj be társadalmi felelősség vállalási programjainkba, mint például véradási kampányok és jótékonysági tevékenységek.</li><li><strong>Legnagyobb erősségünk a közösségünk:</strong>&#xa0;Részt vehetsz csapatépítőkön és olyan szórakoztató vállalati eseményeken, mint például családi nap, valamint csatlakozhatsz aktív belső közösségeinkhez, ahol további izgalmas programlehetőségek várnak.</li></ul><p>Csatlakozz és Work&#xa0;<strong>#LikeABosch</strong>.</p><p><strong>Kérlek, az angol nyelvű önéletrajzoddal jelentkezz!</strong></p><p>Ha további információra van szükséged, fordulj hozzánk bizalommal a +36 80 18 08 01 telefonszámon. Kollégáink munkanapokon 08:00 és 11:00 óra között segítenek a válaszadásban.</p>",DE,"Miskolc, , Hungary",https://jobs.smartrecruiters.com/BoschGroup/744000146182459-vision-folyamatspecialista,"2026-08-28T13:03:57.870Z",Full-time,2026-08-31 20:56:55.376 +0700,25
